cap-shape,cap-surface,cap-color,bruises,odor,gill-attachment,gill-spacing,gill-size,gill-color,stalk-shape,stalk-root,stalk-surface-above-ring,stalk-surface-below-ring,stalk-color-above-ring,stalk-color-below-ring,veil-type,veil-color,ring-number,ring-type,spore-print-color,population,habitat,odor_is_none,odor_is_high_risk,bruises_yes,gill_is_narrow,stalk_root_missing,odor_x_spore,odor_x_bruises,actual,predicted,predicted_proba_poisonous
x,y,g,f,f,f,c,b,p,e,b,k,k,p,n,p,w,o,l,h,y,d,False,True,False,False,False,f__h,f__f,1,1,1.0
x,s,w,f,c,f,c,n,u,e,b,s,s,w,w,p,w,o,p,n,s,d,False,True,False,True,False,c__n,c__f,1,1,1.0
x,f,w,f,n,f,w,b,p,t,e,s,s,w,w,p,w,o,e,n,s,g,True,False,False,False,False,n__n,n__f,0,0,0.00030147723846849563
f,s,e,f,f,f,c,n,b,t,,k,s,w,w,p,w,o,e,w,v,p,False,True,False,True,True,f__w,f__f,1,1,1.0
x,f,y,f,f,f,c,b,g,e,b,k,k,p,n,p,w,o,l,h,y,g,False,True,False,False,False,f__h,f__f,1,1,1.0
f,f,w,t,a,f,w,n,p,t,b,s,s,w,w,p,w,o,p,u,v,d,False,False,True,True,False,a__u,a__t,0,0,0.00030147723846849563
f,y,y,t,a,f,c,b,n,e,r,s,y,w,w,p,w,o,p,k,y,p,False,False,True,False,False,a__k,a__t,0,0,0.00030147723846849563
f,f,n,f,n,f,w,b,k,t,e,f,f,w,w,p,w,o,e,n,s,g,True,False,False,False,False,n__n,n__f,0,0,0.00030147723846849563
f,f,n,t,n,f,c,b,u,t,b,s,s,p,p,p,w,o,p,n,y,d,True,False,True,False,False,n__n,n__t,0,0,0.00030147723846849563
f,s,w,t,p,f,c,n,w,e,e,s,s,w,w,p,w,o,p,k,v,g,False,True,True,True,False,p__k,p__t,1,1,1.0
f,y,y,f,f,f,c,b,g,e,b,k,k,p,n,p,w,o,l,h,y,p,False,True,False,False,False,f__h,f__f,1,1,1.0
f,y,g,f,f,f,c,b,g,e,b,k,k,b,b,p,w,o,l,h,y,g,False,True,False,False,False,f__h,f__f,1,1,1.0
f,y,g,t,n,f,c,b,n,t,b,s,s,w,g,p,w,o,p,k,v,d,True,False,True,False,False,n__k,n__t,0,0,0.00030147723846849563
f,y,e,t,n,f,c,b,n,t,b,s,s,w,g,p,w,o,p,k,y,d,True,False,True,False,False,n__k,n__t,0,0,0.00030147723846849563
x,f,n,t,n,f,c,b,u,t,b,s,s,p,p,p,w,o,p,k,y,d,True,False,True,False,False,n__k,n__t,0,0,0.00030147723846849563
f,s,e,f,y,f,c,n,b,t,,s,s,p,p,p,w,o,e,w,v,p,False,True,False,True,True,y__w,y__f,1,1,1.0
f,y,g,f,f,f,c,b,g,e,b,k,k,p,n,p,w,o,l,h,v,g,False,True,False,False,False,f__h,f__f,1,1,1.0
x,f,g,f,n,f,w,b,g,e,,k,s,w,w,p,w,t,p,w,s,g,True,False,False,False,True,n__w,n__f,0,0,0.00030147723846849563
f,y,g,t,n,f,c,b,n,t,b,s,s,p,g,p,w,o,p,n,v,d,True,False,True,False,False,n__n,n__t,0,0,0.00030147723846849563
f,y,y,f,n,f,w,n,y,e,c,y,y,y,y,p,y,o,e,w,c,l,True,False,False,True,False,n__w,n__f,1,1,1.0
x,f,g,f,f,f,c,b,h,e,b,k,k,p,p,p,w,o,l,h,v,d,False,True,False,False,False,f__h,f__f,1,1,1.0
x,s,n,f,n,f,w,b,n,t,e,s,f,w,w,p,w,o,e,n,a,g,True,False,False,False,False,n__n,n__f,0,0,0.00030147723846849563
f,f,g,f,f,f,c,b,p,e,b,k,k,p,n,p,w,o,l,h,y,g,False,True,False,False,False,f__h,f__f,1,1,1.0
x,f,g,t,n,f,c,b,u,t,b,s,s,g,g,p,w,o,p,n,y,d,True,False,True,False,False,n__n,n__t,0,0,0.00030147723846849563
f,f,y,f,f,f,c,b,g,e,b,k,k,p,p,p,w,o,l,h,y,g,False,True,False,False,False,f__h,f__f,1,1,1.0
x,f,g,t,n,f,c,b,n,t,b,s,s,w,w,p,w,o,p,k,v,d,True,False,True,False,False,n__k,n__t,0,0,0.00030147723846849563
x,y,n,f,f,f,c,n,b,t,,k,s,p,w,p,w,o,e,w,v,l,False,True,False,True,True,f__w,f__f,1,1,1.0
x,y,g,f,f,f,c,b,p,e,b,k,k,b,p,p,w,o,l,h,y,g,False,True,False,False,False,f__h,f__f,1,1,1.0
x,y,e,t,n,f,c,b,u,t,b,s,s,p,w,p,w,o,p,k,v,d,True,False,True,False,False,n__k,n__t,0,0,0.00030147723846849563
f,y,e,f,y,f,c,n,b,t,,s,s,w,p,p,w,o,e,w,v,p,False,True,False,True,True,y__w,y__f,1,1,1.0
f,y,w,t,p,f,c,n,k,e,e,s,s,w,w,p,w,o,p,k,v,g,False,True,True,True,False,p__k,p__t,1,1,1.0
f,y,n,t,p,f,c,n,k,e,e,s,s,w,w,p,w,o,p,n,v,u,False,True,True,True,False,p__n,p__t,1,1,1.0
x,y,n,t,n,f,c,b,n,t,b,s,s,w,w,p,w,o,p,k,y,d,True,False,True,False,False,n__k,n__t,0,0,0.00030147723846849563
f,y,g,f,f,f,c,b,p,e,b,k,k,n,p,p,w,o,l,h,y,g,False,True,False,False,False,f__h,f__f,1,1,1.0
x,f,w,f,n,f,w,b,n,t,e,s,f,w,w,p,w,o,e,k,a,g,True,False,False,False,False,n__k,n__f,0,0,0.00030147723846849563
x,s,w,f,n,f,w,b,p,t,e,f,s,w,w,p,w,o,e,n,a,g,True,False,False,False,False,n__n,n__f,0,0,0.00030147723846849563
b,s,n,f,n,a,c,b,n,e,,s,s,o,o,p,o,o,p,y,v,l,True,False,False,False,True,n__y,n__f,0,0,0.00030147723846849563
x,y,n,f,s,f,c,n,b,t,,k,k,w,p,p,w,o,e,w,v,l,False,True,False,True,True,s__w,s__f,1,1,1.0
b,y,y,t,a,f,c,b,g,e,c,s,s,w,w,p,w,o,p,n,n,m,False,False,True,False,False,a__n,a__t,0,0,0.00030147723846849563
f,s,n,f,y,f,c,n,b,t,,s,s,p,p,p,w,o,e,w,v,p,False,True,False,True,True,y__w,y__f,1,1,1.0
f,s,n,f,n,f,w,b,p,t,e,s,f,w,w,p,w,o,e,k,s,g,True,False,False,False,False,n__k,n__f,0,0,0.00030147723846849563
b,s,w,t,a,f,c,b,g,e,c,s,s,w,w,p,w,o,p,n,n,m,False,False,True,False,False,a__n,a__t,0,0,0.00030147723846849563
f,y,y,f,f,f,c,b,h,e,b,k,k,p,n,p,w,o,l,h,y,g,False,True,False,False,False,f__h,f__f,1,1,1.0
f,s,n,f,n,f,w,b,h,t,e,f,s,w,w,p,w,o,e,k,a,g,True,False,False,False,False,n__k,n__f,0,0,0.00030147723846849563
f,y,e,t,n,f,c,b,p,t,b,s,s,w,g,p,w,o,p,n,y,d,True,False,True,False,False,n__n,n__t,0,0,0.00030147723846849563
b,s,p,t,n,f,c,b,g,e,b,s,s,w,w,p,w,t,p,r,v,m,True,False,True,False,False,n__r,n__t,1,1,1.0
k,s,w,f,n,f,w,b,p,e,,k,s,w,w,p,w,t,p,w,n,g,True,False,False,False,True,n__w,n__f,0,0,0.00030147723846849563
x,y,e,f,s,f,c,n,b,t,,s,s,w,w,p,w,o,e,w,v,l,False,True,False,True,True,s__w,s__f,1,1,1.0
f,s,w,t,l,f,w,n,n,t,b,s,s,w,w,p,w,o,p,u,v,d,False,False,True,True,False,l__u,l__t,0,0,0.00030147723846849563
x,s,n,f,n,a,c,b,o,e,,s,s,o,o,p,o,o,p,n,c,l,True,False,False,False,True,n__n,n__f,0,0,0.00030147723846849563
f,f,g,f,n,f,w,b,h,t,e,f,s,w,w,p,w,o,e,n,s,g,True,False,False,False,False,n__n,n__f,0,0,0.00030147723846849563
x,s,w,t,p,f,c,n,k,e,e,s,s,w,w,p,w,o,p,n,s,g,False,True,True,True,False,p__n,p__t,1,1,1.0
f,y,y,t,a,f,c,b,n,e,r,s,y,w,w,p,w,o,p,n,y,p,False,False,True,False,False,a__n,a__t,0,0,0.00030147723846849563
x,s,n,f,f,f,c,n,b,t,,s,s,w,p,p,w,o,e,w,v,d,False,True,False,True,True,f__w,f__f,1,1,1.0
x,s,e,f,f,f,c,n,b,t,,k,k,w,p,p,w,o,e,w,v,d,False,True,False,True,True,f__w,f__f,1,1,1.0
x,s,n,f,n,a,c,b,y,e,,s,s,o,o,p,o,o,p,o,v,l,True,False,False,False,True,n__o,n__f,0,0,0.00030147723846849563
x,y,g,f,f,f,c,b,p,e,b,k,k,b,p,p,w,o,l,h,v,d,False,True,False,False,False,f__h,f__f,1,1,1.0
f,s,g,f,n,f,w,b,h,t,e,s,s,w,w,p,w,o,e,k,s,g,True,False,False,False,False,n__k,n__f,0,0,0.00030147723846849563
f,y,g,f,f,f,c,b,h,e,b,k,k,n,p,p,w,o,l,h,v,g,False,True,False,False,False,f__h,f__f,1,1,1.0
x,s,e,f,f,f,c,n,b,t,,k,s,p,w,p,w,o,e,w,v,d,False,True,False,True,True,f__w,f__f,1,1,1.0
f,s,n,f,s,f,c,n,b,t,,k,s,p,p,p,w,o,e,w,v,p,False,True,False,True,True,s__w,s__f,1,1,1.0
f,y,y,f,f,f,c,b,p,e,b,k,k,n,p,p,w,o,l,h,v,g,False,True,False,False,False,f__h,f__f,1,1,1.0
x,s,w,t,a,f,c,b,n,e,c,s,s,w,w,p,w,o,p,n,s,m,False,False,True,False,False,a__n,a__t,0,0,0.00030147723846849563
f,y,g,f,f,f,c,b,h,e,b,k,k,b,p,p,w,o,l,h,v,p,False,True,False,False,False,f__h,f__f,1,1,1.0
x,y,y,f,f,f,c,b,p,e,b,k,k,n,n,p,w,o,l,h,v,d,False,True,False,False,False,f__h,f__f,1,1,1.0
x,f,e,t,n,f,c,b,p,t,b,s,s,w,p,p,w,o,p,k,y,d,True,False,True,False,False,n__k,n__t,0,0,0.00030147723846849563
x,f,n,t,n,f,c,b,n,t,b,s,s,w,p,p,w,o,p,n,v,d,True,False,True,False,False,n__n,n__t,0,0,0.00030147723846849563
f,y,g,t,n,f,c,b,p,t,b,s,s,w,w,p,w,o,p,n,y,d,True,False,True,False,False,n__n,n__t,0,0,0.00030147723846849563
x,f,g,t,n,f,c,b,p,t,b,s,s,g,p,p,w,o,p,k,v,d,True,False,True,False,False,n__k,n__t,0,0,0.00030147723846849563
f,f,y,f,f,f,c,b,h,e,b,k,k,n,p,p,w,o,l,h,v,p,False,True,False,False,False,f__h,f__f,1,1,1.0
k,s,n,f,s,f,c,n,b,t,,k,k,w,p,p,w,o,e,w,v,d,False,True,False,True,True,s__w,s__f,1,1,1.0
k,y,n,f,s,f,c,n,b,t,,k,s,p,w,p,w,o,e,w,v,l,False,True,False,True,True,s__w,s__f,1,1,1.0
x,f,g,f,n,f,w,b,g,e,,k,k,w,w,p,w,t,p,w,s,g,True,False,False,False,True,n__w,n__f,0,0,0.00030147723846849563
x,f,g,f,f,f,c,b,p,e,b,k,k,p,n,p,w,o,l,h,y,g,False,True,False,False,False,f__h,f__f,1,1,1.0
x,s,g,f,n,f,w,b,k,t,e,f,s,w,w,p,w,o,e,k,a,g,True,False,False,False,False,n__k,n__f,0,0,0.00030147723846849563
x,y,e,t,n,f,c,b,w,t,b,s,s,w,g,p,w,o,p,n,v,d,True,False,True,False,False,n__n,n__t,0,0,0.00030147723846849563
f,f,w,f,n,f,w,b,p,t,e,f,s,w,w,p,w,o,e,n,a,g,True,False,False,False,False,n__n,n__f,0,0,0.00030147723846849563
f,f,n,f,n,f,c,n,k,e,e,s,s,w,w,p,w,o,p,k,v,u,True,False,False,True,False,n__k,n__f,0,0,0.00030147723846849563
b,f,g,f,n,f,w,b,g,e,,s,s,w,w,p,w,t,p,w,s,g,True,False,False,False,True,n__w,n__f,0,0,0.00030147723846849563
f,y,e,f,y,f,c,n,b,t,,s,s,w,w,p,w,o,e,w,v,d,False,True,False,True,True,y__w,y__f,1,1,1.0
x,f,n,f,n,f,w,b,p,t,e,s,s,w,w,p,w,o,e,n,a,g,True,False,False,False,False,n__n,n__f,0,0,0.00030147723846849563
f,s,n,f,f,f,c,n,b,t,,s,k,p,p,p,w,o,e,w,v,l,False,True,False,True,True,f__w,f__f,1,1,1.0
k,s,g,f,n,f,w,b,g,e,,k,s,w,w,p,w,t,p,w,n,g,True,False,False,False,True,n__w,n__f,0,0,0.00030147723846849563
f,s,w,t,f,f,c,b,p,t,b,f,s,w,w,p,w,o,p,h,s,u,False,True,True,False,False,f__h,f__t,1,1,1.0
x,y,e,f,f,f,c,n,b,t,,s,k,p,w,p,w,o,e,w,v,p,False,True,False,True,True,f__w,f__f,1,1,1.0
b,s,w,t,a,f,c,b,g,e,c,s,s,w,w,p,w,o,p,k,n,m,False,False,True,False,False,a__k,a__t,0,0,0.00030147723846849563
f,s,e,f,f,f,c,n,b,t,,k,s,w,w,p,w,o,e,w,v,d,False,True,False,True,True,f__w,f__f,1,1,1.0
f,y,e,f,y,f,c,n,b,t,,s,s,p,w,p,w,o,e,w,v,d,False,True,False,True,True,y__w,y__f,1,1,1.0
b,y,w,t,a,f,c,b,n,e,c,s,s,w,w,p,w,o,p,n,s,g,False,False,True,False,False,a__n,a__t,0,0,0.00030147723846849563
x,f,g,t,n,f,c,b,w,t,b,s,s,w,p,p,w,o,p,k,v,d,True,False,True,False,False,n__k,n__t,0,0,0.00030147723846849563
x,y,n,t,n,f,c,b,p,t,b,s,s,w,p,p,w,o,p,n,y,d,True,False,True,False,False,n__n,n__t,0,0,0.00030147723846849563
x,s,n,f,y,f,c,n,b,t,,s,k,w,p,p,w,o,e,w,v,l,False,True,False,True,True,y__w,y__f,1,1,1.0
f,y,e,t,n,f,c,b,u,t,b,s,s,p,w,p,w,o,p,k,v,d,True,False,True,False,False,n__k,n__t,0,0,0.00030147723846849563
b,s,b,t,n,f,c,b,g,e,b,s,s,w,w,p,w,t,p,r,v,g,True,False,True,False,False,n__r,n__t,1,1,1.0
x,s,n,f,n,a,c,b,o,e,,s,s,o,o,p,n,o,p,b,c,l,True,False,False,False,True,n__b,n__f,0,0,0.00030147723846849563
x,f,p,f,c,f,w,n,p,e,b,s,s,w,w,p,w,o,p,n,v,d,False,True,False,True,False,c__n,c__f,1,1,1.0
f,y,n,t,n,f,c,b,e,e,,s,s,e,w,p,w,t,e,w,c,w,True,False,True,False,True,n__w,n__t,0,0,0.00030147723846849563
f,y,e,f,s,f,c,n,b,t,,k,k,p,p,p,w,o,e,w,v,p,False,True,False,True,True,s__w,s__f,1,1,1.0
x,y,n,t,n,f,c,b,u,t,b,s,s,g,w,p,w,o,p,k,y,d,True,False,True,False,False,n__k,n__t,0,0,0.00030147723846849563
f,s,b,t,n,f,c,b,g,e,b,s,s,w,w,p,w,t,p,r,v,g,True,False,True,False,False,n__r,n__t,1,1,1.0
f,y,y,f,f,f,c,b,g,e,b,k,k,b,b,p,w,o,l,h,v,g,False,True,False,False,False,f__h,f__f,1,1,1.0
x,s,e,f,s,f,c,n,b,t,,s,k,w,p,p,w,o,e,w,v,p,False,True,False,True,True,s__w,s__f,1,1,1.0
k,s,b,t,n,f,c,b,w,e,,s,s,w,e,p,w,t,e,w,c,w,True,False,True,False,True,n__w,n__t,0,0,0.00030147723846849563
x,s,n,t,p,f,c,n,p,e,e,s,s,w,w,p,w,o,p,k,s,g,False,True,True,True,False,p__k,p__t,1,1,1.0
f,f,w,f,n,f,w,b,p,t,e,f,f,w,w,p,w,o,e,k,a,g,True,False,False,False,False,n__k,n__f,0,0,0.00030147723846849563
f,f,w,f,n,f,w,b,p,t,e,s,f,w,w,p,w,o,e,n,s,g,True,False,False,False,False,n__n,n__f,0,0,0.00030147723846849563
x,y,w,t,l,f,c,b,n,e,c,s,s,w,w,p,w,o,p,k,n,m,False,False,True,False,False,l__k,l__t,0,0,0.00030147723846849563
f,y,g,f,f,f,c,b,p,e,b,k,k,b,n,p,w,o,l,h,y,d,False,True,False,False,False,f__h,f__f,1,1,1.0
x,f,g,f,f,f,c,b,g,e,b,k,k,p,b,p,w,o,l,h,v,p,False,True,False,False,False,f__h,f__f,1,1,1.0
f,s,n,f,f,f,c,n,b,t,,s,s,p,p,p,w,o,e,w,v,p,False,True,False,True,True,f__w,f__f,1,1,1.0
x,y,g,f,f,f,c,b,g,e,b,k,k,b,p,p,w,o,l,h,y,p,False,True,False,False,False,f__h,f__f,1,1,1.0
f,y,e,t,n,f,c,b,w,t,b,s,s,p,w,p,w,o,p,n,v,d,True,False,True,False,False,n__n,n__t,0,0,0.00030147723846849563
x,s,y,t,l,f,w,n,w,t,b,s,s,w,w,p,w,o,p,n,v,d,False,False,True,True,False,l__n,l__t,0,0,0.00030147723846849563
k,y,e,f,s,f,c,n,b,t,,s,s,p,w,p,w,o,e,w,v,d,False,True,False,True,True,s__w,s__f,1,1,1.0
f,y,n,f,f,f,c,n,b,t,,k,s,p,p,p,w,o,e,w,v,d,False,True,False,True,True,f__w,f__f,1,1,1.0
f,f,w,f,n,f,w,b,p,t,e,s,s,w,w,p,w,o,e,n,a,g,True,False,False,False,False,n__n,n__f,0,0,0.00030147723846849563
f,s,g,f,n,f,w,b,h,t,e,f,s,w,w,p,w,o,e,k,a,g,True,False,False,False,False,n__k,n__f,0,0,0.00030147723846849563
f,y,n,f,y,f,c,n,b,t,,k,s,p,p,p,w,o,e,w,v,p,False,True,False,True,True,y__w,y__f,1,1,1.0
x,s,n,f,n,a,c,b,n,e,,s,s,o,o,p,o,o,p,n,v,l,True,False,False,False,True,n__n,n__f,0,0,0.00030147723846849563
x,y,e,f,f,f,c,n,b,t,,s,s,w,p,p,w,o,e,w,v,l,False,True,False,True,True,f__w,f__f,1,1,1.0
x,s,n,f,y,f,c,n,b,t,,k,k,w,w,p,w,o,e,w,v,p,False,True,False,True,True,y__w,y__f,1,1,1.0
x,s,g,t,f,f,c,b,p,t,b,s,s,w,w,p,w,o,p,h,v,g,False,True,True,False,False,f__h,f__t,1,1,1.0
f,s,n,f,n,a,c,b,y,e,,s,s,o,o,p,n,o,p,o,c,l,True,False,False,False,True,n__o,n__f,0,0,0.00030147723846849563
f,s,w,t,p,f,c,n,k,e,e,s,s,w,w,p,w,o,p,k,v,u,False,True,True,True,False,p__k,p__t,1,1,1.0
k,y,e,f,s,f,c,n,b,t,,k,s,p,p,p,w,o,e,w,v,d,False,True,False,True,True,s__w,s__f,1,1,1.0
f,f,e,t,n,f,c,b,u,t,b,s,s,p,w,p,w,o,p,k,v,d,True,False,True,False,False,n__k,n__t,0,0,0.00030147723846849563
x,s,n,f,f,f,c,n,b,t,,k,s,w,p,p,w,o,e,w,v,d,False,True,False,True,True,f__w,f__f,1,1,1.0
f,s,n,f,n,a,c,b,o,e,,s,s,o,o,p,o,o,p,y,c,l,True,False,False,False,True,n__y,n__f,0,0,0.00030147723846849563
x,f,w,f,c,f,c,n,g,e,b,s,s,w,w,p,w,o,p,n,v,d,False,True,False,True,False,c__n,c__f,1,1,1.0
f,s,n,f,f,f,c,n,b,t,,k,k,w,p,p,w,o,e,w,v,d,False,True,False,True,True,f__w,f__f,1,1,1.0
f,s,w,f,n,f,w,b,h,t,e,s,f,w,w,p,w,o,e,n,s,g,True,False,False,False,False,n__n,n__f,0,0,0.00030147723846849563
f,f,g,t,n,f,c,b,n,t,b,s,s,w,p,p,w,o,p,n,v,d,True,False,True,False,False,n__n,n__t,0,0,0.00030147723846849563
k,s,n,f,y,f,c,n,b,t,,k,s,p,w,p,w,o,e,w,v,p,False,True,False,True,True,y__w,y__f,1,1,1.0
f,y,g,f,f,f,c,b,g,e,b,k,k,n,b,p,w,o,l,h,y,p,False,True,False,False,False,f__h,f__f,1,1,1.0
f,s,n,f,s,f,c,n,b,t,,s,s,w,w,p,w,o,e,w,v,p,False,True,False,True,True,s__w,s__f,1,1,1.0
f,f,g,f,f,f,c,b,h,e,b,k,k,n,b,p,w,o,l,h,y,g,False,True,False,False,False,f__h,f__f,1,1,1.0
f,y,n,f,y,f,c,n,b,t,,k,k,p,p,p,w,o,e,w,v,l,False,True,False,True,True,y__w,y__f,1,1,1.0
b,y,y,t,a,f,c,b,g,e,c,s,s,w,w,p,w,o,p,k,s,m,False,False,True,False,False,a__k,a__t,0,0,0.00030147723846849563
f,f,g,t,n,f,c,b,u,t,b,s,s,g,w,p,w,o,p,n,v,d,True,False,True,False,False,n__n,n__t,0,0,0.00030147723846849563
x,s,w,t,p,f,c,n,w,e,e,s,s,w,w,p,w,o,p,k,s,g,False,True,True,True,False,p__k,p__t,1,1,1.0
f,s,w,t,f,f,c,b,h,t,b,f,s,w,w,p,w,o,p,h,s,u,False,True,True,False,False,f__h,f__t,1,1,1.0
k,s,e,f,y,f,c,n,b,t,,k,k,w,p,p,w,o,e,w,v,d,False,True,False,True,True,y__w,y__f,1,1,1.0
x,y,e,t,n,f,c,b,u,t,b,s,s,p,p,p,w,o,p,n,y,d,True,False,True,False,False,n__n,n__t,0,0,0.00030147723846849563
f,f,y,t,l,f,w,n,w,t,b,s,s,w,w,p,w,o,p,u,v,d,False,False,True,True,False,l__u,l__t,0,0,0.00030147723846849563
x,y,e,t,n,f,c,b,w,e,,s,s,w,w,p,w,t,e,w,c,w,True,False,True,False,True,n__w,n__t,0,0,0.00030147723846849563
x,y,y,t,l,f,c,b,k,e,c,s,s,w,w,p,w,o,p,k,n,g,False,False,True,False,False,l__k,l__t,0,0,0.00030147723846849563
f,y,y,f,f,f,c,b,h,e,b,k,k,b,n,p,w,o,l,h,y,p,False,True,False,False,False,f__h,f__f,1,1,1.0
f,f,e,t,n,f,c,b,n,t,b,s,s,p,g,p,w,o,p,k,v,d,True,False,True,False,False,n__k,n__t,0,0,0.00030147723846849563
b,s,w,t,l,f,c,b,n,e,c,s,s,w,w,p,w,o,p,k,s,m,False,False,True,False,False,l__k,l__t,0,0,0.00030147723846849563
k,y,e,f,f,f,c,n,b,t,,k,s,p,w,p,w,o,e,w,v,p,False,True,False,True,True,f__w,f__f,1,1,1.0
b,f,g,f,n,f,w,b,p,e,,k,s,w,w,p,w,t,p,w,n,g,True,False,False,False,True,n__w,n__f,0,0,0.00030147723846849563
x,f,n,t,n,f,c,b,n,t,b,s,s,w,w,p,w,o,p,n,y,d,True,False,True,False,False,n__n,n__t,0,0,0.00030147723846849563
f,y,g,t,n,f,c,b,w,t,b,s,s,g,p,p,w,o,p,k,y,d,True,False,True,False,False,n__k,n__t,0,0,0.00030147723846849563
f,y,r,f,n,f,c,n,u,e,,s,f,w,w,p,w,o,f,h,v,d,True,False,False,True,True,n__h,n__f,0,0,0.00030147723846849563
x,s,n,t,p,f,c,n,k,e,e,s,s,w,w,p,w,o,p,n,v,g,False,True,True,True,False,p__n,p__t,1,1,1.0
f,y,e,t,n,f,c,b,n,t,b,s,s,p,g,p,w,o,p,k,y,d,True,False,True,False,False,n__k,n__t,0,0,0.00030147723846849563
k,f,w,f,n,f,w,b,w,e,,s,k,w,w,p,w,t,p,w,s,g,True,False,False,False,True,n__w,n__f,0,0,0.00030147723846849563
f,f,y,f,f,f,c,b,p,e,b,k,k,n,n,p,w,o,l,h,y,g,False,True,False,False,False,f__h,f__f,1,1,1.0
f,f,g,t,n,f,c,b,p,t,b,s,s,w,p,p,w,o,p,k,v,d,True,False,True,False,False,n__k,n__t,0,0,0.00030147723846849563
x,s,b,t,f,f,c,b,w,t,b,s,f,w,w,p,w,o,p,h,s,u,False,True,True,False,False,f__h,f__t,1,1,1.0
x,y,e,f,f,f,c,n,b,t,,s,k,p,p,p,w,o,e,w,v,l,False,True,False,True,True,f__w,f__f,1,1,1.0
f,s,n,f,n,a,c,b,n,e,,s,s,o,o,p,o,o,p,b,v,l,True,False,False,False,True,n__b,n__f,0,0,0.00030147723846849563
x,s,w,t,a,f,w,n,p,t,b,s,s,w,w,p,w,o,p,u,v,d,False,False,True,True,False,a__u,a__t,0,0,0.00030147723846849563
f,f,y,f,f,f,c,b,g,e,b,k,k,b,b,p,w,o,l,h,v,p,False,True,False,False,False,f__h,f__f,1,1,1.0
x,y,y,f,f,f,c,b,g,e,b,k,k,p,b,p,w,o,l,h,v,p,False,True,False,False,False,f__h,f__f,1,1,1.0
f,f,g,f,n,f,w,b,k,t,e,f,s,w,w,p,w,o,e,k,s,g,True,False,False,False,False,n__k,n__f,0,0,0.00030147723846849563
b,f,w,f,n,f,w,b,g,e,,k,k,w,w,p,w,t,p,w,n,g,True,False,False,False,True,n__w,n__f,0,0,0.00030147723846849563
f,f,g,t,n,f,c,b,p,t,b,s,s,w,w,p,w,o,p,k,y,d,True,False,True,False,False,n__k,n__t,0,0,0.00030147723846849563
x,s,n,f,y,f,c,n,b,t,,s,s,p,p,p,w,o,e,w,v,p,False,True,False,True,True,y__w,y__f,1,1,1.0
x,y,w,t,l,f,c,b,g,e,c,s,s,w,w,p,w,o,p,k,s,m,False,False,True,False,False,l__k,l__t,0,0,0.00030147723846849563
f,s,g,f,n,f,w,b,h,t,e,s,f,w,w,p,w,o,e,n,a,g,True,False,False,False,False,n__n,n__f,0,0,0.00030147723846849563
x,y,g,f,f,f,c,b,p,e,b,k,k,n,b,p,w,o,l,h,v,p,False,True,False,False,False,f__h,f__f,1,1,1.0
f,y,e,t,n,f,c,b,p,t,b,s,s,g,g,p,w,o,p,k,v,d,True,False,True,False,False,n__k,n__t,0,0,0.00030147723846849563
f,y,n,f,y,f,c,n,b,t,,k,k,p,p,p,w,o,e,w,v,d,False,True,False,True,True,y__w,y__f,1,1,1.0
k,s,n,f,s,f,c,n,b,t,,s,k,p,p,p,w,o,e,w,v,l,False,True,False,True,True,s__w,s__f,1,1,1.0
f,y,g,f,f,f,c,b,h,e,b,k,k,n,b,p,w,o,l,h,y,p,False,True,False,False,False,f__h,f__f,1,1,1.0
f,s,n,f,y,f,c,n,b,t,,s,s,w,p,p,w,o,e,w,v,d,False,True,False,True,True,y__w,y__f,1,1,1.0
x,y,e,f,f,f,c,n,b,t,,s,k,p,p,p,w,o,e,w,v,p,False,True,False,True,True,f__w,f__f,1,1,1.0
x,f,e,t,n,f,c,b,u,t,b,s,s,g,p,p,w,o,p,n,y,d,True,False,True,False,False,n__n,n__t,0,0,0.00030147723846849563
x,y,g,t,n,f,c,b,p,t,b,s,s,p,p,p,w,o,p,n,v,d,True,False,True,False,False,n__n,n__t,0,0,0.00030147723846849563
k,y,n,f,s,f,c,n,b,t,,k,s,p,p,p,w,o,e,w,v,p,False,True,False,True,True,s__w,s__f,1,1,1.0
x,y,y,f,f,f,c,b,g,e,b,k,k,b,p,p,w,o,l,h,y,d,False,True,False,False,False,f__h,f__f,1,1,1.0
k,s,w,f,n,f,w,b,g,e,,s,s,w,w,p,w,t,p,w,n,g,True,False,False,False,True,n__w,n__f,0,0,0.00030147723846849563
x,s,e,f,s,f,c,n,b,t,,s,s,p,p,p,w,o,e,w,v,l,False,True,False,True,True,s__w,s__f,1,1,1.0
b,s,w,t,a,f,c,b,w,e,c,s,s,w,w,p,w,o,p,k,s,m,False,False,True,False,False,a__k,a__t,0,0,0.00030147723846849563
f,s,g,t,f,f,c,b,w,t,b,f,f,w,w,p,w,o,p,h,s,u,False,True,True,False,False,f__h,f__t,1,1,1.0
b,s,y,t,a,f,c,b,k,e,c,s,s,w,w,p,w,o,p,n,n,g,False,False,True,False,False,a__n,a__t,0,0,0.00030147723846849563
x,f,n,t,n,f,c,b,u,t,b,s,s,w,g,p,w,o,p,n,y,d,True,False,True,False,False,n__n,n__t,0,0,0.00030147723846849563
f,y,y,t,l,f,c,b,p,e,r,s,y,w,w,p,w,o,p,n,s,p,False,False,True,False,False,l__n,l__t,0,0,0.00030147723846849563
f,y,u,f,n,f,c,n,h,e,,s,f,w,w,p,w,o,f,h,y,d,True,False,False,True,True,n__h,n__f,0,0,0.00030147723846849563
x,y,g,f,f,f,c,b,g,e,b,k,k,b,b,p,w,o,l,h,y,p,False,True,False,False,False,f__h,f__f,1,1,1.0
x,y,n,f,s,f,c,n,b,t,,s,k,p,p,p,w,o,e,w,v,d,False,True,False,True,True,s__w,s__f,1,1,1.0
f,f,n,t,n,f,c,b,w,t,b,s,s,p,g,p,w,o,p,k,v,d,True,False,True,False,False,n__k,n__t,0,0,0.00030147723846849563
x,f,g,t,n,f,c,b,n,t,b,s,s,w,p,p,w,o,p,n,y,d,True,False,True,False,False,n__n,n__t,0,0,0.00030147723846849563
x,y,e,f,f,f,c,n,b,t,,s,s,p,w,p,w,o,e,w,v,p,False,True,False,True,True,f__w,f__f,1,1,1.0
f,y,e,t,n,f,c,b,w,t,b,s,s,w,w,p,w,o,p,k,y,d,True,False,True,False,False,n__k,n__t,0,0,0.00030147723846849563
f,y,y,f,f,f,c,b,p,e,b,k,k,p,n,p,w,o,l,h,y,p,False,True,False,False,False,f__h,f__f,1,1,1.0
k,y,c,f,n,f,w,n,w,e,b,f,s,w,n,p,w,o,e,w,v,l,True,False,False,True,False,n__w,n__f,0,0,0.0
f,y,c,f,n,f,w,n,w,e,b,f,s,w,n,p,w,o,e,w,v,l,True,False,False,True,False,n__w,n__f,0,0,0.0
b,s,w,t,a,f,c,b,n,e,c,s,s,w,w,p,w,o,p,n,n,m,False,False,True,False,False,a__n,a__t,0,0,0.00030147723846849563
f,s,n,f,y,f,c,n,b,t,,k,k,w,w,p,w,o,e,w,v,p,False,True,False,True,True,y__w,y__f,1,1,1.0
f,f,g,f,f,f,c,b,g,e,b,k,k,p,b,p,w,o,l,h,v,d,False,True,False,False,False,f__h,f__f,1,1,1.0
x,s,y,t,a,f,c,b,g,e,c,s,s,w,w,p,w,o,p,n,n,m,False,False,True,False,False,a__n,a__t,0,0,0.00030147723846849563
x,y,g,t,n,f,c,b,u,t,b,s,s,w,g,p,w,o,p,k,y,d,True,False,True,False,False,n__k,n__t,0,0,0.00030147723846849563
x,s,w,f,n,f,w,b,p,t,e,s,s,w,w,p,w,o,e,n,a,g,True,False,False,False,False,n__n,n__f,0,0,0.00030147723846849563
x,f,n,f,n,f,w,b,n,t,e,f,s,w,w,p,w,o,e,n,s,g,True,False,False,False,False,n__n,n__f,0,0,0.00030147723846849563
b,f,g,f,n,f,w,b,w,e,,k,k,w,w,p,w,t,p,w,s,g,True,False,False,False,True,n__w,n__f,0,0,0.00030147723846849563
k,y,e,f,m,a,c,b,y,e,c,k,y,c,c,p,w,n,n,w,c,d,False,True,False,False,False,m__w,m__f,1,1,1.0
x,f,w,f,c,f,c,n,u,e,b,s,s,w,w,p,w,o,p,k,s,d,False,True,False,True,False,c__k,c__f,1,1,1.0
f,y,y,t,a,f,c,b,p,e,r,s,y,w,w,p,w,o,p,k,y,p,False,False,True,False,False,a__k,a__t,0,0,0.00030147723846849563
x,f,g,f,f,f,c,b,g,e,b,k,k,n,n,p,w,o,l,h,v,d,False,True,False,False,False,f__h,f__f,1,1,1.0
x,y,n,f,n,f,w,n,w,e,b,s,f,w,n,p,w,o,e,w,v,l,True,False,False,True,False,n__w,n__f,0,0,0.0
k,y,e,f,f,f,c,n,b,t,,k,s,p,p,p,w,o,e,w,v,d,False,True,False,True,True,f__w,f__f,1,1,1.0
f,f,g,f,f,f,c,b,p,e,b,k,k,b,p,p,w,o,l,h,v,d,False,True,False,False,False,f__h,f__f,1,1,1.0
f,f,n,t,n,f,c,b,n,t,b,s,s,w,p,p,w,o,p,k,y,d,True,False,True,False,False,n__k,n__t,0,0,0.00030147723846849563
f,y,n,t,n,f,c,b,n,t,b,s,s,g,g,p,w,o,p,n,y,d,True,False,True,False,False,n__n,n__t,0,0,0.00030147723846849563
b,y,w,t,n,f,w,n,w,e,b,s,s,w,w,p,w,o,p,w,c,l,True,False,True,True,False,n__w,n__t,1,0,0.00030147723846849563
k,s,e,f,f,f,c,n,b,t,,k,s,w,w,p,w,o,e,w,v,d,False,True,False,True,True,f__w,f__f,1,1,1.0
k,s,n,f,n,a,c,b,n,e,,s,s,o,o,p,n,o,p,b,c,l,True,False,False,False,True,n__b,n__f,0,0,0.00030147723846849563
b,s,n,f,n,a,c,b,o,e,,s,s,o,o,p,o,o,p,n,v,l,True,False,False,False,True,n__n,n__f,0,0,0.00030147723846849563
x,y,g,f,f,f,c,b,h,e,b,k,k,n,p,p,w,o,l,h,y,g,False,True,False,False,False,f__h,f__f,1,1,1.0
f,y,w,t,p,f,c,n,k,e,e,s,s,w,w,p,w,o,p,k,s,g,False,True,True,True,False,p__k,p__t,1,1,1.0
f,f,g,t,n,f,c,b,w,t,b,s,s,p,g,p,w,o,p,k,v,d,True,False,True,False,False,n__k,n__t,0,0,0.00030147723846849563
x,f,g,f,n,f,w,b,k,t,e,s,s,w,w,p,w,o,e,n,a,g,True,False,False,False,False,n__n,n__f,0,0,0.00030147723846849563
x,s,w,t,a,f,w,n,w,t,b,s,s,w,w,p,w,o,p,n,v,d,False,False,True,True,False,a__n,a__t,0,0,0.00030147723846849563
x,f,y,f,f,f,c,b,h,e,b,k,k,b,p,p,w,o,l,h,y,p,False,True,False,False,False,f__h,f__f,1,1,1.0
x,s,n,f,s,f,c,n,b,t,,s,s,p,w,p,w,o,e,w,v,d,False,True,False,True,True,s__w,s__f,1,1,1.0
f,y,g,f,f,f,c,b,g,e,b,k,k,n,n,p,w,o,l,h,v,p,False,True,False,False,False,f__h,f__f,1,1,1.0
x,s,g,t,f,f,c,b,w,t,b,f,s,w,w,p,w,o,p,h,v,u,False,True,True,False,False,f__h,f__t,1,1,1.0
f,y,n,f,n,f,w,n,w,e,b,f,s,w,n,p,w,o,e,w,v,l,True,False,False,True,False,n__w,n__f,0,0,0.0
k,s,n,f,f,f,c,n,b,t,,s,s,p,p,p,w,o,e,w,v,l,False,True,False,True,True,f__w,f__f,1,1,1.0
f,f,e,t,n,f,c,b,p,t,b,s,s,p,g,p,w,o,p,n,y,d,True,False,True,False,False,n__n,n__t,0,0,0.00030147723846849563
k,s,n,f,n,a,c,b,n,e,,s,s,o,o,p,n,o,p,n,v,l,True,False,False,False,True,n__n,n__f,0,0,0.00030147723846849563
x,y,e,t,n,f,c,b,u,t,b,s,s,p,p,p,w,o,p,k,v,d,True,False,True,False,False,n__k,n__t,0,0,0.00030147723846849563
x,s,e,f,y,f,c,n,b,t,,s,s,w,w,p,w,o,e,w,v,l,False,True,False,True,True,y__w,y__f,1,1,1.0
f,y,g,f,f,f,c,b,h,e,b,k,k,b,p,p,w,o,l,h,v,d,False,True,False,False,False,f__h,f__f,1,1,1.0
x,f,n,f,n,f,w,b,h,t,e,s,f,w,w,p,w,o,e,k,a,g,True,False,False,False,False,n__k,n__f,0,0,0.00030147723846849563
b,s,y,t,a,f,c,b,w,e,c,s,s,w,w,p,w,o,p,k,s,m,False,False,True,False,False,a__k,a__t,0,0,0.00030147723846849563
x,y,n,t,n,f,c,b,n,t,b,s,s,g,g,p,w,o,p,k,y,d,True,False,True,False,False,n__k,n__t,0,0,0.00030147723846849563
f,f,n,f,n,f,c,n,g,e,e,s,s,w,w,p,w,o,p,k,y,u,True,False,False,True,False,n__k,n__f,0,0,0.00030147723846849563
x,y,g,f,f,f,c,b,g,e,b,k,k,b,b,p,w,o,l,h,y,d,False,True,False,False,False,f__h,f__f,1,1,1.0
x,s,g,f,n,f,w,b,h,t,e,f,f,w,w,p,w,o,e,n,s,g,True,False,False,False,False,n__n,n__f,0,0,0.00030147723846849563
x,y,e,f,s,f,c,n,b,t,,s,k,w,p,p,w,o,e,w,v,p,False,True,False,True,True,s__w,s__f,1,1,1.0
f,y,g,t,n,f,c,b,p,t,b,s,s,p,g,p,w,o,p,k,v,d,True,False,True,False,False,n__k,n__t,0,0,0.00030147723846849563
x,s,g,f,n,f,w,b,k,t,e,f,s,w,w,p,w,o,e,n,a,g,True,False,False,False,False,n__n,n__f,0,0,0.00030147723846849563
x,f,y,f,f,f,c,b,h,e,b,k,k,b,n,p,w,o,l,h,v,p,False,True,False,False,False,f__h,f__f,1,1,1.0
x,f,y,f,f,f,c,b,p,e,b,k,k,p,n,p,w,o,l,h,v,d,False,True,False,False,False,f__h,f__f,1,1,1.0
x,s,n,f,y,f,c,n,b,t,,k,k,p,w,p,w,o,e,w,v,l,False,True,False,True,True,y__w,y__f,1,1,1.0
x,y,n,t,n,f,c,b,u,t,b,s,s,p,w,p,w,o,p,k,v,d,True,False,True,False,False,n__k,n__t,0,0,0.00030147723846849563
b,s,n,f,n,a,c,b,n,e,,s,s,o,o,p,n,o,p,b,c,l,True,False,False,False,True,n__b,n__f,0,0,0.00030147723846849563
b,s,w,t,l,f,c,b,n,e,c,s,s,w,w,p,w,o,p,n,n,m,False,False,True,False,False,l__n,l__t,0,0,0.00030147723846849563
f,s,w,t,p,f,c,n,k,e,e,s,s,w,w,p,w,o,p,k,s,g,False,True,True,True,False,p__k,p__t,1,1,1.0
k,s,w,f,n,f,w,b,g,e,,k,k,w,w,p,w,t,p,w,s,g,True,False,False,False,True,n__w,n__f,0,0,0.00030147723846849563
b,y,b,t,n,f,c,b,g,e,b,s,s,w,w,p,w,t,p,r,v,m,True,False,True,False,False,n__r,n__t,1,1,1.0
f,y,p,t,n,f,c,b,e,e,,s,s,w,e,p,w,t,e,w,c,w,True,False,True,False,True,n__w,n__t,0,0,0.00030147723846849563
f,y,e,f,f,f,c,n,b,t,,k,s,w,p,p,w,o,e,w,v,d,False,True,False,True,True,f__w,f__f,1,1,1.0
x,f,g,f,f,f,c,b,g,e,b,k,k,p,b,p,w,o,l,h,y,g,False,True,False,False,False,f__h,f__f,1,1,1.0
f,f,e,t,n,f,c,b,w,t,b,s,s,g,g,p,w,o,p,k,y,d,True,False,True,False,False,n__k,n__t,0,0,0.00030147723846849563
f,y,e,f,f,f,c,n,b,t,,k,k,p,p,p,w,o,e,w,v,l,False,True,False,True,True,f__w,f__f,1,1,1.0
f,y,n,f,y,f,c,n,b,t,,k,s,w,p,p,w,o,e,w,v,l,False,True,False,True,True,y__w,y__f,1,1,1.0
f,y,g,t,n,f,c,b,w,t,b,s,s,p,p,p,w,o,p,n,v,d,True,False,True,False,False,n__n,n__t,0,0,0.00030147723846849563
x,y,n,f,f,f,c,n,b,t,,s,s,p,w,p,w,o,e,w,v,d,False,True,False,True,True,f__w,f__f,1,1,1.0
f,f,g,t,n,f,c,b,w,t,b,s,s,g,g,p,w,o,p,k,v,d,True,False,True,False,False,n__k,n__t,0,0,0.00030147723846849563
f,y,g,t,n,f,c,b,w,t,b,s,s,g,p,p,w,o,p,k,v,d,True,False,True,False,False,n__k,n__t,0,0,0.00030147723846849563
f,y,w,t,p,f,c,n,p,e,e,s,s,w,w,p,w,o,p,n,v,g,False,True,True,True,False,p__n,p__t,1,1,1.0
x,f,e,t,n,f,c,b,w,t,b,s,s,p,p,p,w,o,p,n,v,d,True,False,True,False,False,n__n,n__t,0,0,0.00030147723846849563
x,y,y,f,n,f,c,n,w,e,,k,y,w,n,p,w,o,e,w,v,d,True,False,False,True,True,n__w,n__f,1,1,1.0
x,f,w,f,c,f,w,n,n,e,b,s,s,w,w,p,w,o,p,k,v,d,False,True,False,True,False,c__k,c__f,1,1,1.0
k,s,e,f,s,f,c,n,b,t,,s,s,p,w,p,w,o,e,w,v,p,False,True,False,True,True,s__w,s__f,1,1,1.0
x,f,y,f,f,f,c,b,g,e,b,k,k,b,b,p,w,o,l,h,v,g,False,True,False,False,False,f__h,f__f,1,1,1.0
x,s,w,f,c,f,c,n,u,e,b,s,s,w,w,p,w,o,p,k,v,d,False,True,False,True,False,c__k,c__f,1,1,1.0
x,f,n,t,n,f,c,b,u,t,b,s,s,g,p,p,w,o,p,k,v,d,True,False,True,False,False,n__k,n__t,0,0,0.00030147723846849563
f,y,g,t,n,f,c,b,w,t,b,s,s,w,g,p,w,o,p,n,v,d,True,False,True,False,False,n__n,n__t,0,0,0.00030147723846849563
x,f,e,t,n,f,c,b,n,t,b,s,s,w,w,p,w,o,p,k,v,d,True,False,True,False,False,n__k,n__t,0,0,0.00030147723846849563
f,f,y,f,n,f,c,n,w,e,,k,y,w,y,p,w,o,e,w,v,d,True,False,False,True,True,n__w,n__f,1,1,1.0
k,s,e,f,f,f,c,n,b,t,,s,s,p,p,p,w,o,e,w,v,d,False,True,False,True,True,f__w,f__f,1,1,1.0
x,f,g,t,n,f,c,b,u,t,b,s,s,g,w,p,w,o,p,n,y,d,True,False,True,False,False,n__n,n__t,0,0,0.00030147723846849563
f,f,y,f,f,f,c,b,h,e,b,k,k,b,p,p,w,o,l,h,y,g,False,True,False,False,False,f__h,f__f,1,1,1.0
x,y,e,f,f,f,c,n,b,t,,s,s,p,p,p,w,o,e,w,v,d,False,True,False,True,True,f__w,f__f,1,1,1.0
x,s,y,t,a,f,c,b,g,e,c,s,s,w,w,p,w,o,p,n,s,g,False,False,True,False,False,a__n,a__t,0,0,0.00030147723846849563
f,y,g,t,n,f,c,b,w,t,b,s,s,g,p,p,w,o,p,n,v,d,True,False,True,False,False,n__n,n__t,0,0,0.00030147723846849563
x,f,e,t,n,f,c,b,u,t,b,s,s,w,w,p,w,o,p,k,v,d,True,False,True,False,False,n__k,n__t,0,0,0.00030147723846849563
f,y,e,t,n,f,c,b,u,t,b,s,s,p,p,p,w,o,p,k,y,d,True,False,True,False,False,n__k,n__t,0,0,0.00030147723846849563
x,f,g,f,n,f,w,b,h,t,e,s,s,w,w,p,w,o,e,k,s,g,True,False,False,False,False,n__k,n__f,0,0,0.00030147723846849563
x,f,y,f,f,f,c,b,h,e,b,k,k,b,b,p,w,o,l,h,v,g,False,True,False,False,False,f__h,f__f,1,1,1.0
b,s,n,f,n,a,c,b,y,e,,s,s,o,o,p,n,o,p,b,v,l,True,False,False,False,True,n__b,n__f,0,0,0.00030147723846849563
x,y,n,t,n,f,c,b,p,t,b,s,s,w,w,p,w,o,p,n,y,d,True,False,True,False,False,n__n,n__t,0,0,0.00030147723846849563
x,s,g,f,n,f,w,b,k,t,e,f,f,w,w,p,w,o,e,n,s,g,True,False,False,False,False,n__n,n__f,0,0,0.00030147723846849563
f,s,n,f,s,f,c,n,b,t,,k,k,w,w,p,w,o,e,w,v,l,False,True,False,True,True,s__w,s__f,1,1,1.0
x,f,g,t,n,f,c,b,u,t,b,s,s,w,p,p,w,o,p,k,y,d,True,False,True,False,False,n__k,n__t,0,0,0.00030147723846849563
x,s,p,f,c,f,c,n,u,e,b,s,s,w,w,p,w,o,p,n,s,d,False,True,False,True,False,c__n,c__f,1,1,1.0
x,y,g,f,f,f,c,b,p,e,b,k,k,n,n,p,w,o,l,h,v,p,False,True,False,False,False,f__h,f__f,1,1,1.0
x,y,e,t,n,f,c,b,n,t,b,s,s,p,p,p,w,o,p,k,y,d,True,False,True,False,False,n__k,n__t,0,0,0.00030147723846849563
f,y,n,t,n,f,c,b,w,t,b,s,s,g,g,p,w,o,p,n,v,d,True,False,True,False,False,n__n,n__t,0,0,0.00030147723846849563
x,y,n,t,n,f,c,b,w,t,b,s,s,g,w,p,w,o,p,k,v,d,True,False,True,False,False,n__k,n__t,0,0,0.00030147723846849563
x,s,w,t,l,f,c,b,n,e,c,s,s,w,w,p,w,o,p,n,n,g,False,False,True,False,False,l__n,l__t,0,0,0.00030147723846849563
x,f,e,t,n,f,c,b,n,t,b,s,s,p,p,p,w,o,p,n,y,d,True,False,True,False,False,n__n,n__t,0,0,0.00030147723846849563
x,y,n,f,s,f,c,n,b,t,,k,s,p,w,p,w,o,e,w,v,l,False,True,False,True,True,s__w,s__f,1,1,1.0
f,y,n,f,s,f,c,n,b,t,,s,s,p,w,p,w,o,e,w,v,d,False,True,False,True,True,s__w,s__f,1,1,1.0
x,f,w,f,n,f,w,b,g,e,,s,k,w,w,p,w,t,p,w,s,g,True,False,False,False,True,n__w,n__f,0,0,0.00030147723846849563
x,y,w,t,p,f,c,n,p,e,e,s,s,w,w,p,w,o,p,n,s,g,False,True,True,True,False,p__n,p__t,1,1,1.0
x,f,w,t,l,f,w,n,p,t,b,s,s,w,w,p,w,o,p,u,v,d,False,False,True,True,False,l__u,l__t,0,0,0.00030147723846849563
x,s,w,t,l,f,c,b,n,e,c,s,s,w,w,p,w,o,p,n,s,m,False,False,True,False,False,l__n,l__t,0,0,0.00030147723846849563
f,y,e,t,n,f,c,b,w,t,b,s,s,p,p,p,w,o,p,n,y,d,True,False,True,False,False,n__n,n__t,0,0,0.00030147723846849563
f,f,g,f,f,f,c,b,g,e,b,k,k,p,n,p,w,o,l,h,v,p,False,True,False,False,False,f__h,f__f,1,1,1.0
x,f,g,f,f,f,c,b,h,e,b,k,k,n,p,p,w,o,l,h,v,p,False,True,False,False,False,f__h,f__f,1,1,1.0
b,y,y,t,l,f,c,b,w,e,c,s,s,w,w,p,w,o,p,n,s,g,False,False,True,False,False,l__n,l__t,0,0,0.00030147723846849563
x,y,n,f,f,f,c,n,b,t,,k,k,p,w,p,w,o,e,w,v,d,False,True,False,True,True,f__w,f__f,1,1,1.0
k,s,n,f,s,f,c,n,b,t,,k,k,w,w,p,w,o,e,w,v,p,False,True,False,True,True,s__w,s__f,1,1,1.0
f,y,g,t,n,f,c,b,p,t,b,s,s,w,g,p,w,o,p,k,v,d,True,False,True,False,False,n__k,n__t,0,0,0.00030147723846849563
x,y,b,t,n,f,c,b,e,e,,s,s,w,e,p,w,t,e,w,c,w,True,False,True,False,True,n__w,n__t,0,0,0.00030147723846849563
f,y,e,t,n,f,c,b,u,t,b,s,s,g,p,p,w,o,p,k,v,d,True,False,True,False,False,n__k,n__t,0,0,0.00030147723846849563
f,y,n,f,s,f,c,n,b,t,,k,s,w,w,p,w,o,e,w,v,p,False,True,False,True,True,s__w,s__f,1,1,1.0
s,f,n,f,n,f,c,n,k,e,e,s,s,w,w,p,w,o,p,k,y,u,True,False,False,True,False,n__k,n__f,0,0,0.00030147723846849563
x,f,n,t,n,f,c,b,w,t,b,s,s,w,g,p,w,o,p,n,y,d,True,False,True,False,False,n__n,n__t,0,0,0.00030147723846849563
x,y,g,f,f,f,c,b,g,e,b,k,k,n,n,p,w,o,l,h,v,p,False,True,False,False,False,f__h,f__f,1,1,1.0
x,s,p,t,n,f,c,b,w,e,b,s,s,w,w,p,w,t,p,w,y,p,True,False,True,False,False,n__w,n__t,0,0,0.00030147723846849563
x,y,e,t,n,f,c,b,n,t,b,s,s,g,p,p,w,o,p,k,v,d,True,False,True,False,False,n__k,n__t,0,0,0.00030147723846849563
f,f,e,t,n,f,c,b,p,t,b,s,s,w,p,p,w,o,p,k,v,d,True,False,True,False,False,n__k,n__t,0,0,0.00030147723846849563
k,s,e,f,y,f,c,n,b,t,,k,s,w,p,p,w,o,e,w,v,l,False,True,False,True,True,y__w,y__f,1,1,1.0
x,s,e,f,f,f,c,n,b,t,,s,k,w,w,p,w,o,e,w,v,d,False,True,False,True,True,f__w,f__f,1,1,1.0
x,y,n,t,n,f,c,b,u,t,b,s,s,g,p,p,w,o,p,n,v,d,True,False,True,False,False,n__n,n__t,0,0,0.00030147723846849563
f,y,g,t,n,f,c,b,u,t,b,s,s,w,w,p,w,o,p,n,v,d,True,False,True,False,False,n__n,n__t,0,0,0.00030147723846849563
x,f,g,f,n,f,c,n,n,e,e,s,s,w,w,p,w,o,p,k,v,u,True,False,False,True,False,n__k,n__f,0,0,0.00030147723846849563
f,s,w,t,p,f,c,n,p,e,e,s,s,w,w,p,w,o,p,k,v,g,False,True,True,True,False,p__k,p__t,1,1,1.0
k,s,e,f,y,f,c,n,b,t,,s,k,w,p,p,w,o,e,w,v,l,False,True,False,True,True,y__w,y__f,1,1,1.0
f,y,g,f,f,f,c,b,g,e,b,k,k,b,n,p,w,o,l,h,v,d,False,True,False,False,False,f__h,f__f,1,1,1.0
f,f,g,f,f,f,c,b,p,e,b,k,k,p,n,p,w,o,l,h,v,g,False,True,False,False,False,f__h,f__f,1,1,1.0
f,y,n,t,a,f,c,b,n,e,r,s,y,w,w,p,w,o,p,n,y,g,False,False,True,False,False,a__n,a__t,0,0,0.00030147723846849563
x,y,n,t,l,f,c,b,p,e,r,s,y,w,w,p,w,o,p,k,s,g,False,False,True,False,False,l__k,l__t,0,0,0.00030147723846849563
x,f,y,f,f,f,c,b,h,e,b,k,k,n,n,p,w,o,l,h,v,p,False,True,False,False,False,f__h,f__f,1,1,1.0
f,y,n,f,y,f,c,n,b,t,,s,k,p,p,p,w,o,e,w,v,p,False,True,False,True,True,y__w,y__f,1,1,1.0
f,s,n,f,s,f,c,n,b,t,,s,s,p,p,p,w,o,e,w,v,d,False,True,False,True,True,s__w,s__f,1,1,1.0
k,s,n,f,y,f,c,n,b,t,,k,s,w,w,p,w,o,e,w,v,l,False,True,False,True,True,y__w,y__f,1,1,1.0
f,s,n,f,n,f,w,b,n,t,e,f,s,w,w,p,w,o,e,n,s,g,True,False,False,False,False,n__n,n__f,0,0,0.00030147723846849563
x,y,w,t,a,f,c,b,k,e,c,s,s,w,w,p,w,o,p,k,n,g,False,False,True,False,False,a__k,a__t,0,0,0.00030147723846849563
f,f,e,t,n,f,c,b,w,t,b,s,s,g,g,p,w,o,p,k,v,d,True,False,True,False,False,n__k,n__t,0,0,0.00030147723846849563
f,f,n,f,n,f,w,b,k,t,e,f,f,w,w,p,w,o,e,n,a,g,True,False,False,False,False,n__n,n__f,0,0,0.00030147723846849563
k,f,g,f,n,f,w,b,g,e,,s,k,w,w,p,w,t,p,w,s,g,True,False,False,False,True,n__w,n__f,0,0,0.00030147723846849563
x,y,g,f,f,f,c,b,g,e,b,k,k,b,b,p,w,o,l,h,v,d,False,True,False,False,False,f__h,f__f,1,1,1.0
x,y,e,t,n,f,c,b,n,t,b,s,s,w,p,p,w,o,p,k,v,d,True,False,True,False,False,n__k,n__t,0,0,0.00030147723846849563
k,s,e,f,s,f,c,n,b,t,,s,s,p,p,p,w,o,e,w,v,d,False,True,False,True,True,s__w,s__f,1,1,1.0
f,f,g,t,n,f,c,b,w,t,b,s,s,w,g,p,w,o,p,k,v,d,True,False,True,False,False,n__k,n__t,0,0,0.00030147723846849563
x,y,y,f,f,f,c,b,g,e,b,k,k,p,p,p,w,o,l,h,y,d,False,True,False,False,False,f__h,f__f,1,1,1.0
x,f,n,f,n,f,w,b,n,t,e,f,f,w,w,p,w,o,e,n,a,g,True,False,False,False,False,n__n,n__f,0,0,0.00030147723846849563
b,y,w,t,l,f,c,b,n,e,c,s,s,w,w,p,w,o,p,k,s,g,False,False,True,False,False,l__k,l__t,0,0,0.00030147723846849563
x,f,g,f,f,f,c,b,p,e,b,k,k,n,n,p,w,o,l,h,y,p,False,True,False,False,False,f__h,f__f,1,1,1.0
f,f,n,t,n,f,c,b,n,t,b,s,s,w,g,p,w,o,p,k,v,d,True,False,True,False,False,n__k,n__t,0,0,0.00030147723846849563
b,s,g,f,n,f,w,b,g,e,,k,k,w,w,p,w,t,p,w,n,g,True,False,False,False,True,n__w,n__f,0,0,0.00030147723846849563
f,f,e,t,n,f,c,b,w,t,b,s,s,w,w,p,w,o,p,n,y,d,True,False,True,False,False,n__n,n__t,0,0,0.00030147723846849563
f,y,n,t,n,f,c,b,w,t,b,s,s,p,g,p,w,o,p,k,y,d,True,False,True,False,False,n__k,n__t,0,0,0.00030147723846849563
x,y,e,t,n,f,c,b,n,t,b,s,s,w,w,p,w,o,p,n,y,d,True,False,True,False,False,n__n,n__t,0,0,0.00030147723846849563
x,y,y,f,f,f,c,b,g,e,b,k,k,b,n,p,w,o,l,h,y,g,False,True,False,False,False,f__h,f__f,1,1,1.0
x,s,n,f,f,f,c,n,b,t,,s,s,p,w,p,w,o,e,w,v,l,False,True,False,True,True,f__w,f__f,1,1,1.0
x,s,w,t,a,f,c,b,g,e,c,s,s,w,w,p,w,o,p,n,s,g,False,False,True,False,False,a__n,a__t,0,0,0.00030147723846849563
f,y,n,t,n,f,c,b,p,t,b,s,s,p,g,p,w,o,p,n,y,d,True,False,True,False,False,n__n,n__t,0,0,0.00030147723846849563
x,y,g,f,f,f,c,b,p,e,b,k,k,n,b,p,w,o,l,h,v,d,False,True,False,False,False,f__h,f__f,1,1,1.0
x,s,b,t,f,f,c,b,h,t,b,s,f,w,w,p,w,o,p,h,s,g,False,True,True,False,False,f__h,f__t,1,1,1.0
f,y,n,t,n,f,c,b,w,t,b,s,s,g,w,p,w,o,p,n,y,d,True,False,True,False,False,n__n,n__t,0,0,0.00030147723846849563
f,s,n,f,n,f,w,b,k,t,e,f,f,w,w,p,w,o,e,n,a,g,True,False,False,False,False,n__n,n__f,0,0,0.00030147723846849563
x,y,y,t,l,f,c,b,w,e,c,s,s,w,w,p,w,o,p,k,s,g,False,False,True,False,False,l__k,l__t,0,0,0.00030147723846849563
x,y,y,f,f,f,c,b,p,e,b,k,k,p,n,p,w,o,l,h,y,p,False,True,False,False,False,f__h,f__f,1,1,1.0
f,y,n,t,p,f,c,n,k,e,e,s,s,w,w,p,w,o,p,n,v,g,False,True,True,True,False,p__n,p__t,1,1,1.0
x,y,e,f,y,f,c,n,b,t,,k,k,p,p,p,w,o,e,w,v,d,False,True,False,True,True,y__w,y__f,1,1,1.0
x,f,g,f,c,f,c,n,u,e,b,s,s,w,w,p,w,o,p,k,v,d,False,True,False,True,False,c__k,c__f,1,1,1.0
f,y,n,t,n,f,c,b,n,t,b,s,s,w,w,p,w,o,p,k,v,d,True,False,True,False,False,n__k,n__t,0,0,0.00030147723846849563
x,y,y,f,f,f,c,b,p,e,b,k,k,n,n,p,w,o,l,h,y,g,False,True,False,False,False,f__h,f__f,1,1,1.0
f,y,n,t,n,f,c,b,u,t,b,s,s,g,g,p,w,o,p,n,y,d,True,False,True,False,False,n__n,n__t,0,0,0.00030147723846849563
f,f,n,t,n,f,c,b,u,t,b,s,s,g,g,p,w,o,p,k,y,d,True,False,True,False,False,n__k,n__t,0,0,0.00030147723846849563
f,s,g,f,n,f,w,b,p,t,e,f,f,w,w,p,w,o,e,n,a,g,True,False,False,False,False,n__n,n__f,0,0,0.00030147723846849563
f,f,g,f,n,f,w,b,p,t,e,s,s,w,w,p,w,o,e,k,s,g,True,False,False,False,False,n__k,n__f,0,0,0.00030147723846849563
k,s,e,f,y,f,c,n,b,t,,k,s,p,p,p,w,o,e,w,v,p,False,True,False,True,True,y__w,y__f,1,1,1.0
f,f,e,t,n,f,c,b,n,t,b,s,s,w,p,p,w,o,p,k,v,d,True,False,True,False,False,n__k,n__t,0,0,0.00030147723846849563
f,f,n,t,n,f,c,b,n,t,b,s,s,p,w,p,w,o,p,k,v,d,True,False,True,False,False,n__k,n__t,0,0,0.00030147723846849563
x,f,e,t,n,f,c,b,u,t,b,s,s,p,g,p,w,o,p,n,v,d,True,False,True,False,False,n__n,n__t,0,0,0.00030147723846849563
k,s,g,f,n,f,w,b,g,e,,s,s,w,w,p,w,t,p,w,s,g,True,False,False,False,True,n__w,n__f,0,0,0.00030147723846849563
k,y,n,f,s,f,c,n,b,t,,k,k,w,p,p,w,o,e,w,v,d,False,True,False,True,True,s__w,s__f,1,1,1.0
x,y,n,t,p,f,c,n,w,e,e,s,s,w,w,p,w,o,p,k,v,g,False,True,True,True,False,p__k,p__t,1,1,1.0
x,f,n,t,n,f,c,b,p,t,b,s,s,g,w,p,w,o,p,n,v,d,True,False,True,False,False,n__n,n__t,0,0,0.00030147723846849563
f,s,n,t,p,f,c,n,p,e,e,s,s,w,w,p,w,o,p,k,s,g,False,True,True,True,False,p__k,p__t,1,1,1.0
x,s,w,t,a,f,c,b,n,e,c,s,s,w,w,p,w,o,p,k,n,m,False,False,True,False,False,a__k,a__t,0,0,0.00030147723846849563
x,s,n,f,f,f,c,n,b,t,,s,k,p,p,p,w,o,e,w,v,d,False,True,False,True,True,f__w,f__f,1,1,1.0
x,y,e,f,s,f,c,n,b,t,,s,k,w,w,p,w,o,e,w,v,d,False,True,False,True,True,s__w,s__f,1,1,1.0
x,s,n,f,n,f,w,b,k,t,e,f,f,w,w,p,w,o,e,k,s,g,True,False,False,False,False,n__k,n__f,0,0,0.00030147723846849563
x,s,n,f,y,f,c,n,b,t,,s,k,p,w,p,w,o,e,w,v,p,False,True,False,True,True,y__w,y__f,1,1,1.0
b,s,w,t,a,f,c,b,n,e,c,s,s,w,w,p,w,o,p,k,s,g,False,False,True,False,False,a__k,a__t,0,0,0.00030147723846849563
x,y,u,f,n,f,c,n,p,e,,s,f,w,w,p,w,o,f,h,v,d,True,False,False,True,True,n__h,n__f,0,0,0.00030147723846849563
f,f,g,t,n,f,c,b,p,t,b,s,s,g,w,p,w,o,p,n,y,d,True,False,True,False,False,n__n,n__t,0,0,0.00030147723846849563
f,y,n,t,n,f,c,b,u,t,b,s,s,p,p,p,w,o,p,k,v,d,True,False,True,False,False,n__k,n__t,0,0,0.00030147723846849563
f,s,w,f,n,f,w,b,k,t,e,s,f,w,w,p,w,o,e,k,a,g,True,False,False,False,False,n__k,n__f,0,0,0.00030147723846849563
f,f,y,f,f,f,c,b,h,e,b,k,k,p,p,p,w,o,l,h,v,d,False,True,False,False,False,f__h,f__f,1,1,1.0
x,y,e,t,n,f,c,b,w,t,b,s,s,w,w,p,w,o,p,k,y,d,True,False,True,False,False,n__k,n__t,0,0,0.00030147723846849563
f,y,n,t,n,f,c,b,w,t,b,s,s,w,p,p,w,o,p,k,v,d,True,False,True,False,False,n__k,n__t,0,0,0.00030147723846849563
x,f,g,f,f,f,c,b,g,e,b,k,k,b,n,p,w,o,l,h,v,p,False,True,False,False,False,f__h,f__f,1,1,1.0
x,y,y,t,l,f,c,b,k,e,c,s,s,w,w,p,w,o,p,n,n,m,False,False,True,False,False,l__n,l__t,0,0,0.00030147723846849563
f,y,y,f,f,f,c,b,p,e,b,k,k,n,n,p,w,o,l,h,y,d,False,True,False,False,False,f__h,f__f,1,1,1.0
x,s,w,t,f,f,c,b,h,t,b,s,f,w,w,p,w,o,p,h,v,g,False,True,True,False,False,f__h,f__t,1,1,1.0
b,y,w,t,l,f,c,b,n,e,c,s,s,w,w,p,w,o,p,k,n,g,False,False,True,False,False,l__k,l__t,0,0,0.00030147723846849563
f,f,g,t,n,f,c,b,u,t,b,s,s,g,g,p,w,o,p,k,v,d,True,False,True,False,False,n__k,n__t,0,0,0.00030147723846849563
x,y,y,f,f,f,c,b,h,e,b,k,k,p,p,p,w,o,l,h,y,d,False,True,False,False,False,f__h,f__f,1,1,1.0
x,f,g,f,f,f,c,b,h,e,b,k,k,p,p,p,w,o,l,h,v,p,False,True,False,False,False,f__h,f__f,1,1,1.0
f,y,e,f,y,f,c,n,b,t,,s,s,p,p,p,w,o,e,w,v,p,False,True,False,True,True,y__w,y__f,1,1,1.0
x,y,y,f,f,f,c,b,h,e,b,k,k,n,n,p,w,o,l,h,v,g,False,True,False,False,False,f__h,f__f,1,1,1.0
x,y,e,t,n,f,c,b,n,t,b,s,s,p,w,p,w,o,p,n,v,d,True,False,True,False,False,n__n,n__t,0,0,0.00030147723846849563
x,y,y,f,f,f,c,b,p,e,b,k,k,b,p,p,w,o,l,h,y,p,False,True,False,False,False,f__h,f__f,1,1,1.0
k,s,n,f,y,f,c,n,b,t,,s,k,w,w,p,w,o,e,w,v,p,False,True,False,True,True,y__w,y__f,1,1,1.0
x,s,y,t,a,f,c,b,w,e,c,s,s,w,w,p,w,o,p,k,s,g,False,False,True,False,False,a__k,a__t,0,0,0.00030147723846849563
f,f,g,t,n,f,c,b,n,t,b,s,s,w,g,p,w,o,p,n,y,d,True,False,True,False,False,n__n,n__t,0,0,0.00030147723846849563
k,s,n,f,s,f,c,n,b,t,,s,k,p,p,p,w,o,e,w,v,p,False,True,False,True,True,s__w,s__f,1,1,1.0
x,y,n,t,n,f,c,b,n,t,b,s,s,w,g,p,w,o,p,n,y,d,True,False,True,False,False,n__n,n__t,0,0,0.00030147723846849563
x,s,w,t,a,f,c,b,k,e,c,s,s,w,w,p,w,o,p,k,s,m,False,False,True,False,False,a__k,a__t,0,0,0.00030147723846849563
x,s,n,f,n,f,w,b,p,t,e,f,f,w,w,p,w,o,e,n,a,g,True,False,False,False,False,n__n,n__f,0,0,0.00030147723846849563
f,y,y,t,l,f,c,b,w,e,r,s,y,w,w,p,w,o,p,k,y,g,False,False,True,False,False,l__k,l__t,0,0,0.00030147723846849563
f,f,e,t,n,f,c,b,n,t,b,s,s,p,w,p,w,o,p,n,v,d,True,False,True,False,False,n__n,n__t,0,0,0.00030147723846849563
x,y,g,t,n,f,c,b,n,t,b,s,s,w,w,p,w,o,p,n,y,d,True,False,True,False,False,n__n,n__t,0,0,0.00030147723846849563
k,s,e,f,s,f,c,n,b,t,,s,s,w,p,p,w,o,e,w,v,l,False,True,False,True,True,s__w,s__f,1,1,1.0
x,s,n,f,f,f,c,n,b,t,,k,s,w,p,p,w,o,e,w,v,l,False,True,False,True,True,f__w,f__f,1,1,1.0
x,s,w,f,n,f,w,b,g,e,,k,k,w,w,p,w,t,p,w,s,g,True,False,False,False,True,n__w,n__f,0,0,0.00030147723846849563
x,y,e,f,y,f,c,n,b,t,,k,s,p,p,p,w,o,e,w,v,p,False,True,False,True,True,y__w,y__f,1,1,1.0
f,y,g,f,f,f,c,b,h,e,b,k,k,n,n,p,w,o,l,h,y,p,False,True,False,False,False,f__h,f__f,1,1,1.0
x,y,n,t,n,f,c,b,w,e,,s,s,e,w,p,w,t,e,w,c,w,True,False,True,False,True,n__w,n__t,0,0,0.00030147723846849563
f,f,g,f,f,f,c,b,g,e,b,k,k,b,p,p,w,o,l,h,v,g,False,True,False,False,False,f__h,f__f,1,1,1.0
x,y,n,t,n,f,c,b,u,t,b,s,s,w,g,p,w,o,p,n,v,d,True,False,True,False,False,n__n,n__t,0,0,0.00030147723846849563
f,s,g,t,f,f,c,b,h,t,b,s,s,w,w,p,w,o,p,h,s,u,False,True,True,False,False,f__h,f__t,1,1,1.0
x,f,g,f,n,f,w,b,p,t,e,f,s,w,w,p,w,o,e,n,s,g,True,False,False,False,False,n__n,n__f,0,0,0.00030147723846849563
x,s,y,t,a,f,c,b,w,e,c,s,s,w,w,p,w,o,p,n,s,m,False,False,True,False,False,a__n,a__t,0,0,0.00030147723846849563
f,f,y,f,f,f,c,b,h,e,b,k,k,b,b,p,w,o,l,h,v,g,False,True,False,False,False,f__h,f__f,1,1,1.0
x,s,w,f,n,f,w,b,k,t,e,f,f,w,w,p,w,o,e,k,a,g,True,False,False,False,False,n__k,n__f,0,0,0.00030147723846849563
x,y,y,f,f,f,c,b,g,e,b,k,k,n,p,p,w,o,l,h,y,g,False,True,False,False,False,f__h,f__f,1,1,1.0
f,y,e,f,s,f,c,n,b,t,,k,k,w,p,p,w,o,e,w,v,p,False,True,False,True,True,s__w,s__f,1,1,1.0
x,s,e,f,y,f,c,n,b,t,,s,k,w,p,p,w,o,e,w,v,d,False,True,False,True,True,y__w,y__f,1,1,1.0
k,s,e,f,y,f,c,n,b,t,,k,k,w,w,p,w,o,e,w,v,l,False,True,False,True,True,y__w,y__f,1,1,1.0
x,y,y,f,f,f,c,b,p,e,b,k,k,b,n,p,w,o,l,h,v,p,False,True,False,False,False,f__h,f__f,1,1,1.0
b,s,y,t,a,f,c,b,k,e,c,s,s,w,w,p,w,o,p,n,s,g,False,False,True,False,False,a__n,a__t,0,0,0.00030147723846849563
f,f,g,f,n,f,w,b,h,t,e,f,f,w,w,p,w,o,e,n,s,g,True,False,False,False,False,n__n,n__f,0,0,0.00030147723846849563
k,f,w,f,n,f,w,b,w,e,,s,s,w,w,p,w,t,p,w,s,g,True,False,False,False,True,n__w,n__f,0,0,0.00030147723846849563
k,s,e,t,n,f,c,b,e,e,,s,s,w,w,p,w,t,e,w,c,w,True,False,True,False,True,n__w,n__t,0,0,0.00030147723846849563
x,y,e,t,n,f,c,b,p,t,b,s,s,p,g,p,w,o,p,n,v,d,True,False,True,False,False,n__n,n__t,0,0,0.00030147723846849563
x,s,e,f,f,f,c,n,b,t,,k,k,p,w,p,w,o,e,w,v,d,False,True,False,True,True,f__w,f__f,1,1,1.0
f,y,g,t,n,f,c,b,u,t,b,s,s,p,g,p,w,o,p,n,y,d,True,False,True,False,False,n__n,n__t,0,0,0.00030147723846849563
x,s,n,f,n,f,w,b,h,t,e,f,s,w,w,p,w,o,e,k,s,g,True,False,False,False,False,n__k,n__f,0,0,0.00030147723846849563
f,s,e,f,y,f,c,n,b,t,,k,s,w,w,p,w,o,e,w,v,p,False,True,False,True,True,y__w,y__f,1,1,1.0
x,s,n,f,y,f,c,n,b,t,,s,s,p,w,p,w,o,e,w,v,l,False,True,False,True,True,y__w,y__f,1,1,1.0
f,y,n,f,s,f,c,n,b,t,,s,k,p,w,p,w,o,e,w,v,l,False,True,False,True,True,s__w,s__f,1,1,1.0
f,f,g,t,n,f,c,b,u,t,b,s,s,p,w,p,w,o,p,n,y,d,True,False,True,False,False,n__n,n__t,0,0,0.00030147723846849563
f,f,n,t,n,f,c,b,w,t,b,s,s,w,w,p,w,o,p,n,y,d,True,False,True,False,False,n__n,n__t,0,0,0.00030147723846849563
f,f,y,f,f,f,c,b,g,e,b,k,k,p,n,p,w,o,l,h,y,d,False,True,False,False,False,f__h,f__f,1,1,1.0
x,y,y,t,l,f,c,b,p,e,r,s,y,w,w,p,w,o,p,n,y,g,False,False,True,False,False,l__n,l__t,0,0,0.00030147723846849563
x,s,n,f,n,f,w,b,h,t,e,f,f,w,w,p,w,o,e,n,a,g,True,False,False,False,False,n__n,n__f,0,0,0.00030147723846849563
k,y,e,f,f,f,c,n,b,t,,k,k,w,p,p,w,o,e,w,v,d,False,True,False,True,True,f__w,f__f,1,1,1.0
f,y,g,t,n,f,c,b,u,t,b,s,s,w,g,p,w,o,p,k,y,d,True,False,True,False,False,n__k,n__t,0,0,0.00030147723846849563
x,y,y,f,f,f,c,b,p,e,b,k,k,p,b,p,w,o,l,h,y,g,False,True,False,False,False,f__h,f__f,1,1,1.0
x,y,e,f,f,f,c,n,b,t,,k,k,w,w,p,w,o,e,w,v,d,False,True,False,True,True,f__w,f__f,1,1,1.0
x,f,e,t,n,f,c,b,u,t,b,s,s,g,g,p,w,o,p,n,y,d,True,False,True,False,False,n__n,n__t,0,0,0.00030147723846849563
x,f,n,f,n,f,w,b,k,t,e,f,f,w,w,p,w,o,e,n,s,g,True,False,False,False,False,n__n,n__f,0,0,0.00030147723846849563
k,y,e,f,s,f,c,n,b,t,,k,k,w,p,p,w,o,e,w,v,l,False,True,False,True,True,s__w,s__f,1,1,1.0
f,s,w,t,f,f,c,b,w,t,b,f,s,w,w,p,w,o,p,h,s,u,False,True,True,False,False,f__h,f__t,1,1,1.0
f,s,e,f,y,f,c,n,b,t,,s,s,w,p,p,w,o,e,w,v,p,False,True,False,True,True,y__w,y__f,1,1,1.0
x,y,e,t,n,f,c,b,n,t,b,s,s,g,w,p,w,o,p,n,y,d,True,False,True,False,False,n__n,n__t,0,0,0.00030147723846849563
k,y,e,f,s,f,c,n,b,t,,k,s,w,w,p,w,o,e,w,v,p,False,True,False,True,True,s__w,s__f,1,1,1.0
k,s,n,f,n,a,c,b,y,e,,s,s,o,o,p,o,o,p,n,v,l,True,False,False,False,True,n__n,n__f,0,0,0.00030147723846849563
x,f,n,t,n,f,c,b,n,t,b,s,s,w,g,p,w,o,p,k,v,d,True,False,True,False,False,n__k,n__t,0,0,0.00030147723846849563
f,f,g,t,n,f,c,b,w,t,b,s,s,p,w,p,w,o,p,k,v,d,True,False,True,False,False,n__k,n__t,0,0,0.00030147723846849563
f,f,y,f,f,f,c,b,h,e,b,k,k,b,n,p,w,o,l,h,y,g,False,True,False,False,False,f__h,f__f,1,1,1.0
x,f,e,t,n,f,c,b,u,t,b,s,s,g,w,p,w,o,p,n,y,d,True,False,True,False,False,n__n,n__t,0,0,0.00030147723846849563
k,s,n,f,y,f,c,n,b,t,,s,s,w,p,p,w,o,e,w,v,l,False,True,False,True,True,y__w,y__f,1,1,1.0
x,y,y,f,f,f,c,b,h,e,b,k,k,b,b,p,w,o,l,h,v,d,False,True,False,False,False,f__h,f__f,1,1,1.0
f,y,e,f,y,f,c,n,b,t,,k,k,p,w,p,w,o,e,w,v,p,False,True,False,True,True,y__w,y__f,1,1,1.0
f,s,e,f,s,f,c,n,b,t,,s,s,w,p,p,w,o,e,w,v,d,False,True,False,True,True,s__w,s__f,1,1,1.0
k,y,e,f,s,f,c,n,b,t,,s,k,p,p,p,w,o,e,w,v,p,False,True,False,True,True,s__w,s__f,1,1,1.0
x,y,n,f,y,f,c,n,b,t,,s,k,w,p,p,w,o,e,w,v,d,False,True,False,True,True,y__w,y__f,1,1,1.0
f,y,y,f,f,f,c,b,g,e,b,k,k,p,b,p,w,o,l,h,v,d,False,True,False,False,False,f__h,f__f,1,1,1.0
x,s,p,f,c,f,w,n,n,e,b,s,s,w,w,p,w,o,p,n,v,d,False,True,False,True,False,c__n,c__f,1,1,1.0
x,f,g,f,n,f,w,b,p,t,e,f,s,w,w,p,w,o,e,k,s,g,True,False,False,False,False,n__k,n__f,0,0,0.00030147723846849563
k,s,e,f,s,f,c,n,b,t,,s,s,p,w,p,w,o,e,w,v,l,False,True,False,True,True,s__w,s__f,1,1,1.0
x,y,n,t,n,f,c,b,n,t,b,s,s,g,g,p,w,o,p,k,v,d,True,False,True,False,False,n__k,n__t,0,0,0.00030147723846849563
x,f,g,f,f,f,c,b,p,e,b,k,k,n,p,p,w,o,l,h,y,d,False,True,False,False,False,f__h,f__f,1,1,1.0
f,f,g,t,n,f,c,b,p,t,b,s,s,w,w,p,w,o,p,n,v,d,True,False,True,False,False,n__n,n__t,0,0,0.00030147723846849563
b,s,n,f,n,a,c,b,y,e,,s,s,o,o,p,o,o,p,o,c,l,True,False,False,False,True,n__o,n__f,0,0,0.00030147723846849563
x,s,b,t,n,f,c,b,w,e,,s,s,w,w,p,w,t,e,w,c,w,True,False,True,False,True,n__w,n__t,0,0,0.00030147723846849563
f,f,y,f,f,f,c,b,p,e,b,k,k,n,p,p,w,o,l,h,v,p,False,True,False,False,False,f__h,f__f,1,1,1.0
x,s,y,t,l,f,c,b,k,e,c,s,s,w,w,p,w,o,p,n,s,m,False,False,True,False,False,l__n,l__t,0,0,0.00030147723846849563
f,f,y,f,f,f,c,b,h,e,b,k,k,n,b,p,w,o,l,h,y,p,False,True,False,False,False,f__h,f__f,1,1,1.0
f,y,n,t,n,f,c,b,n,t,b,s,s,p,p,p,w,o,p,k,v,d,True,False,True,False,False,n__k,n__t,0,0,0.00030147723846849563
f,y,u,f,n,f,c,n,p,e,,s,f,w,w,p,w,o,f,h,v,d,True,False,False,True,True,n__h,n__f,0,0,0.00030147723846849563
f,s,n,f,y,f,c,n,b,t,,s,k,w,w,p,w,o,e,w,v,l,False,True,False,True,True,y__w,y__f,1,1,1.0
x,y,y,f,f,f,c,b,g,e,b,k,k,b,n,p,w,o,l,h,v,g,False,True,False,False,False,f__h,f__f,1,1,1.0
x,y,w,t,p,f,c,n,p,e,e,s,s,w,w,p,w,o,p,n,v,u,False,True,True,True,False,p__n,p__t,1,1,1.0
f,s,n,t,p,f,c,n,w,e,e,s,s,w,w,p,w,o,p,k,s,g,False,True,True,True,False,p__k,p__t,1,1,1.0
x,f,e,t,n,f,c,b,w,t,b,s,s,w,w,p,w,o,p,n,v,d,True,False,True,False,False,n__n,n__t,0,0,0.00030147723846849563
f,y,g,t,n,f,c,b,p,t,b,s,s,g,g,p,w,o,p,k,y,d,True,False,True,False,False,n__k,n__t,0,0,0.00030147723846849563
x,f,g,f,f,f,c,b,g,e,b,k,k,b,p,p,w,o,l,h,v,p,False,True,False,False,False,f__h,f__f,1,1,1.0
x,f,g,f,n,f,c,n,p,e,e,s,s,w,w,p,w,o,p,k,y,u,True,False,False,True,False,n__k,n__f,0,0,0.00030147723846849563
b,f,g,f,n,f,w,b,w,e,,s,s,w,w,p,w,t,p,w,s,g,True,False,False,False,True,n__w,n__f,0,0,0.00030147723846849563
f,y,n,f,s,f,c,n,b,t,,s,k,w,w,p,w,o,e,w,v,p,False,True,False,True,True,s__w,s__f,1,1,1.0
f,f,g,f,n,f,w,b,p,t,e,s,f,w,w,p,w,o,e,n,s,g,True,False,False,False,False,n__n,n__f,0,0,0.00030147723846849563
f,y,y,f,f,f,c,b,h,e,b,k,k,n,n,p,w,o,l,h,y,g,False,True,False,False,False,f__h,f__f,1,1,1.0
x,y,g,f,f,f,c,b,p,e,b,k,k,n,b,p,w,o,l,h,y,d,False,True,False,False,False,f__h,f__f,1,1,1.0
x,y,n,t,a,f,c,b,p,e,r,s,y,w,w,p,w,o,p,n,s,p,False,False,True,False,False,a__n,a__t,0,0,0.00030147723846849563
k,y,e,f,y,f,c,n,b,t,,s,s,p,p,p,w,o,e,w,v,p,False,True,False,True,True,y__w,y__f,1,1,1.0
f,f,g,f,f,f,c,b,p,e,b,k,k,n,n,p,w,o,l,h,v,d,False,True,False,False,False,f__h,f__f,1,1,1.0
f,y,e,f,f,f,c,n,b,t,,s,s,w,w,p,w,o,e,w,v,d,False,True,False,True,True,f__w,f__f,1,1,1.0
f,s,w,f,n,f,w,b,p,t,e,f,s,w,w,p,w,o,e,k,a,g,True,False,False,False,False,n__k,n__f,0,0,0.00030147723846849563
x,y,y,t,a,f,c,b,p,e,r,s,y,w,w,p,w,o,p,k,y,p,False,False,True,False,False,a__k,a__t,0,0,0.00030147723846849563
f,s,b,t,n,f,c,b,w,e,,s,s,e,w,p,w,t,e,w,c,w,True,False,True,False,True,n__w,n__t,0,0,0.00030147723846849563
f,s,n,f,y,f,c,n,b,t,,s,s,w,p,p,w,o,e,w,v,p,False,True,False,True,True,y__w,y__f,1,1,1.0
f,s,w,t,p,f,c,n,k,e,e,s,s,w,w,p,w,o,p,k,v,g,False,True,True,True,False,p__k,p__t,1,1,1.0
x,s,n,f,n,f,w,b,k,t,e,f,s,w,w,p,w,o,e,k,a,g,True,False,False,False,False,n__k,n__f,0,0,0.00030147723846849563
f,y,e,f,f,f,c,n,b,t,,k,k,w,p,p,w,o,e,w,v,d,False,True,False,True,True,f__w,f__f,1,1,1.0
b,s,n,f,n,a,c,b,y,e,,s,s,o,o,p,n,o,p,n,c,l,True,False,False,False,True,n__n,n__f,0,0,0.00030147723846849563
x,s,n,f,s,f,c,n,b,t,,k,s,p,p,p,w,o,e,w,v,p,False,True,False,True,True,s__w,s__f,1,1,1.0
k,s,n,f,n,a,c,b,o,e,,s,s,o,o,p,n,o,p,b,v,l,True,False,False,False,True,n__b,n__f,0,0,0.00030147723846849563
f,s,n,t,p,f,c,n,n,e,e,s,s,w,w,p,w,o,p,k,v,u,False,True,True,True,False,p__k,p__t,1,1,1.0
x,y,n,t,n,f,c,b,u,t,b,s,s,g,p,p,w,o,p,n,y,d,True,False,True,False,False,n__n,n__t,0,0,0.00030147723846849563
f,y,n,f,f,f,c,n,b,t,,k,k,w,w,p,w,o,e,w,v,d,False,True,False,True,True,f__w,f__f,1,1,1.0
x,y,y,f,f,f,c,b,h,e,b,k,k,n,b,p,w,o,l,h,v,p,False,True,False,False,False,f__h,f__f,1,1,1.0
x,f,w,f,n,f,w,b,n,t,e,f,f,w,w,p,w,o,e,n,s,g,True,False,False,False,False,n__n,n__f,0,0,0.00030147723846849563
x,f,w,t,l,f,w,n,n,t,b,s,s,w,w,p,w,o,p,u,v,d,False,False,True,True,False,l__u,l__t,0,0,0.00030147723846849563
x,s,y,t,a,f,c,b,g,e,c,s,s,w,w,p,w,o,p,n,s,m,False,False,True,False,False,a__n,a__t,0,0,0.00030147723846849563
k,f,w,f,n,f,w,b,p,e,,k,k,w,w,p,w,t,p,w,s,g,True,False,False,False,True,n__w,n__f,0,0,0.00030147723846849563
k,y,e,f,s,f,c,n,b,t,,s,s,w,w,p,w,o,e,w,v,d,False,True,False,True,True,s__w,s__f,1,1,1.0
x,y,n,t,a,f,c,b,w,e,r,s,y,w,w,p,w,o,p,k,s,g,False,False,True,False,False,a__k,a__t,0,0,0.00030147723846849563
k,y,n,f,f,f,c,n,b,t,,s,s,w,w,p,w,o,e,w,v,p,False,True,False,True,True,f__w,f__f,1,1,1.0
x,f,n,f,n,f,w,b,n,t,e,f,s,w,w,p,w,o,e,k,a,g,True,False,False,False,False,n__k,n__f,0,0,0.00030147723846849563
b,y,y,f,n,f,w,n,w,e,c,y,y,y,y,p,y,o,e,w,c,l,True,False,False,True,False,n__w,n__f,1,1,1.0
f,y,e,f,f,f,c,n,b,t,,s,s,p,p,p,w,o,e,w,v,p,False,True,False,True,True,f__w,f__f,1,1,1.0
f,f,g,f,n,f,c,n,g,e,e,s,s,w,w,p,w,o,p,n,y,u,True,False,False,True,False,n__n,n__f,0,0,0.00030147723846849563
x,f,g,f,n,f,w,b,k,t,e,f,s,w,w,p,w,o,e,n,a,g,True,False,False,False,False,n__n,n__f,0,0,0.00030147723846849563
f,y,w,t,p,f,c,n,p,e,e,s,s,w,w,p,w,o,p,k,v,g,False,True,True,True,False,p__k,p__t,1,1,1.0
x,f,g,t,n,f,c,b,p,t,b,s,s,p,p,p,w,o,p,k,y,d,True,False,True,False,False,n__k,n__t,0,0,0.00030147723846849563
f,f,e,t,n,f,c,b,u,t,b,s,s,g,p,p,w,o,p,n,y,d,True,False,True,False,False,n__n,n__t,0,0,0.00030147723846849563
k,f,w,f,n,f,w,b,w,e,,s,k,w,w,p,w,t,p,w,n,g,True,False,False,False,True,n__w,n__f,0,0,0.00030147723846849563
x,f,n,t,n,f,c,b,n,t,b,s,s,g,g,p,w,o,p,k,v,d,True,False,True,False,False,n__k,n__t,0,0,0.00030147723846849563
f,f,n,f,n,f,c,n,g,e,e,s,s,w,w,p,w,o,p,k,v,u,True,False,False,True,False,n__k,n__f,0,0,0.00030147723846849563
x,y,g,t,n,f,c,b,n,t,b,s,s,g,p,p,w,o,p,k,y,d,True,False,True,False,False,n__k,n__t,0,0,0.00030147723846849563
x,s,e,f,y,f,c,n,b,t,,k,k,w,w,p,w,o,e,w,v,p,False,True,False,True,True,y__w,y__f,1,1,1.0
b,s,g,f,n,f,w,b,g,e,,s,s,w,w,p,w,t,p,w,n,g,True,False,False,False,True,n__w,n__f,0,0,0.00030147723846849563
f,s,w,f,n,f,w,b,p,t,e,f,f,w,w,p,w,o,e,n,s,g,True,False,False,False,False,n__n,n__f,0,0,0.00030147723846849563
k,y,n,f,y,f,c,n,b,t,,s,k,w,p,p,w,o,e,w,v,d,False,True,False,True,True,y__w,y__f,1,1,1.0
f,y,b,t,n,f,c,b,e,e,,s,s,e,w,p,w,t,e,w,c,w,True,False,True,False,True,n__w,n__t,0,0,0.00030147723846849563
k,s,e,f,f,f,c,n,b,t,,s,s,p,w,p,w,o,e,w,v,l,False,True,False,True,True,f__w,f__f,1,1,1.0
f,f,g,f,n,f,w,b,k,t,e,f,f,w,w,p,w,o,e,n,s,g,True,False,False,False,False,n__n,n__f,0,0,0.00030147723846849563
f,s,n,f,n,f,w,b,p,t,e,f,s,w,w,p,w,o,e,n,s,g,True,False,False,False,False,n__n,n__f,0,0,0.00030147723846849563
f,f,n,t,n,f,c,b,n,t,b,s,s,w,w,p,w,o,p,n,y,d,True,False,True,False,False,n__n,n__t,0,0,0.00030147723846849563
x,y,n,t,p,f,c,n,p,e,e,s,s,w,w,p,w,o,p,n,v,u,False,True,True,True,False,p__n,p__t,1,1,1.0
x,s,n,f,n,f,w,b,p,t,e,s,f,w,w,p,w,o,e,k,a,g,True,False,False,False,False,n__k,n__f,0,0,0.00030147723846849563
f,y,g,f,f,f,c,b,g,e,b,k,k,n,p,p,w,o,l,h,y,p,False,True,False,False,False,f__h,f__f,1,1,1.0
x,s,w,t,p,f,c,n,n,e,e,s,s,w,w,p,w,o,p,k,s,g,False,True,True,True,False,p__k,p__t,1,1,1.0
x,s,w,t,p,f,c,n,k,e,e,s,s,w,w,p,w,o,p,n,s,u,False,True,True,True,False,p__n,p__t,1,1,1.0
x,f,y,f,f,f,c,b,h,e,b,k,k,n,b,p,w,o,l,h,y,d,False,True,False,False,False,f__h,f__f,1,1,1.0
x,s,n,f,n,a,c,b,o,e,,s,s,o,o,p,o,o,p,y,v,l,True,False,False,False,True,n__y,n__f,0,0,0.00030147723846849563
x,s,w,f,c,f,w,n,u,e,b,s,s,w,w,p,w,o,p,n,s,d,False,True,False,True,False,c__n,c__f,1,1,1.0
f,f,g,t,n,f,c,b,w,t,b,s,s,p,p,p,w,o,p,k,y,d,True,False,True,False,False,n__k,n__t,0,0,0.00030147723846849563
k,s,p,t,n,f,c,b,e,e,,s,s,e,w,p,w,t,e,w,c,w,True,False,True,False,True,n__w,n__t,0,0,0.00030147723846849563
x,f,y,t,l,f,w,n,w,t,b,s,s,w,w,p,w,o,p,u,v,d,False,False,True,True,False,l__u,l__t,0,0,0.00030147723846849563
f,f,e,t,n,f,c,b,u,t,b,s,s,w,w,p,w,o,p,n,y,d,True,False,True,False,False,n__n,n__t,0,0,0.00030147723846849563
x,f,g,f,f,f,c,b,h,e,b,k,k,b,n,p,w,o,l,h,y,p,False,True,False,False,False,f__h,f__f,1,1,1.0
x,y,e,f,s,f,c,n,b,t,,s,k,p,w,p,w,o,e,w,v,l,False,True,False,True,True,s__w,s__f,1,1,1.0
k,y,n,f,s,f,c,n,b,t,,k,k,p,w,p,w,o,e,w,v,p,False,True,False,True,True,s__w,s__f,1,1,1.0
f,s,n,f,n,a,c,b,o,e,,s,s,o,o,p,o,o,p,n,c,l,True,False,False,False,True,n__n,n__f,0,0,0.00030147723846849563
x,y,y,f,f,f,c,b,g,e,b,k,k,b,b,p,w,o,l,h,y,g,False,True,False,False,False,f__h,f__f,1,1,1.0
x,s,n,t,p,f,c,n,w,e,e,s,s,w,w,p,w,o,p,n,v,g,False,True,True,True,False,p__n,p__t,1,1,1.0
f,y,g,t,n,f,c,b,p,t,b,s,s,p,g,p,w,o,p,n,y,d,True,False,True,False,False,n__n,n__t,0,0,0.00030147723846849563
x,s,g,t,n,f,c,b,w,e,b,s,s,w,w,p,w,t,p,w,y,p,True,False,True,False,False,n__w,n__t,0,0,0.00030147723846849563
f,f,e,t,n,f,c,b,u,t,b,s,s,w,p,p,w,o,p,k,y,d,True,False,True,False,False,n__k,n__t,0,0,0.00030147723846849563
f,y,y,f,f,f,c,b,g,e,b,k,k,n,n,p,w,o,l,h,y,g,False,True,False,False,False,f__h,f__f,1,1,1.0
k,s,e,f,y,f,c,n,b,t,,k,s,p,p,p,w,o,e,w,v,d,False,True,False,True,True,y__w,y__f,1,1,1.0
f,y,e,t,n,f,c,b,n,t,b,s,s,p,p,p,w,o,p,n,v,d,True,False,True,False,False,n__n,n__t,0,0,0.00030147723846849563
k,y,n,f,s,f,c,n,b,t,,s,k,w,p,p,w,o,e,w,v,l,False,True,False,True,True,s__w,s__f,1,1,1.0
x,s,g,f,n,f,w,b,w,e,,k,k,w,w,p,w,t,p,w,s,g,True,False,False,False,True,n__w,n__f,0,0,0.00030147723846849563
f,s,n,t,p,f,c,n,k,e,e,s,s,w,w,p,w,o,p,n,s,g,False,True,True,True,False,p__n,p__t,1,1,1.0
x,y,e,t,n,f,c,b,n,t,b,s,s,w,p,p,w,o,p,k,y,d,True,False,True,False,False,n__k,n__t,0,0,0.00030147723846849563
b,s,w,t,a,f,c,b,w,e,c,s,s,w,w,p,w,o,p,k,n,m,False,False,True,False,False,a__k,a__t,0,0,0.00030147723846849563
k,y,e,f,s,f,c,n,b,t,,k,s,w,p,p,w,o,e,w,v,l,False,True,False,True,True,s__w,s__f,1,1,1.0
k,f,w,f,n,f,w,b,p,e,,k,s,w,w,p,w,t,p,w,s,g,True,False,False,False,True,n__w,n__f,0,0,0.00030147723846849563
f,s,g,f,n,f,w,b,h,t,e,s,s,w,w,p,w,o,e,n,s,g,True,False,False,False,False,n__n,n__f,0,0,0.00030147723846849563
f,s,n,f,s,f,c,n,b,t,,k,s,p,p,p,w,o,e,w,v,l,False,True,False,True,True,s__w,s__f,1,1,1.0
x,y,e,t,n,f,c,b,e,e,,s,s,w,e,p,w,t,e,w,c,w,True,False,True,False,True,n__w,n__t,0,0,0.00030147723846849563
x,s,g,f,n,f,w,b,k,t,e,s,f,w,w,p,w,o,e,k,s,g,True,False,False,False,False,n__k,n__f,0,0,0.00030147723846849563
x,y,w,t,a,f,c,b,n,e,c,s,s,w,w,p,w,o,p,k,s,g,False,False,True,False,False,a__k,a__t,0,0,0.00030147723846849563
k,s,e,f,f,f,c,n,b,t,,s,s,w,w,p,w,o,e,w,v,p,False,True,False,True,True,f__w,f__f,1,1,1.0
x,s,w,f,n,f,w,b,n,t,e,f,f,w,w,p,w,o,e,n,a,g,True,False,False,False,False,n__n,n__f,0,0,0.00030147723846849563
x,f,g,f,f,f,c,b,p,e,b,k,k,b,b,p,w,o,l,h,y,p,False,True,False,False,False,f__h,f__f,1,1,1.0
x,y,g,f,f,f,c,b,h,e,b,k,k,p,n,p,w,o,l,h,v,d,False,True,False,False,False,f__h,f__f,1,1,1.0
x,s,g,f,c,f,w,n,p,e,b,s,s,w,w,p,w,o,p,k,s,d,False,True,False,True,False,c__k,c__f,1,1,1.0
x,s,n,f,n,f,w,b,p,t,e,s,s,w,w,p,w,o,e,k,s,g,True,False,False,False,False,n__k,n__f,0,0,0.00030147723846849563
f,f,y,f,f,f,c,b,h,e,b,k,k,b,b,p,w,o,l,h,v,d,False,True,False,False,False,f__h,f__f,1,1,1.0
f,y,y,f,f,f,c,b,h,e,b,k,k,p,p,p,w,o,l,h,y,p,False,True,False,False,False,f__h,f__f,1,1,1.0
f,s,w,f,n,f,w,b,k,t,e,f,f,w,w,p,w,o,e,n,s,g,True,False,False,False,False,n__n,n__f,0,0,0.00030147723846849563
f,y,y,f,f,f,c,b,p,e,b,k,k,n,p,p,w,o,l,h,y,g,False,True,False,False,False,f__h,f__f,1,1,1.0
x,s,n,f,n,a,c,b,n,e,,s,s,o,o,p,n,o,p,y,v,l,True,False,False,False,True,n__y,n__f,0,0,0.00030147723846849563
f,f,n,t,n,f,c,b,n,t,b,s,s,p,g,p,w,o,p,n,v,d,True,False,True,False,False,n__n,n__t,0,0,0.00030147723846849563
f,y,g,f,f,f,c,b,g,e,b,k,k,n,p,p,w,o,l,h,y,g,False,True,False,False,False,f__h,f__f,1,1,1.0
x,f,w,f,c,f,w,n,u,e,b,s,s,w,w,p,w,o,p,k,v,d,False,True,False,True,False,c__k,c__f,1,1,1.0
x,y,n,f,s,f,c,n,b,t,,k,s,w,w,p,w,o,e,w,v,d,False,True,False,True,True,s__w,s__f,1,1,1.0
f,y,g,f,f,f,c,b,h,e,b,k,k,b,p,p,w,o,l,h,y,p,False,True,False,False,False,f__h,f__f,1,1,1.0
f,s,n,f,n,a,c,b,y,e,,s,s,o,o,p,n,o,p,n,c,l,True,False,False,False,True,n__n,n__f,0,0,0.00030147723846849563
x,s,e,t,n,f,c,b,w,e,,s,s,e,w,p,w,t,e,w,c,w,True,False,True,False,True,n__w,n__t,0,0,0.00030147723846849563
f,s,b,t,n,f,c,b,w,e,,s,s,w,w,p,w,t,e,w,c,w,True,False,True,False,True,n__w,n__t,0,0,0.00030147723846849563
x,f,g,f,f,f,c,b,p,e,b,k,k,b,n,p,w,o,l,h,y,p,False,True,False,False,False,f__h,f__f,1,1,1.0
k,y,n,f,m,f,c,b,w,e,c,k,y,c,c,p,w,n,n,w,c,d,False,True,False,False,False,m__w,m__f,1,1,1.0
x,y,e,f,s,f,c,n,b,t,,s,s,p,p,p,w,o,e,w,v,p,False,True,False,True,True,s__w,s__f,1,1,1.0
f,f,n,f,n,f,w,b,k,t,e,s,s,w,w,p,w,o,e,n,a,g,True,False,False,False,False,n__n,n__f,0,0,0.00030147723846849563
f,y,n,f,s,f,c,n,b,t,,k,s,w,p,p,w,o,e,w,v,l,False,True,False,True,True,s__w,s__f,1,1,1.0
f,s,e,f,s,f,c,n,b,t,,k,s,p,w,p,w,o,e,w,v,p,False,True,False,True,True,s__w,s__f,1,1,1.0
k,s,n,f,f,f,c,n,b,t,,k,k,w,w,p,w,o,e,w,v,l,False,True,False,True,True,f__w,f__f,1,1,1.0
b,y,w,t,l,f,c,b,w,e,c,s,s,w,w,p,w,o,p,k,n,m,False,False,True,False,False,l__k,l__t,0,0,0.00030147723846849563
x,y,e,f,y,f,c,n,b,t,,s,k,p,w,p,w,o,e,w,v,p,False,True,False,True,True,y__w,y__f,1,1,1.0
f,y,g,t,n,f,c,b,p,t,b,s,s,g,w,p,w,o,p,k,y,d,True,False,True,False,False,n__k,n__t,0,0,0.00030147723846849563
x,f,y,f,f,f,c,b,h,e,b,k,k,p,n,p,w,o,l,h,y,d,False,True,False,False,False,f__h,f__f,1,1,1.0
x,f,e,t,n,f,c,b,n,t,b,s,s,p,p,p,w,o,p,k,y,d,True,False,True,False,False,n__k,n__t,0,0,0.00030147723846849563
f,y,e,f,y,f,c,n,b,t,,s,s,p,p,p,w,o,e,w,v,d,False,True,False,True,True,y__w,y__f,1,1,1.0
x,s,b,t,f,f,c,b,h,t,b,f,f,w,w,p,w,o,p,h,v,u,False,True,True,False,False,f__h,f__t,1,1,1.0
x,s,e,t,n,f,c,b,e,e,,s,s,w,e,p,w,t,e,w,c,w,True,False,True,False,True,n__w,n__t,0,0,0.00030147723846849563
x,f,y,f,f,f,c,b,p,e,b,k,k,p,b,p,w,o,l,h,y,p,False,True,False,False,False,f__h,f__f,1,1,1.0
b,y,y,t,l,f,c,b,k,e,c,s,s,w,w,p,w,o,p,k,n,m,False,False,True,False,False,l__k,l__t,0,0,0.00030147723846849563
x,y,n,f,y,f,c,n,b,t,,s,s,w,w,p,w,o,e,w,v,d,False,True,False,True,True,y__w,y__f,1,1,1.0
x,f,g,t,n,f,c,b,p,t,b,s,s,g,p,p,w,o,p,k,y,d,True,False,True,False,False,n__k,n__t,0,0,0.00030147723846849563
f,f,g,f,n,f,w,b,h,t,e,s,s,w,w,p,w,o,e,k,a,g,True,False,False,False,False,n__k,n__f,0,0,0.00030147723846849563
f,y,y,f,f,f,c,b,h,e,b,k,k,p,p,p,w,o,l,h,y,g,False,True,False,False,False,f__h,f__f,1,1,1.0
f,y,n,t,p,f,c,n,n,e,e,s,s,w,w,p,w,o,p,k,v,u,False,True,True,True,False,p__k,p__t,1,1,1.0
f,s,e,f,s,f,c,n,b,t,,s,k,w,p,p,w,o,e,w,v,l,False,True,False,True,True,s__w,s__f,1,1,1.0
f,y,g,f,f,f,c,b,p,e,b,k,k,b,b,p,w,o,l,h,v,d,False,True,False,False,False,f__h,f__f,1,1,1.0
x,y,g,t,n,f,c,b,w,t,b,s,s,w,w,p,w,o,p,k,v,d,True,False,True,False,False,n__k,n__t,0,0,0.00030147723846849563
f,f,g,f,f,f,c,b,p,e,b,k,k,n,n,p,w,o,l,h,y,g,False,True,False,False,False,f__h,f__f,1,1,1.0
x,y,u,f,n,f,c,n,w,e,,s,f,w,w,p,w,o,f,h,v,d,True,False,False,True,True,n__h,n__f,0,0,0.00030147723846849563
k,y,n,f,y,f,c,n,b,t,,k,k,p,w,p,w,o,e,w,v,d,False,True,False,True,True,y__w,y__f,1,1,1.0
f,f,n,f,n,f,c,n,k,e,e,s,s,w,w,p,w,o,p,k,y,u,True,False,False,True,False,n__k,n__f,0,0,0.00030147723846849563
f,f,g,f,f,f,c,b,h,e,b,k,k,n,p,p,w,o,l,h,v,d,False,True,False,False,False,f__h,f__f,1,1,1.0
f,f,g,f,n,f,w,b,p,t,e,f,s,w,w,p,w,o,e,n,a,g,True,False,False,False,False,n__n,n__f,0,0,0.00030147723846849563
x,y,e,f,s,f,c,n,b,t,,k,s,w,w,p,w,o,e,w,v,p,False,True,False,True,True,s__w,s__f,1,1,1.0
f,y,g,t,n,f,c,b,p,t,b,s,s,p,p,p,w,o,p,k,v,d,True,False,True,False,False,n__k,n__t,0,0,0.00030147723846849563
f,y,n,f,s,f,c,n,b,t,,s,s,w,p,p,w,o,e,w,v,d,False,True,False,True,True,s__w,s__f,1,1,1.0
f,y,n,t,n,f,c,b,u,t,b,s,s,g,p,p,w,o,p,n,y,d,True,False,True,False,False,n__n,n__t,0,0,0.00030147723846849563
x,f,w,f,n,f,w,b,h,t,e,f,f,w,w,p,w,o,e,k,a,g,True,False,False,False,False,n__k,n__f,0,0,0.00030147723846849563
x,y,n,t,n,f,c,b,u,t,b,s,s,p,g,p,w,o,p,n,y,d,True,False,True,False,False,n__n,n__t,0,0,0.00030147723846849563
k,s,e,f,f,f,c,n,b,t,,s,k,w,w,p,w,o,e,w,v,p,False,True,False,True,True,f__w,f__f,1,1,1.0
k,y,n,f,s,f,c,n,b,t,,s,s,w,w,p,w,o,e,w,v,p,False,True,False,True,True,s__w,s__f,1,1,1.0
f,y,n,f,f,f,c,n,b,t,,s,s,p,w,p,w,o,e,w,v,l,False,True,False,True,True,f__w,f__f,1,1,1.0
x,y,g,f,f,f,c,b,g,e,b,k,k,p,p,p,w,o,l,h,y,p,False,True,False,False,False,f__h,f__f,1,1,1.0
x,y,e,f,s,f,c,n,b,t,,k,s,w,p,p,w,o,e,w,v,l,False,True,False,True,True,s__w,s__f,1,1,1.0
b,y,y,t,a,f,c,b,n,e,c,s,s,w,w,p,w,o,p,k,n,m,False,False,True,False,False,a__k,a__t,0,0,0.00030147723846849563
k,s,e,f,f,f,c,n,b,t,,k,k,p,p,p,w,o,e,w,v,l,False,True,False,True,True,f__w,f__f,1,1,1.0
x,y,e,t,n,f,c,b,w,t,b,s,s,p,p,p,w,o,p,k,v,d,True,False,True,False,False,n__k,n__t,0,0,0.00030147723846849563
x,f,g,f,f,f,c,b,g,e,b,k,k,b,n,p,w,o,l,h,y,p,False,True,False,False,False,f__h,f__f,1,1,1.0
x,f,g,f,f,f,c,b,g,e,b,k,k,b,b,p,w,o,l,h,y,d,False,True,False,False,False,f__h,f__f,1,1,1.0
x,f,e,t,n,f,c,b,n,t,b,s,s,w,g,p,w,o,p,k,y,d,True,False,True,False,False,n__k,n__t,0,0,0.00030147723846849563
x,f,n,t,n,f,c,b,u,t,b,s,s,w,w,p,w,o,p,n,v,d,True,False,True,False,False,n__n,n__t,0,0,0.00030147723846849563
x,y,e,f,m,f,c,b,y,e,c,k,y,c,c,p,w,n,n,w,c,d,False,True,False,False,False,m__w,m__f,1,1,1.0
k,s,e,f,f,f,c,n,b,t,,s,k,p,w,p,w,o,e,w,v,p,False,True,False,True,True,f__w,f__f,1,1,1.0
x,s,w,f,n,f,w,b,g,e,,s,k,w,w,p,w,t,p,w,s,g,True,False,False,False,True,n__w,n__f,0,0,0.00030147723846849563
x,y,n,f,n,f,w,n,w,e,b,s,s,w,n,p,w,o,e,w,v,l,True,False,False,True,False,n__w,n__f,0,0,0.0
f,f,g,f,f,f,c,b,h,e,b,k,k,b,n,p,w,o,l,h,v,d,False,True,False,False,False,f__h,f__f,1,1,1.0
b,s,g,f,n,f,w,b,w,e,,s,s,w,w,p,w,t,p,w,s,g,True,False,False,False,True,n__w,n__f,0,0,0.00030147723846849563
f,f,w,f,n,f,w,b,h,t,e,s,f,w,w,p,w,o,e,n,a,g,True,False,False,False,False,n__n,n__f,0,0,0.00030147723846849563
x,y,y,t,a,f,c,b,p,e,r,s,y,w,w,p,w,o,p,n,s,g,False,False,True,False,False,a__n,a__t,0,0,0.00030147723846849563
f,y,g,f,f,f,c,b,g,e,b,k,k,b,p,p,w,o,l,h,v,d,False,True,False,False,False,f__h,f__f,1,1,1.0
f,y,n,t,p,f,c,n,w,e,e,s,s,w,w,p,w,o,p,k,v,g,False,True,True,True,False,p__k,p__t,1,1,1.0
f,f,w,t,l,f,w,n,w,t,b,s,s,w,w,p,w,o,p,u,v,d,False,False,True,True,False,l__u,l__t,0,0,0.00030147723846849563
x,y,n,f,y,f,c,n,b,t,,k,s,w,p,p,w,o,e,w,v,l,False,True,False,True,True,y__w,y__f,1,1,1.0
f,y,n,t,n,f,c,b,n,t,b,s,s,w,p,p,w,o,p,n,v,d,True,False,True,False,False,n__n,n__t,0,0,0.00030147723846849563
x,y,g,f,f,f,c,b,p,e,b,k,k,p,n,p,w,o,l,h,v,p,False,True,False,False,False,f__h,f__f,1,1,1.0
f,y,g,f,f,f,c,b,g,e,b,k,k,n,b,p,w,o,l,h,y,g,False,True,False,False,False,f__h,f__f,1,1,1.0
f,s,n,f,y,f,c,n,b,t,,k,k,w,w,p,w,o,e,w,v,l,False,True,False,True,True,y__w,y__f,1,1,1.0
f,y,y,f,f,f,c,b,g,e,b,k,k,p,n,p,w,o,l,h,y,d,False,True,False,False,False,f__h,f__f,1,1,1.0
f,y,n,t,n,f,c,b,p,t,b,s,s,g,w,p,w,o,p,k,y,d,True,False,True,False,False,n__k,n__t,0,0,0.00030147723846849563
f,y,n,f,s,f,c,n,b,t,,k,k,w,p,p,w,o,e,w,v,p,False,True,False,True,True,s__w,s__f,1,1,1.0
x,f,w,f,n,f,w,b,p,t,e,f,f,w,w,p,w,o,e,k,s,g,True,False,False,False,False,n__k,n__f,0,0,0.00030147723846849563
x,s,p,t,n,f,c,b,w,e,,s,s,w,e,p,w,t,e,w,c,w,True,False,True,False,True,n__w,n__t,0,0,0.00030147723846849563
f,f,g,f,n,f,c,n,n,e,e,s,s,w,w,p,w,o,p,k,y,u,True,False,False,True,False,n__k,n__f,0,0,0.00030147723846849563
f,s,e,f,s,f,c,n,b,t,,k,s,p,w,p,w,o,e,w,v,d,False,True,False,True,True,s__w,s__f,1,1,1.0
s,f,n,f,n,f,c,n,g,e,e,s,s,w,w,p,w,o,p,k,v,u,True,False,False,True,False,n__k,n__f,0,0,0.00030147723846849563
f,f,y,f,f,f,c,b,h,e,b,k,k,p,n,p,w,o,l,h,y,p,False,True,False,False,False,f__h,f__f,1,1,1.0
k,y,e,f,y,f,c,n,b,t,,k,s,p,p,p,w,o,e,w,v,p,False,True,False,True,True,y__w,y__f,1,1,1.0
x,s,n,f,n,f,w,b,p,t,e,s,f,w,w,p,w,o,e,n,s,g,True,False,False,False,False,n__n,n__f,0,0,0.00030147723846849563
k,y,e,f,y,f,c,n,b,t,,s,s,w,w,p,w,o,e,w,v,l,False,True,False,True,True,y__w,y__f,1,1,1.0
f,f,g,f,f,f,c,b,h,e,b,k,k,n,p,p,w,o,l,h,v,p,False,True,False,False,False,f__h,f__f,1,1,1.0
x,y,g,f,f,f,c,b,h,e,b,k,k,b,p,p,w,o,l,h,v,p,False,True,False,False,False,f__h,f__f,1,1,1.0
f,y,e,t,n,f,c,b,p,t,b,s,s,g,p,p,w,o,p,n,v,d,True,False,True,False,False,n__n,n__t,0,0,0.00030147723846849563
x,f,n,t,n,f,c,b,w,t,b,s,s,g,p,p,w,o,p,k,v,d,True,False,True,False,False,n__k,n__t,0,0,0.00030147723846849563
x,y,g,t,n,f,c,b,n,t,b,s,s,p,p,p,w,o,p,k,y,d,True,False,True,False,False,n__k,n__t,0,0,0.00030147723846849563
x,s,p,f,c,f,w,n,p,e,b,s,s,w,w,p,w,o,p,k,s,d,False,True,False,True,False,c__k,c__f,1,1,1.0
f,y,n,f,f,f,c,n,b,t,,s,s,w,p,p,w,o,e,w,v,p,False,True,False,True,True,f__w,f__f,1,1,1.0
x,y,g,f,f,f,c,b,p,e,b,k,k,b,b,p,w,o,l,h,y,p,False,True,False,False,False,f__h,f__f,1,1,1.0
f,s,w,t,f,f,c,b,h,t,b,s,f,w,w,p,w,o,p,h,s,g,False,True,True,False,False,f__h,f__t,1,1,1.0
f,f,w,f,n,f,w,b,n,t,e,s,f,w,w,p,w,o,e,n,s,g,True,False,False,False,False,n__n,n__f,0,0,0.00030147723846849563
x,s,w,f,n,f,w,b,w,e,,k,s,w,w,p,w,t,p,w,s,g,True,False,False,False,True,n__w,n__f,0,0,0.00030147723846849563
k,y,n,f,s,f,c,n,b,t,,k,s,w,w,p,w,o,e,w,v,l,False,True,False,True,True,s__w,s__f,1,1,1.0
x,y,y,t,l,f,c,b,p,e,r,s,y,w,w,p,w,o,p,k,s,p,False,False,True,False,False,l__k,l__t,0,0,0.00030147723846849563
x,y,n,t,l,f,c,b,p,e,r,s,y,w,w,p,w,o,p,k,s,p,False,False,True,False,False,l__k,l__t,0,0,0.00030147723846849563
f,y,g,t,n,f,c,b,n,t,b,s,s,p,g,p,w,o,p,k,y,d,True,False,True,False,False,n__k,n__t,0,0,0.00030147723846849563
x,y,y,t,a,f,c,b,n,e,c,s,s,w,w,p,w,o,p,k,n,m,False,False,True,False,False,a__k,a__t,0,0,0.00030147723846849563
f,f,y,f,f,f,c,b,g,e,b,k,k,b,p,p,w,o,l,h,y,d,False,True,False,False,False,f__h,f__f,1,1,1.0
x,f,g,f,f,f,c,b,h,e,b,k,k,n,n,p,w,o,l,h,v,g,False,True,False,False,False,f__h,f__f,1,1,1.0
f,s,e,f,f,f,c,n,b,t,,s,s,w,p,p,w,o,e,w,v,p,False,True,False,True,True,f__w,f__f,1,1,1.0
x,y,y,t,l,f,c,b,n,e,r,s,y,w,w,p,w,o,p,n,s,p,False,False,True,False,False,l__n,l__t,0,0,0.00030147723846849563
f,f,y,f,f,f,c,b,p,e,b,k,k,n,p,p,w,o,l,h,y,p,False,True,False,False,False,f__h,f__f,1,1,1.0
x,y,w,f,n,f,c,n,u,e,,s,f,w,w,p,w,o,f,h,v,d,True,False,False,True,True,n__h,n__f,0,0,0.00030147723846849563
f,s,g,t,f,f,c,b,h,t,b,f,s,w,w,p,w,o,p,h,v,u,False,True,True,False,False,f__h,f__t,1,1,1.0
k,y,n,f,y,f,c,n,b,t,,s,s,w,p,p,w,o,e,w,v,p,False,True,False,True,True,y__w,y__f,1,1,1.0
x,y,e,f,y,f,c,n,b,t,,s,k,w,w,p,w,o,e,w,v,d,False,True,False,True,True,y__w,y__f,1,1,1.0
x,f,w,f,n,f,w,b,h,t,e,f,f,w,w,p,w,o,e,n,a,g,True,False,False,False,False,n__n,n__f,0,0,0.00030147723846849563
f,f,w,f,n,f,w,b,n,t,e,s,s,w,w,p,w,o,e,k,s,g,True,False,False,False,False,n__k,n__f,0,0,0.00030147723846849563
f,s,n,f,y,f,c,n,b,t,,s,k,w,p,p,w,o,e,w,v,p,False,True,False,True,True,y__w,y__f,1,1,1.0
k,f,w,f,n,f,w,b,w,e,,k,k,w,w,p,w,t,p,w,n,g,True,False,False,False,True,n__w,n__f,0,0,0.00030147723846849563
f,y,n,t,n,f,c,b,w,t,b,s,s,w,w,p,w,o,p,k,v,d,True,False,True,False,False,n__k,n__t,0,0,0.00030147723846849563
x,y,e,t,n,f,c,b,p,t,b,s,s,w,p,p,w,o,p,n,y,d,True,False,True,False,False,n__n,n__t,0,0,0.00030147723846849563
x,f,e,t,n,f,c,b,w,t,b,s,s,w,w,p,w,o,p,n,y,d,True,False,True,False,False,n__n,n__t,0,0,0.00030147723846849563
x,f,y,f,f,f,c,b,p,e,b,k,k,n,p,p,w,o,l,h,y,p,False,True,False,False,False,f__h,f__f,1,1,1.0
f,s,g,f,n,f,w,b,k,t,e,s,f,w,w,p,w,o,e,k,s,g,True,False,False,False,False,n__k,n__f,0,0,0.00030147723846849563
x,y,e,f,s,f,c,n,b,t,,k,k,w,w,p,w,o,e,w,v,l,False,True,False,True,True,s__w,s__f,1,1,1.0
x,y,e,t,n,f,c,b,w,e,,s,s,e,w,p,w,t,e,w,c,w,True,False,True,False,True,n__w,n__t,0,0,0.00030147723846849563
f,s,e,f,s,f,c,n,b,t,,s,k,p,p,p,w,o,e,w,v,p,False,True,False,True,True,s__w,s__f,1,1,1.0
f,f,w,f,n,f,w,b,h,t,e,s,f,w,w,p,w,o,e,n,s,g,True,False,False,False,False,n__n,n__f,0,0,0.00030147723846849563
f,y,n,f,n,f,w,n,w,e,b,s,f,w,n,p,w,o,e,w,v,l,True,False,False,True,False,n__w,n__f,0,0,0.0
x,s,w,f,n,f,w,b,k,t,e,f,f,w,w,p,w,o,e,n,s,g,True,False,False,False,False,n__n,n__f,0,0,0.00030147723846849563
x,f,g,f,f,f,c,b,g,e,b,k,k,n,b,p,w,o,l,h,v,p,False,True,False,False,False,f__h,f__f,1,1,1.0
f,f,n,t,n,f,c,b,p,t,b,s,s,p,p,p,w,o,p,n,y,d,True,False,True,False,False,n__n,n__t,0,0,0.00030147723846849563
f,y,y,f,f,f,c,b,h,e,b,k,k,b,b,p,w,o,l,h,v,p,False,True,False,False,False,f__h,f__f,1,1,1.0
f,f,w,f,n,f,w,b,n,t,e,f,f,w,w,p,w,o,e,k,a,g,True,False,False,False,False,n__k,n__f,0,0,0.00030147723846849563
k,s,e,f,s,f,c,n,b,t,,k,k,p,p,p,w,o,e,w,v,l,False,True,False,True,True,s__w,s__f,1,1,1.0
f,y,n,t,a,f,c,b,w,e,r,s,y,w,w,p,w,o,p,k,y,g,False,False,True,False,False,a__k,a__t,0,0,0.00030147723846849563
b,f,w,f,n,f,w,b,p,e,,k,s,w,w,p,w,t,p,w,n,g,True,False,False,False,True,n__w,n__f,0,0,0.00030147723846849563
f,s,b,t,f,f,c,b,w,t,b,f,s,w,w,p,w,o,p,h,v,g,False,True,True,False,False,f__h,f__t,1,1,1.0
x,f,g,f,f,f,c,b,p,e,b,k,k,n,n,p,w,o,l,h,v,d,False,True,False,False,False,f__h,f__f,1,1,1.0
x,y,e,t,n,f,c,b,w,e,,s,s,e,e,p,w,t,e,w,c,w,True,False,True,False,True,n__w,n__t,0,0,0.00030147723846849563
b,s,w,t,a,f,c,b,g,e,c,s,s,w,w,p,w,o,p,k,n,g,False,False,True,False,False,a__k,a__t,0,0,0.00030147723846849563
x,y,y,t,a,f,c,b,w,e,c,s,s,w,w,p,w,o,p,k,s,m,False,False,True,False,False,a__k,a__t,0,0,0.00030147723846849563
f,s,n,f,n,f,w,b,p,t,e,f,f,w,w,p,w,o,e,n,a,g,True,False,False,False,False,n__n,n__f,0,0,0.00030147723846849563
x,y,n,f,y,f,c,n,b,t,,s,k,p,w,p,w,o,e,w,v,p,False,True,False,True,True,y__w,y__f,1,1,1.0
x,y,e,t,n,f,c,b,w,t,b,s,s,p,p,p,w,o,p,k,y,d,True,False,True,False,False,n__k,n__t,0,0,0.00030147723846849563
f,y,e,f,f,f,c,n,b,t,,k,k,w,w,p,w,o,e,w,v,l,False,True,False,True,True,f__w,f__f,1,1,1.0
f,y,n,f,y,f,c,n,b,t,,s,s,w,w,p,w,o,e,w,v,p,False,True,False,True,True,y__w,y__f,1,1,1.0
k,y,c,f,n,f,w,n,w,e,b,s,f,w,n,p,w,o,e,w,v,l,True,False,False,True,False,n__w,n__f,0,0,0.0
f,y,n,t,n,f,c,b,p,t,b,s,s,w,p,p,w,o,p,k,y,d,True,False,True,False,False,n__k,n__t,0,0,0.00030147723846849563
x,f,w,f,n,f,w,b,n,t,e,f,f,w,w,p,w,o,e,k,a,g,True,False,False,False,False,n__k,n__f,0,0,0.00030147723846849563
x,f,y,f,f,f,c,b,h,e,b,k,k,p,b,p,w,o,l,h,v,d,False,True,False,False,False,f__h,f__f,1,1,1.0
k,s,n,f,y,f,c,n,b,t,,s,k,p,p,p,w,o,e,w,v,p,False,True,False,True,True,y__w,y__f,1,1,1.0
b,s,w,f,n,f,w,b,g,e,,s,s,w,w,p,w,t,p,w,s,g,True,False,False,False,True,n__w,n__f,0,0,0.00030147723846849563
f,s,g,t,f,f,c,b,w,t,b,f,s,w,w,p,w,o,p,h,s,u,False,True,True,False,False,f__h,f__t,1,1,1.0
f,y,n,t,p,f,c,n,p,e,e,s,s,w,w,p,w,o,p,k,v,g,False,True,True,True,False,p__k,p__t,1,1,1.0
x,y,y,t,l,f,c,b,n,e,c,s,s,w,w,p,w,o,p,k,n,m,False,False,True,False,False,l__k,l__t,0,0,0.00030147723846849563
k,s,e,f,y,f,c,n,b,t,,s,s,p,p,p,w,o,e,w,v,l,False,True,False,True,True,y__w,y__f,1,1,1.0
x,s,w,t,l,f,c,b,w,e,c,s,s,w,w,p,w,o,p,n,s,m,False,False,True,False,False,l__n,l__t,0,0,0.00030147723846849563
f,f,g,f,f,f,c,b,h,e,b,k,k,p,p,p,w,o,l,h,v,g,False,True,False,False,False,f__h,f__f,1,1,1.0
x,y,e,f,s,f,c,n,b,t,,k,k,p,w,p,w,o,e,w,v,d,False,True,False,True,True,s__w,s__f,1,1,1.0
f,s,g,t,f,f,c,b,w,t,b,s,s,w,w,p,w,o,p,h,v,g,False,True,True,False,False,f__h,f__t,1,1,1.0
x,s,n,t,p,f,c,n,n,e,e,s,s,w,w,p,w,o,p,n,v,u,False,True,True,True,False,p__n,p__t,1,1,1.0
f,f,n,t,n,f,c,b,p,t,b,s,s,w,p,p,w,o,p,n,y,d,True,False,True,False,False,n__n,n__t,0,0,0.00030147723846849563
x,f,g,f,n,f,w,b,k,t,e,f,s,w,w,p,w,o,e,k,a,g,True,False,False,False,False,n__k,n__f,0,0,0.00030147723846849563
k,y,n,f,f,f,c,n,b,t,,s,k,p,w,p,w,o,e,w,v,p,False,True,False,True,True,f__w,f__f,1,1,1.0
k,s,n,f,n,a,c,b,o,e,,s,s,o,o,p,n,o,p,o,c,l,True,False,False,False,True,n__o,n__f,0,0,0.00030147723846849563
x,y,g,t,n,f,c,b,n,t,b,s,s,w,p,p,w,o,p,k,y,d,True,False,True,False,False,n__k,n__t,0,0,0.00030147723846849563
x,f,n,t,n,f,c,b,u,t,b,s,s,w,w,p,w,o,p,k,y,d,True,False,True,False,False,n__k,n__t,0,0,0.00030147723846849563
f,f,y,f,f,f,c,b,p,e,b,k,k,b,b,p,w,o,l,h,v,d,False,True,False,False,False,f__h,f__f,1,1,1.0
b,f,g,f,n,f,w,b,p,e,,s,s,w,w,p,w,t,p,w,n,g,True,False,False,False,True,n__w,n__f,0,0,0.00030147723846849563
x,y,y,f,f,f,c,b,p,e,b,k,k,n,b,p,w,o,l,h,v,d,False,True,False,False,False,f__h,f__f,1,1,1.0
b,y,y,t,l,f,c,b,k,e,c,s,s,w,w,p,w,o,p,k,n,g,False,False,True,False,False,l__k,l__t,0,0,0.00030147723846849563
x,f,n,t,n,f,c,b,n,t,b,s,s,p,w,p,w,o,p,k,y,d,True,False,True,False,False,n__k,n__t,0,0,0.00030147723846849563
f,s,g,f,n,f,w,b,k,t,e,s,s,w,w,p,w,o,e,k,a,g,True,False,False,False,False,n__k,n__f,0,0,0.00030147723846849563
f,y,e,t,n,f,c,b,p,t,b,s,s,w,p,p,w,o,p,k,v,d,True,False,True,False,False,n__k,n__t,0,0,0.00030147723846849563
k,y,n,f,s,f,c,n,b,t,,s,k,p,p,p,w,o,e,w,v,d,False,True,False,True,True,s__w,s__f,1,1,1.0
x,s,n,f,f,f,c,n,b,t,,s,s,p,p,p,w,o,e,w,v,d,False,True,False,True,True,f__w,f__f,1,1,1.0
f,y,g,t,n,f,c,b,n,t,b,s,s,p,p,p,w,o,p,n,v,d,True,False,True,False,False,n__n,n__t,0,0,0.00030147723846849563
x,y,n,t,a,f,c,b,n,e,r,s,y,w,w,p,w,o,p,k,y,p,False,False,True,False,False,a__k,a__t,0,0,0.00030147723846849563
k,s,n,f,n,a,c,b,o,e,,s,s,o,o,p,o,o,p,y,v,l,True,False,False,False,True,n__y,n__f,0,0,0.00030147723846849563
x,s,w,t,f,f,c,b,w,t,b,f,s,w,w,p,w,o,p,h,v,u,False,True,True,False,False,f__h,f__t,1,1,1.0
x,s,p,f,c,f,c,n,n,e,b,s,s,w,w,p,w,o,p,k,v,d,False,True,False,True,False,c__k,c__f,1,1,1.0
f,f,y,t,l,f,w,n,n,t,b,s,s,w,w,p,w,o,p,n,v,d,False,False,True,True,False,l__n,l__t,0,0,0.00030147723846849563
x,f,w,f,n,f,w,b,h,t,e,f,s,w,w,p,w,o,e,k,s,g,True,False,False,False,False,n__k,n__f,0,0,0.00030147723846849563
x,f,y,f,f,f,c,b,g,e,b,k,k,p,b,p,w,o,l,h,y,d,False,True,False,False,False,f__h,f__f,1,1,1.0
f,f,n,t,n,f,c,b,p,t,b,s,s,w,g,p,w,o,p,k,v,d,True,False,True,False,False,n__k,n__t,0,0,0.00030147723846849563
f,y,e,t,n,f,c,b,p,t,b,s,s,g,p,p,w,o,p,n,y,d,True,False,True,False,False,n__n,n__t,0,0,0.00030147723846849563
x,s,n,f,n,a,c,b,o,e,,s,s,o,o,p,n,o,p,n,v,l,True,False,False,False,True,n__n,n__f,0,0,0.00030147723846849563
x,y,n,t,n,f,c,b,u,t,b,s,s,p,p,p,w,o,p,k,v,d,True,False,True,False,False,n__k,n__t,0,0,0.00030147723846849563
b,s,n,f,n,a,c,b,n,e,,s,s,o,o,p,n,o,p,y,c,l,True,False,False,False,True,n__y,n__f,0,0,0.00030147723846849563
x,f,y,f,f,f,c,b,g,e,b,k,k,n,n,p,w,o,l,h,y,g,False,True,False,False,False,f__h,f__f,1,1,1.0
x,y,n,t,n,f,c,b,n,t,b,s,s,w,w,p,w,o,p,n,v,d,True,False,True,False,False,n__n,n__t,0,0,0.00030147723846849563
f,y,e,f,y,f,c,n,b,t,,s,k,w,p,p,w,o,e,w,v,d,False,True,False,True,True,y__w,y__f,1,1,1.0
f,y,e,f,y,f,c,n,b,t,,k,s,w,p,p,w,o,e,w,v,l,False,True,False,True,True,y__w,y__f,1,1,1.0
x,f,e,t,n,f,c,b,w,t,b,s,s,p,w,p,w,o,p,k,v,d,True,False,True,False,False,n__k,n__t,0,0,0.00030147723846849563
f,y,y,f,f,f,c,b,h,e,b,k,k,p,p,p,w,o,l,h,v,g,False,True,False,False,False,f__h,f__f,1,1,1.0
f,y,e,f,s,f,c,n,b,t,,k,s,w,p,p,w,o,e,w,v,d,False,True,False,True,True,s__w,s__f,1,1,1.0
x,s,g,f,n,f,w,b,w,e,,s,s,w,w,p,w,t,p,w,s,g,True,False,False,False,True,n__w,n__f,0,0,0.00030147723846849563
f,y,b,t,n,f,c,b,w,e,,s,s,w,w,p,w,t,e,w,c,w,True,False,True,False,True,n__w,n__t,0,0,0.00030147723846849563
f,y,n,f,f,f,c,n,b,t,,s,k,p,p,p,w,o,e,w,v,l,False,True,False,True,True,f__w,f__f,1,1,1.0
f,s,g,t,f,f,c,b,h,t,b,f,s,w,w,p,w,o,p,h,s,g,False,True,True,False,False,f__h,f__t,1,1,1.0
f,f,g,t,n,f,c,b,n,t,b,s,s,g,g,p,w,o,p,k,y,d,True,False,True,False,False,n__k,n__t,0,0,0.00030147723846849563
x,y,e,t,n,f,c,b,n,t,b,s,s,p,g,p,w,o,p,n,y,d,True,False,True,False,False,n__n,n__t,0,0,0.00030147723846849563
f,y,n,f,f,f,c,n,b,t,,s,s,w,p,p,w,o,e,w,v,l,False,True,False,True,True,f__w,f__f,1,1,1.0
b,y,w,t,l,f,c,b,n,e,c,s,s,w,w,p,w,o,p,n,s,g,False,False,True,False,False,l__n,l__t,0,0,0.00030147723846849563
f,f,e,t,n,f,c,b,n,t,b,s,s,w,g,p,w,o,p,k,v,d,True,False,True,False,False,n__k,n__t,0,0,0.00030147723846849563
x,y,y,f,f,f,c,b,g,e,b,k,k,n,p,p,w,o,l,h,v,g,False,True,False,False,False,f__h,f__f,1,1,1.0
x,f,n,f,n,f,w,b,p,t,e,s,f,w,w,p,w,o,e,n,s,g,True,False,False,False,False,n__n,n__f,0,0,0.00030147723846849563
x,s,b,t,n,f,c,b,e,e,,s,s,w,e,p,w,t,e,w,c,w,True,False,True,False,True,n__w,n__t,0,0,0.00030147723846849563
k,y,e,f,s,f,c,n,b,t,,k,s,w,p,p,w,o,e,w,v,d,False,True,False,True,True,s__w,s__f,1,1,1.0
f,f,g,f,n,f,w,b,k,t,e,f,s,w,w,p,w,o,e,n,a,g,True,False,False,False,False,n__n,n__f,0,0,0.00030147723846849563
f,y,n,t,n,f,c,b,n,t,b,s,s,p,p,p,w,o,p,k,y,d,True,False,True,False,False,n__k,n__t,0,0,0.00030147723846849563
f,s,n,t,n,f,c,b,w,e,b,s,s,w,w,p,w,t,p,w,y,p,True,False,True,False,False,n__w,n__t,0,0,0.00030147723846849563
f,f,w,f,n,f,w,b,h,t,e,f,s,w,w,p,w,o,e,n,s,g,True,False,False,False,False,n__n,n__f,0,0,0.00030147723846849563
x,y,n,t,n,f,c,b,n,t,b,s,s,p,g,p,w,o,p,k,v,d,True,False,True,False,False,n__k,n__t,0,0,0.00030147723846849563
x,f,y,t,a,f,w,n,w,t,b,s,s,w,w,p,w,o,p,n,v,d,False,False,True,True,False,a__n,a__t,0,0,0.00030147723846849563
f,f,y,f,f,f,c,b,p,e,b,k,k,p,n,p,w,o,l,h,y,p,False,True,False,False,False,f__h,f__f,1,1,1.0
x,f,p,f,c,f,w,n,n,e,b,s,s,w,w,p,w,o,p,k,s,d,False,True,False,True,False,c__k,c__f,1,1,1.0
f,s,n,f,n,f,w,b,k,t,e,s,f,w,w,p,w,o,e,k,a,g,True,False,False,False,False,n__k,n__f,0,0,0.00030147723846849563
f,s,e,f,f,f,c,n,b,t,,k,s,w,w,p,w,o,e,w,v,l,False,True,False,True,True,f__w,f__f,1,1,1.0
f,f,g,f,n,f,w,b,p,t,e,s,s,w,w,p,w,o,e,n,a,g,True,False,False,False,False,n__n,n__f,0,0,0.00030147723846849563
x,f,y,f,f,f,c,b,p,e,b,k,k,p,b,p,w,o,l,h,v,g,False,True,False,False,False,f__h,f__f,1,1,1.0
x,y,g,t,n,f,c,b,u,t,b,s,s,p,g,p,w,o,p,k,y,d,True,False,True,False,False,n__k,n__t,0,0,0.00030147723846849563
f,s,e,f,s,f,c,n,b,t,,s,s,p,p,p,w,o,e,w,v,l,False,True,False,True,True,s__w,s__f,1,1,1.0
x,f,w,f,n,f,w,b,n,t,e,s,f,w,w,p,w,o,e,n,s,g,True,False,False,False,False,n__n,n__f,0,0,0.00030147723846849563
b,s,w,f,n,f,w,b,p,e,,s,k,w,w,p,w,t,p,w,s,g,True,False,False,False,True,n__w,n__f,0,0,0.00030147723846849563
b,s,y,t,a,f,c,b,k,e,c,s,s,w,w,p,w,o,p,k,n,m,False,False,True,False,False,a__k,a__t,0,0,0.00030147723846849563
x,y,e,t,n,f,c,b,u,t,b,s,s,w,p,p,w,o,p,n,v,d,True,False,True,False,False,n__n,n__t,0,0,0.00030147723846849563
k,f,w,f,n,f,w,b,g,e,,k,s,w,w,p,w,t,p,w,s,g,True,False,False,False,True,n__w,n__f,0,0,0.00030147723846849563
x,f,e,t,n,f,c,b,n,t,b,s,s,w,p,p,w,o,p,n,v,d,True,False,True,False,False,n__n,n__t,0,0,0.00030147723846849563
x,f,e,t,n,f,c,b,p,t,b,s,s,g,p,p,w,o,p,k,v,d,True,False,True,False,False,n__k,n__t,0,0,0.00030147723846849563
x,s,w,t,l,f,c,b,w,e,c,s,s,w,w,p,w,o,p,k,n,g,False,False,True,False,False,l__k,l__t,0,0,0.00030147723846849563
f,y,e,f,f,f,c,n,b,t,,k,s,p,w,p,w,o,e,w,v,p,False,True,False,True,True,f__w,f__f,1,1,1.0
b,s,w,t,a,f,c,b,w,e,c,s,s,w,w,p,w,o,p,n,s,m,False,False,True,False,False,a__n,a__t,0,0,0.00030147723846849563
b,f,w,f,n,f,w,b,w,e,,s,s,w,w,p,w,t,p,w,s,g,True,False,False,False,True,n__w,n__f,0,0,0.00030147723846849563
x,y,g,t,n,f,c,b,p,t,b,s,s,g,g,p,w,o,p,n,y,d,True,False,True,False,False,n__n,n__t,0,0,0.00030147723846849563
f,f,g,f,f,f,c,b,p,e,b,k,k,b,b,p,w,o,l,h,v,g,False,True,False,False,False,f__h,f__f,1,1,1.0
x,f,e,t,n,f,c,b,p,t,b,s,s,p,g,p,w,o,p,k,v,d,True,False,True,False,False,n__k,n__t,0,0,0.00030147723846849563
f,f,g,t,n,f,c,b,w,t,b,s,s,p,p,p,w,o,p,n,v,d,True,False,True,False,False,n__n,n__t,0,0,0.00030147723846849563
f,y,y,f,f,f,c,b,p,e,b,k,k,b,n,p,w,o,l,h,v,g,False,True,False,False,False,f__h,f__f,1,1,1.0
x,y,w,t,p,f,c,n,w,e,e,s,s,w,w,p,w,o,p,k,v,u,False,True,True,True,False,p__k,p__t,1,1,1.0
x,f,w,f,n,f,w,b,k,t,e,s,f,w,w,p,w,o,e,k,a,g,True,False,False,False,False,n__k,n__f,0,0,0.00030147723846849563
b,s,g,f,n,f,w,b,p,e,,s,s,w,w,p,w,t,p,w,s,g,True,False,False,False,True,n__w,n__f,0,0,0.00030147723846849563
x,f,n,t,n,f,c,b,w,t,b,s,s,p,w,p,w,o,p,n,y,d,True,False,True,False,False,n__n,n__t,0,0,0.00030147723846849563
x,y,g,f,f,f,c,b,h,e,b,k,k,p,b,p,w,o,l,h,y,g,False,True,False,False,False,f__h,f__f,1,1,1.0
x,f,e,t,n,f,c,b,u,t,b,s,s,w,p,p,w,o,p,k,y,d,True,False,True,False,False,n__k,n__t,0,0,0.00030147723846849563
k,f,g,f,n,f,w,b,w,e,,k,k,w,w,p,w,t,p,w,n,g,True,False,False,False,True,n__w,n__f,0,0,0.00030147723846849563
x,s,g,f,n,f,w,b,g,e,,s,k,w,w,p,w,t,p,w,s,g,True,False,False,False,True,n__w,n__f,0,0,0.00030147723846849563
f,f,e,t,n,f,c,b,n,t,b,s,s,p,g,p,w,o,p,k,y,d,True,False,True,False,False,n__k,n__t,0,0,0.00030147723846849563
x,s,e,f,s,f,c,n,b,t,,k,k,p,p,p,w,o,e,w,v,p,False,True,False,True,True,s__w,s__f,1,1,1.0
x,s,n,f,f,f,c,n,b,t,,s,s,w,p,p,w,o,e,w,v,l,False,True,False,True,True,f__w,f__f,1,1,1.0
k,s,p,t,n,f,c,b,w,e,,s,s,e,w,p,w,t,e,w,c,w,True,False,True,False,True,n__w,n__t,0,0,0.00030147723846849563
x,y,g,t,n,f,c,b,p,t,b,s,s,p,p,p,w,o,p,k,y,d,True,False,True,False,False,n__k,n__t,0,0,0.00030147723846849563
x,y,y,f,f,f,c,b,g,e,b,k,k,p,n,p,w,o,l,h,y,d,False,True,False,False,False,f__h,f__f,1,1,1.0
f,s,n,f,n,f,w,b,n,t,e,f,s,w,w,p,w,o,e,k,a,g,True,False,False,False,False,n__k,n__f,0,0,0.00030147723846849563
x,s,w,t,f,f,c,b,w,t,b,f,s,w,w,p,w,o,p,h,v,g,False,True,True,False,False,f__h,f__t,1,1,1.0
k,y,p,t,n,f,c,b,e,e,,s,s,w,w,p,w,t,e,w,c,w,True,False,True,False,True,n__w,n__t,0,0,0.00030147723846849563
f,y,e,f,y,f,c,n,b,t,,k,k,w,w,p,w,o,e,w,v,l,False,True,False,True,True,y__w,y__f,1,1,1.0
f,y,e,t,n,f,c,b,n,t,b,s,s,p,p,p,w,o,p,n,y,d,True,False,True,False,False,n__n,n__t,0,0,0.00030147723846849563
f,y,y,f,f,f,c,b,p,e,b,k,k,b,n,p,w,o,l,h,v,p,False,True,False,False,False,f__h,f__f,1,1,1.0
f,y,e,t,n,f,c,b,p,t,b,s,s,w,g,p,w,o,p,n,v,d,True,False,True,False,False,n__n,n__t,0,0,0.00030147723846849563
f,s,w,t,p,f,c,n,w,e,e,s,s,w,w,p,w,o,p,k,v,u,False,True,True,True,False,p__k,p__t,1,1,1.0
x,s,e,f,f,f,c,n,b,t,,s,k,p,p,p,w,o,e,w,v,d,False,True,False,True,True,f__w,f__f,1,1,1.0
f,y,g,f,f,f,c,b,p,e,b,k,k,b,p,p,w,o,l,h,v,g,False,True,False,False,False,f__h,f__f,1,1,1.0
f,s,e,f,y,f,c,n,b,t,,k,s,w,w,p,w,o,e,w,v,l,False,True,False,True,True,y__w,y__f,1,1,1.0
x,y,e,f,y,f,c,n,b,t,,s,k,w,w,p,w,o,e,w,v,p,False,True,False,True,True,y__w,y__f,1,1,1.0
x,f,g,f,n,f,w,b,n,t,e,s,f,w,w,p,w,o,e,k,a,g,True,False,False,False,False,n__k,n__f,0,0,0.00030147723846849563
f,y,n,f,s,f,c,n,b,t,,s,s,p,p,p,w,o,e,w,v,p,False,True,False,True,True,s__w,s__f,1,1,1.0
x,y,y,t,a,f,c,b,w,e,r,s,y,w,w,p,w,o,p,n,y,g,False,False,True,False,False,a__n,a__t,0,0,0.00030147723846849563
f,f,g,f,f,f,c,b,h,e,b,k,k,b,p,p,w,o,l,h,v,p,False,True,False,False,False,f__h,f__f,1,1,1.0
x,f,g,f,f,f,c,b,p,e,b,k,k,n,b,p,w,o,l,h,y,g,False,True,False,False,False,f__h,f__f,1,1,1.0
f,s,b,t,f,f,c,b,p,t,b,s,s,w,w,p,w,o,p,h,v,u,False,True,True,False,False,f__h,f__t,1,1,1.0
f,y,e,t,n,f,c,b,n,t,b,s,s,g,p,p,w,o,p,k,v,d,True,False,True,False,False,n__k,n__t,0,0,0.00030147723846849563
x,f,g,f,n,f,w,b,h,t,e,f,f,w,w,p,w,o,e,n,s,g,True,False,False,False,False,n__n,n__f,0,0,0.00030147723846849563
x,y,w,t,l,f,c,b,k,e,c,s,s,w,w,p,w,o,p,k,s,g,False,False,True,False,False,l__k,l__t,0,0,0.00030147723846849563
f,y,n,t,n,f,c,b,u,t,b,s,s,p,p,p,w,o,p,k,y,d,True,False,True,False,False,n__k,n__t,0,0,0.00030147723846849563
b,y,w,t,l,f,c,b,g,e,c,s,s,w,w,p,w,o,p,k,s,m,False,False,True,False,False,l__k,l__t,0,0,0.00030147723846849563
f,y,n,f,y,f,c,n,b,t,,s,s,w,w,p,w,o,e,w,v,d,False,True,False,True,True,y__w,y__f,1,1,1.0
x,y,n,f,y,f,c,n,b,t,,k,s,w,w,p,w,o,e,w,v,p,False,True,False,True,True,y__w,y__f,1,1,1.0
x,s,n,t,p,f,c,n,n,e,e,s,s,w,w,p,w,o,p,n,s,u,False,True,True,True,False,p__n,p__t,1,1,1.0
f,y,e,f,s,f,c,n,b,t,,s,s,w,p,p,w,o,e,w,v,p,False,True,False,True,True,s__w,s__f,1,1,1.0
x,s,w,t,f,f,c,b,p,t,b,s,f,w,w,p,w,o,p,h,s,u,False,True,True,False,False,f__h,f__t,1,1,1.0
x,y,w,t,p,f,c,n,k,e,e,s,s,w,w,p,w,o,p,n,s,u,False,True,True,True,False,p__n,p__t,1,1,1.0
f,s,n,f,f,f,c,n,b,t,,k,k,w,p,p,w,o,e,w,v,p,False,True,False,True,True,f__w,f__f,1,1,1.0
f,s,e,f,s,f,c,n,b,t,,k,s,w,w,p,w,o,e,w,v,d,False,True,False,True,True,s__w,s__f,1,1,1.0
x,s,w,t,a,f,c,b,w,e,c,s,s,w,w,p,w,o,p,k,s,m,False,False,True,False,False,a__k,a__t,0,0,0.00030147723846849563
b,s,w,f,n,f,w,b,p,e,,k,k,w,w,p,w,t,p,w,n,g,True,False,False,False,True,n__w,n__f,0,0,0.00030147723846849563
x,f,n,t,n,f,c,b,n,t,b,s,s,p,w,p,w,o,p,n,y,d,True,False,True,False,False,n__n,n__t,0,0,0.00030147723846849563
f,y,u,f,n,f,c,n,h,e,,s,f,w,w,p,w,o,f,h,v,d,True,False,False,True,True,n__h,n__f,0,0,0.00030147723846849563
f,y,n,f,y,f,c,n,b,t,,s,k,w,w,p,w,o,e,w,v,p,False,True,False,True,True,y__w,y__f,1,1,1.0
k,s,e,f,f,f,c,n,b,t,,k,k,p,p,p,w,o,e,w,v,p,False,True,False,True,True,f__w,f__f,1,1,1.0
x,f,p,f,c,f,c,n,n,e,b,s,s,w,w,p,w,o,p,k,v,d,False,True,False,True,False,c__k,c__f,1,1,1.0
f,y,y,f,f,f,c,b,h,e,b,k,k,p,b,p,w,o,l,h,v,g,False,True,False,False,False,f__h,f__f,1,1,1.0
x,y,e,f,y,f,c,n,b,t,,s,s,w,w,p,w,o,e,w,v,p,False,True,False,True,True,y__w,y__f,1,1,1.0
x,f,e,t,n,f,c,b,u,t,b,s,s,p,w,p,w,o,p,k,v,d,True,False,True,False,False,n__k,n__t,0,0,0.00030147723846849563
x,y,n,f,s,f,c,n,b,t,,s,s,w,p,p,w,o,e,w,v,d,False,True,False,True,True,s__w,s__f,1,1,1.0
f,y,y,f,f,f,c,b,h,e,b,k,k,p,p,p,w,o,l,h,v,d,False,True,False,False,False,f__h,f__f,1,1,1.0
k,y,e,f,f,f,c,n,b,t,,k,s,w,w,p,w,o,e,w,v,l,False,True,False,True,True,f__w,f__f,1,1,1.0
x,f,y,f,f,f,c,b,h,e,b,k,k,n,n,p,w,o,l,h,v,d,False,True,False,False,False,f__h,f__f,1,1,1.0
f,y,y,t,l,f,c,b,p,e,r,s,y,w,w,p,w,o,p,n,s,g,False,False,True,False,False,l__n,l__t,0,0,0.00030147723846849563
x,f,y,f,f,f,c,b,h,e,b,k,k,b,p,p,w,o,l,h,v,d,False,True,False,False,False,f__h,f__f,1,1,1.0
f,f,w,t,l,f,w,n,n,t,b,s,s,w,w,p,w,o,p,n,v,d,False,False,True,True,False,l__n,l__t,0,0,0.00030147723846849563
f,f,e,t,n,f,c,b,p,t,b,s,s,g,g,p,w,o,p,n,y,d,True,False,True,False,False,n__n,n__t,0,0,0.00030147723846849563
f,f,n,f,n,f,w,b,n,t,e,f,s,w,w,p,w,o,e,n,s,g,True,False,False,False,False,n__n,n__f,0,0,0.00030147723846849563
x,s,w,f,c,f,c,n,n,e,b,s,s,w,w,p,w,o,p,n,s,d,False,True,False,True,False,c__n,c__f,1,1,1.0
x,y,y,t,a,f,c,b,w,e,c,s,s,w,w,p,w,o,p,n,n,m,False,False,True,False,False,a__n,a__t,0,0,0.00030147723846849563
x,s,g,t,f,f,c,b,h,t,b,s,f,w,w,p,w,o,p,h,s,g,False,True,True,False,False,f__h,f__t,1,1,1.0
x,y,y,f,f,f,c,b,h,e,b,k,k,p,n,p,w,o,l,h,y,d,False,True,False,False,False,f__h,f__f,1,1,1.0
x,y,y,t,a,f,c,b,w,e,c,s,s,w,w,p,w,o,p,k,s,g,False,False,True,False,False,a__k,a__t,0,0,0.00030147723846849563
f,s,e,f,s,f,c,n,b,t,,k,k,w,w,p,w,o,e,w,v,d,False,True,False,True,True,s__w,s__f,1,1,1.0
f,s,e,f,s,f,c,n,b,t,,k,k,p,w,p,w,o,e,w,v,p,False,True,False,True,True,s__w,s__f,1,1,1.0
x,f,g,f,c,f,c,n,n,e,b,s,s,w,w,p,w,o,p,n,v,d,False,True,False,True,False,c__n,c__f,1,1,1.0
x,f,g,t,n,f,c,b,u,t,b,s,s,p,p,p,w,o,p,k,v,d,True,False,True,False,False,n__k,n__t,0,0,0.00030147723846849563
x,y,e,f,f,f,c,n,b,t,,k,k,p,w,p,w,o,e,w,v,d,False,True,False,True,True,f__w,f__f,1,1,1.0
f,y,e,t,n,f,c,b,w,t,b,s,s,w,g,p,w,o,p,k,y,d,True,False,True,False,False,n__k,n__t,0,0,0.00030147723846849563
f,f,y,f,f,f,c,b,p,e,b,k,k,b,n,p,w,o,l,h,y,p,False,True,False,False,False,f__h,f__f,1,1,1.0
x,s,p,f,c,f,c,n,g,e,b,s,s,w,w,p,w,o,p,k,v,d,False,True,False,True,False,c__k,c__f,1,1,1.0
x,y,g,f,f,f,c,b,p,e,b,k,k,b,b,p,w,o,l,h,v,p,False,True,False,False,False,f__h,f__f,1,1,1.0
f,f,w,f,n,f,w,b,n,t,e,f,s,w,w,p,w,o,e,n,s,g,True,False,False,False,False,n__n,n__f,0,0,0.00030147723846849563
f,s,g,f,n,f,w,b,h,t,e,s,s,w,w,p,w,o,e,k,a,g,True,False,False,False,False,n__k,n__f,0,0,0.00030147723846849563
x,s,g,f,n,f,w,b,p,t,e,f,f,w,w,p,w,o,e,n,a,g,True,False,False,False,False,n__n,n__f,0,0,0.00030147723846849563
x,y,g,t,n,f,c,b,p,t,b,s,s,w,g,p,w,o,p,n,v,d,True,False,True,False,False,n__n,n__t,0,0,0.00030147723846849563
k,s,e,f,y,f,c,n,b,t,,s,s,p,p,p,w,o,e,w,v,p,False,True,False,True,True,y__w,y__f,1,1,1.0
k,s,w,f,n,f,w,b,p,e,,s,s,w,w,p,w,t,p,w,n,g,True,False,False,False,True,n__w,n__f,0,0,0.00030147723846849563
x,y,n,t,l,f,c,b,n,e,r,s,y,w,w,p,w,o,p,n,y,p,False,False,True,False,False,l__n,l__t,0,0,0.00030147723846849563
x,s,w,f,c,f,w,n,n,e,b,s,s,w,w,p,w,o,p,k,v,d,False,True,False,True,False,c__k,c__f,1,1,1.0
f,s,g,f,n,f,w,b,n,t,e,s,s,w,w,p,w,o,e,n,a,g,True,False,False,False,False,n__n,n__f,0,0,0.00030147723846849563
f,y,n,t,l,f,c,b,p,e,r,s,y,w,w,p,w,o,p,k,s,p,False,False,True,False,False,l__k,l__t,0,0,0.00030147723846849563
k,y,n,f,y,f,c,n,b,t,,k,k,p,p,p,w,o,e,w,v,p,False,True,False,True,True,y__w,y__f,1,1,1.0
x,s,b,t,f,f,c,b,p,t,b,s,f,w,w,p,w,o,p,h,s,u,False,True,True,False,False,f__h,f__t,1,1,1.0
x,y,g,f,f,f,c,b,h,e,b,k,k,b,b,p,w,o,l,h,y,d,False,True,False,False,False,f__h,f__f,1,1,1.0
k,y,n,f,y,f,c,n,b,t,,k,k,w,p,p,w,o,e,w,v,d,False,True,False,True,True,y__w,y__f,1,1,1.0
b,s,n,f,n,a,c,b,y,e,,s,s,o,o,p,o,o,p,y,c,l,True,False,False,False,True,n__y,n__f,0,0,0.00030147723846849563
x,s,e,f,s,f,c,n,b,t,,s,k,p,w,p,w,o,e,w,v,p,False,True,False,True,True,s__w,s__f,1,1,1.0
k,y,e,f,y,f,c,n,b,t,,k,k,p,w,p,w,o,e,w,v,p,False,True,False,True,True,y__w,y__f,1,1,1.0
f,s,w,f,n,f,w,b,h,t,e,s,s,w,w,p,w,o,e,k,a,g,True,False,False,False,False,n__k,n__f,0,0,0.00030147723846849563
f,s,g,t,f,f,c,b,p,t,b,s,f,w,w,p,w,o,p,h,s,u,False,True,True,False,False,f__h,f__t,1,1,1.0
x,y,n,f,y,f,c,n,b,t,,s,s,w,w,p,w,o,e,w,v,l,False,True,False,True,True,y__w,y__f,1,1,1.0
x,y,n,t,p,f,c,n,p,e,e,s,s,w,w,p,w,o,p,k,s,u,False,True,True,True,False,p__k,p__t,1,1,1.0
f,y,e,f,y,f,c,n,b,t,,s,k,w,w,p,w,o,e,w,v,d,False,True,False,True,True,y__w,y__f,1,1,1.0
f,f,g,f,n,f,w,b,p,t,e,f,s,w,w,p,w,o,e,n,s,g,True,False,False,False,False,n__n,n__f,0,0,0.00030147723846849563
f,y,n,f,s,f,c,n,b,t,,s,s,p,w,p,w,o,e,w,v,l,False,True,False,True,True,s__w,s__f,1,1,1.0
f,f,e,t,n,f,c,b,n,t,b,s,s,w,p,p,w,o,p,k,y,d,True,False,True,False,False,n__k,n__t,0,0,0.00030147723846849563
f,s,w,f,n,f,w,b,k,t,e,f,f,w,w,p,w,o,e,k,s,g,True,False,False,False,False,n__k,n__f,0,0,0.00030147723846849563
f,f,g,t,n,f,c,b,n,t,b,s,s,w,w,p,w,o,p,n,v,d,True,False,True,False,False,n__n,n__t,0,0,0.00030147723846849563
f,s,n,f,f,f,c,n,b,t,,s,s,w,w,p,w,o,e,w,v,p,False,True,False,True,True,f__w,f__f,1,1,1.0
x,s,b,t,f,f,c,b,p,t,b,s,f,w,w,p,w,o,p,h,v,u,False,True,True,False,False,f__h,f__t,1,1,1.0
f,f,g,f,f,f,c,b,g,e,b,k,k,p,p,p,w,o,l,h,y,g,False,True,False,False,False,f__h,f__f,1,1,1.0
x,f,n,t,n,f,c,b,w,t,b,s,s,g,g,p,w,o,p,n,y,d,True,False,True,False,False,n__n,n__t,0,0,0.00030147723846849563
x,s,w,t,l,f,c,b,w,e,c,s,s,w,w,p,w,o,p,k,s,m,False,False,True,False,False,l__k,l__t,0,0,0.00030147723846849563
x,s,w,f,n,f,w,b,w,e,,k,k,w,w,p,w,t,p,w,s,g,True,False,False,False,True,n__w,n__f,0,0,0.00030147723846849563
f,y,n,t,n,f,c,b,w,t,b,s,s,p,w,p,w,o,p,k,v,d,True,False,True,False,False,n__k,n__t,0,0,0.00030147723846849563
f,f,n,f,n,f,w,b,k,t,e,f,s,w,w,p,w,o,e,k,a,g,True,False,False,False,False,n__k,n__f,0,0,0.00030147723846849563
x,y,n,t,l,f,c,b,w,e,r,s,y,w,w,p,w,o,p,n,s,g,False,False,True,False,False,l__n,l__t,0,0,0.00030147723846849563
x,f,y,f,f,f,c,b,h,e,b,k,k,b,n,p,w,o,l,h,v,g,False,True,False,False,False,f__h,f__f,1,1,1.0
x,s,n,f,s,f,c,n,b,t,,s,s,w,w,p,w,o,e,w,v,d,False,True,False,True,True,s__w,s__f,1,1,1.0
x,s,n,f,n,a,c,b,y,e,,s,s,o,o,p,n,o,p,n,v,l,True,False,False,False,True,n__n,n__f,0,0,0.00030147723846849563
f,s,w,t,n,f,c,b,r,e,b,s,s,w,w,p,w,t,p,r,v,m,True,False,True,False,False,n__r,n__t,1,1,1.0
x,f,w,f,n,f,w,b,h,t,e,f,s,w,w,p,w,o,e,k,a,g,True,False,False,False,False,n__k,n__f,0,0,0.00030147723846849563
b,y,w,t,l,f,c,b,w,e,c,s,s,w,w,p,w,o,p,k,s,g,False,False,True,False,False,l__k,l__t,0,0,0.00030147723846849563
f,y,e,t,n,f,c,b,p,t,b,s,s,w,g,p,w,o,p,k,v,d,True,False,True,False,False,n__k,n__t,0,0,0.00030147723846849563
x,s,g,t,f,f,c,b,h,t,b,s,s,w,w,p,w,o,p,h,s,u,False,True,True,False,False,f__h,f__t,1,1,1.0
f,y,n,f,y,f,c,n,b,t,,k,s,p,w,p,w,o,e,w,v,d,False,True,False,True,True,y__w,y__f,1,1,1.0
x,y,n,f,f,f,c,n,b,t,,s,s,w,p,p,w,o,e,w,v,d,False,True,False,True,True,f__w,f__f,1,1,1.0
x,y,e,f,y,f,c,n,b,t,,k,s,p,p,p,w,o,e,w,v,d,False,True,False,True,True,y__w,y__f,1,1,1.0
f,s,e,f,f,f,c,n,b,t,,k,s,p,p,p,w,o,e,w,v,d,False,True,False,True,True,f__w,f__f,1,1,1.0
x,s,w,t,a,f,w,n,n,t,b,s,s,w,w,p,w,o,p,n,v,d,False,False,True,True,False,a__n,a__t,0,0,0.00030147723846849563
f,f,y,f,f,f,c,b,h,e,b,k,k,n,b,p,w,o,l,h,v,p,False,True,False,False,False,f__h,f__f,1,1,1.0
f,y,y,f,f,f,c,b,g,e,b,k,k,n,p,p,w,o,l,h,v,p,False,True,False,False,False,f__h,f__f,1,1,1.0
x,y,y,t,l,f,c,b,w,e,c,s,s,w,w,p,w,o,p,n,n,g,False,False,True,False,False,l__n,l__t,0,0,0.00030147723846849563
s,f,g,f,n,f,c,n,k,e,e,s,s,w,w,p,w,o,p,n,y,u,True,False,False,True,False,n__n,n__f,0,0,0.00030147723846849563
f,y,n,f,y,f,c,n,b,t,,s,k,w,p,p,w,o,e,w,v,p,False,True,False,True,True,y__w,y__f,1,1,1.0
f,s,b,t,f,f,c,b,w,t,b,f,f,w,w,p,w,o,p,h,s,u,False,True,True,False,False,f__h,f__t,1,1,1.0
b,s,w,f,n,f,w,b,p,e,,k,k,w,w,p,w,t,p,w,s,g,True,False,False,False,True,n__w,n__f,0,0,0.00030147723846849563
x,f,g,f,f,f,c,b,h,e,b,k,k,p,b,p,w,o,l,h,y,p,False,True,False,False,False,f__h,f__f,1,1,1.0
k,y,e,f,s,f,c,n,b,t,,s,s,p,p,p,w,o,e,w,v,d,False,True,False,True,True,s__w,s__f,1,1,1.0
x,y,n,t,l,f,c,b,w,e,r,s,y,w,w,p,w,o,p,n,s,p,False,False,True,False,False,l__n,l__t,0,0,0.00030147723846849563
f,y,g,f,f,f,c,b,g,e,b,k,k,b,n,p,w,o,l,h,y,g,False,True,False,False,False,f__h,f__f,1,1,1.0
k,y,n,f,f,f,c,n,b,t,,k,s,p,p,p,w,o,e,w,v,p,False,True,False,True,True,f__w,f__f,1,1,1.0
x,s,n,f,s,f,c,n,b,t,,s,s,w,p,p,w,o,e,w,v,p,False,True,False,True,True,s__w,s__f,1,1,1.0
f,y,g,f,f,f,c,b,h,e,b,k,k,p,b,p,w,o,l,h,v,d,False,True,False,False,False,f__h,f__f,1,1,1.0
b,s,y,t,l,f,c,b,g,e,c,s,s,w,w,p,w,o,p,k,s,g,False,False,True,False,False,l__k,l__t,0,0,0.00030147723846849563
f,f,e,t,n,f,c,b,u,t,b,s,s,g,g,p,w,o,p,n,y,d,True,False,True,False,False,n__n,n__t,0,0,0.00030147723846849563
f,s,e,f,y,f,c,n,b,t,,k,s,p,p,p,w,o,e,w,v,d,False,True,False,True,True,y__w,y__f,1,1,1.0
x,f,g,t,n,f,c,b,n,t,b,s,s,g,p,p,w,o,p,k,v,d,True,False,True,False,False,n__k,n__t,0,0,0.00030147723846849563
f,y,n,t,p,f,c,n,p,e,e,s,s,w,w,p,w,o,p,n,s,g,False,True,True,True,False,p__n,p__t,1,1,1.0
x,y,y,f,f,f,c,b,g,e,b,k,k,p,b,p,w,o,l,h,y,d,False,True,False,False,False,f__h,f__f,1,1,1.0
b,y,b,t,n,f,c,b,g,e,b,s,s,w,w,p,w,t,p,r,v,g,True,False,True,False,False,n__r,n__t,1,1,1.0
f,y,u,f,n,f,c,n,w,e,,s,f,w,w,p,w,o,f,h,y,d,True,False,False,True,True,n__h,n__f,0,0,0.00030147723846849563
x,s,g,f,n,f,w,b,k,t,e,s,f,w,w,p,w,o,e,n,s,g,True,False,False,False,False,n__n,n__f,0,0,0.00030147723846849563
x,y,e,t,n,f,c,b,u,t,b,s,s,w,g,p,w,o,p,n,v,d,True,False,True,False,False,n__n,n__t,0,0,0.00030147723846849563
f,f,n,t,n,f,c,b,w,t,b,s,s,w,g,p,w,o,p,k,y,d,True,False,True,False,False,n__k,n__t,0,0,0.00030147723846849563
x,y,w,f,n,f,c,n,w,e,,s,f,w,w,p,w,o,f,h,y,d,True,False,False,True,True,n__h,n__f,0,0,0.00030147723846849563
f,s,n,f,y,f,c,n,b,t,,k,s,w,p,p,w,o,e,w,v,p,False,True,False,True,True,y__w,y__f,1,1,1.0
f,y,g,f,f,f,c,b,g,e,b,k,k,b,n,p,w,o,l,h,y,p,False,True,False,False,False,f__h,f__f,1,1,1.0
x,f,n,t,n,f,c,b,w,t,b,s,s,w,p,p,w,o,p,n,v,d,True,False,True,False,False,n__n,n__t,0,0,0.00030147723846849563
x,y,p,t,n,f,c,b,e,e,,s,s,e,w,p,w,t,e,w,c,w,True,False,True,False,True,n__w,n__t,0,0,0.00030147723846849563
k,s,e,f,s,f,c,n,b,t,,k,s,w,w,p,w,o,e,w,v,l,False,True,False,True,True,s__w,s__f,1,1,1.0
x,s,n,f,s,f,c,n,b,t,,s,s,p,w,p,w,o,e,w,v,l,False,True,False,True,True,s__w,s__f,1,1,1.0
x,f,n,f,n,f,c,n,n,e,e,s,s,w,w,p,w,o,p,n,v,u,True,False,False,True,False,n__n,n__f,0,0,0.00030147723846849563
x,f,w,t,a,f,w,n,n,t,b,s,s,w,w,p,w,o,p,n,v,d,False,False,True,True,False,a__n,a__t,0,0,0.00030147723846849563
k,s,n,f,n,a,c,b,o,e,,s,s,o,o,p,o,o,p,o,c,l,True,False,False,False,True,n__o,n__f,0,0,0.00030147723846849563
f,y,n,t,a,f,c,b,w,e,r,s,y,w,w,p,w,o,p,k,y,p,False,False,True,False,False,a__k,a__t,0,0,0.00030147723846849563
x,s,n,t,p,f,c,n,w,e,e,s,s,w,w,p,w,o,p,k,v,g,False,True,True,True,False,p__k,p__t,1,1,1.0
x,y,y,t,l,f,c,b,k,e,c,s,s,w,w,p,w,o,p,n,s,m,False,False,True,False,False,l__n,l__t,0,0,0.00030147723846849563
k,s,e,f,s,f,c,n,b,t,,s,k,p,p,p,w,o,e,w,v,l,False,True,False,True,True,s__w,s__f,1,1,1.0
x,s,y,t,l,f,c,b,w,e,c,s,s,w,w,p,w,o,p,n,s,m,False,False,True,False,False,l__n,l__t,0,0,0.00030147723846849563
f,s,n,f,n,f,w,b,k,t,e,s,s,w,w,p,w,o,e,k,s,g,True,False,False,False,False,n__k,n__f,0,0,0.00030147723846849563
f,y,e,t,n,f,c,b,p,t,b,s,s,p,p,p,w,o,p,n,v,d,True,False,True,False,False,n__n,n__t,0,0,0.00030147723846849563
k,y,e,f,f,f,c,n,b,t,,k,s,w,p,p,w,o,e,w,v,p,False,True,False,True,True,f__w,f__f,1,1,1.0
f,y,y,f,f,f,c,b,p,e,b,k,k,n,p,p,w,o,l,h,y,d,False,True,False,False,False,f__h,f__f,1,1,1.0
k,g,w,t,n,f,w,n,w,e,b,s,s,w,w,p,w,o,p,w,c,l,True,False,True,True,False,n__w,n__t,1,1,1.0
f,f,g,f,f,f,c,b,h,e,b,k,k,b,b,p,w,o,l,h,y,d,False,True,False,False,False,f__h,f__f,1,1,1.0
x,y,e,t,n,f,c,b,w,t,b,s,s,w,p,p,w,o,p,k,y,d,True,False,True,False,False,n__k,n__t,0,0,0.00030147723846849563
f,f,g,f,n,f,w,b,n,t,e,s,f,w,w,p,w,o,e,n,s,g,True,False,False,False,False,n__n,n__f,0,0,0.00030147723846849563
f,f,g,t,n,f,c,b,n,t,b,s,s,p,g,p,w,o,p,n,v,d,True,False,True,False,False,n__n,n__t,0,0,0.00030147723846849563
f,y,n,t,n,f,c,b,n,t,b,s,s,p,p,p,w,o,p,n,y,d,True,False,True,False,False,n__n,n__t,0,0,0.00030147723846849563
f,y,n,t,l,f,c,b,p,e,r,s,y,w,w,p,w,o,p,k,s,g,False,False,True,False,False,l__k,l__t,0,0,0.00030147723846849563
k,y,n,f,y,f,c,n,b,t,,k,s,w,w,p,w,o,e,w,v,l,False,True,False,True,True,y__w,y__f,1,1,1.0
f,s,e,f,s,f,c,n,b,t,,s,k,p,p,p,w,o,e,w,v,l,False,True,False,True,True,s__w,s__f,1,1,1.0
x,s,w,t,p,f,c,n,k,e,e,s,s,w,w,p,w,o,p,k,s,g,False,True,True,True,False,p__k,p__t,1,1,1.0
f,y,g,f,f,f,c,b,h,e,b,k,k,b,n,p,w,o,l,h,y,p,False,True,False,False,False,f__h,f__f,1,1,1.0
x,f,n,t,n,f,c,b,n,t,b,s,s,p,p,p,w,o,p,k,v,d,True,False,True,False,False,n__k,n__t,0,0,0.00030147723846849563
k,y,y,f,n,f,w,n,w,e,c,y,y,y,y,p,y,o,e,w,c,l,True,False,False,True,False,n__w,n__f,1,1,1.0
x,s,g,t,f,f,c,b,h,t,b,f,s,w,w,p,w,o,p,h,v,g,False,True,True,False,False,f__h,f__t,1,1,1.0
k,f,g,f,n,f,w,b,p,e,,k,s,w,w,p,w,t,p,w,s,g,True,False,False,False,True,n__w,n__f,0,0,0.00030147723846849563
f,y,g,f,f,f,c,b,p,e,b,k,k,p,p,p,w,o,l,h,y,p,False,True,False,False,False,f__h,f__f,1,1,1.0
f,y,n,f,y,f,c,n,b,t,,k,s,w,p,p,w,o,e,w,v,p,False,True,False,True,True,y__w,y__f,1,1,1.0
x,y,n,f,s,f,c,n,b,t,,k,k,w,p,p,w,o,e,w,v,d,False,True,False,True,True,s__w,s__f,1,1,1.0
b,s,y,t,a,f,c,b,w,e,c,s,s,w,w,p,w,o,p,k,s,g,False,False,True,False,False,a__k,a__t,0,0,0.00030147723846849563
f,f,g,f,f,f,c,b,h,e,b,k,k,n,b,p,w,o,l,h,y,p,False,True,False,False,False,f__h,f__f,1,1,1.0
f,f,e,t,n,f,c,b,u,t,b,s,s,w,w,p,w,o,p,k,v,d,True,False,True,False,False,n__k,n__t,0,0,0.00030147723846849563
x,f,w,f,n,f,w,b,h,t,e,s,f,w,w,p,w,o,e,k,s,g,True,False,False,False,False,n__k,n__f,0,0,0.00030147723846849563
x,s,n,f,s,f,c,n,b,t,,k,k,w,p,p,w,o,e,w,v,l,False,True,False,True,True,s__w,s__f,1,1,1.0
x,y,n,t,n,f,c,b,w,t,b,s,s,p,p,p,w,o,p,k,v,d,True,False,True,False,False,n__k,n__t,0,0,0.00030147723846849563
f,y,y,t,a,f,c,b,w,e,r,s,y,w,w,p,w,o,p,k,s,p,False,False,True,False,False,a__k,a__t,0,0,0.00030147723846849563
k,y,e,f,y,f,c,n,b,t,,k,k,p,p,p,w,o,e,w,v,p,False,True,False,True,True,y__w,y__f,1,1,1.0
f,y,g,f,f,f,c,b,p,e,b,k,k,n,p,p,w,o,l,h,v,g,False,True,False,False,False,f__h,f__f,1,1,1.0
k,y,n,f,f,f,c,n,b,t,,k,k,w,p,p,w,o,e,w,v,p,False,True,False,True,True,f__w,f__f,1,1,1.0
x,s,e,t,n,f,c,b,e,e,,s,s,e,w,p,w,t,e,w,c,w,True,False,True,False,True,n__w,n__t,0,0,0.00030147723846849563
x,y,n,f,s,f,c,n,b,t,,k,k,p,w,p,w,o,e,w,v,l,False,True,False,True,True,s__w,s__f,1,1,1.0
k,s,e,f,s,f,c,n,b,t,,k,s,p,p,p,w,o,e,w,v,d,False,True,False,True,True,s__w,s__f,1,1,1.0
f,f,n,f,n,f,w,b,n,t,e,f,s,w,w,p,w,o,e,n,a,g,True,False,False,False,False,n__n,n__f,0,0,0.00030147723846849563
b,f,g,f,n,f,w,b,g,e,,s,k,w,w,p,w,t,p,w,s,g,True,False,False,False,True,n__w,n__f,0,0,0.00030147723846849563
x,f,w,f,n,f,w,b,w,e,,k,s,w,w,p,w,t,p,w,s,g,True,False,False,False,True,n__w,n__f,0,0,0.00030147723846849563
f,y,e,t,n,f,c,b,n,t,b,s,s,g,p,p,w,o,p,k,y,d,True,False,True,False,False,n__k,n__t,0,0,0.00030147723846849563
x,s,b,t,f,f,c,b,h,t,b,f,s,w,w,p,w,o,p,h,v,g,False,True,True,False,False,f__h,f__t,1,1,1.0
f,y,n,t,n,f,c,b,p,t,b,s,s,w,w,p,w,o,p,n,y,d,True,False,True,False,False,n__n,n__t,0,0,0.00030147723846849563
x,y,y,t,l,f,c,b,n,e,c,s,s,w,w,p,w,o,p,n,s,m,False,False,True,False,False,l__n,l__t,0,0,0.00030147723846849563
f,y,e,f,s,f,c,n,b,t,,k,k,w,p,p,w,o,e,w,v,l,False,True,False,True,True,s__w,s__f,1,1,1.0
f,s,w,f,n,f,w,b,p,t,e,s,f,w,w,p,w,o,e,k,a,g,True,False,False,False,False,n__k,n__f,0,0,0.00030147723846849563
x,y,y,f,f,f,c,b,p,e,b,k,k,n,p,p,w,o,l,h,v,g,False,True,False,False,False,f__h,f__f,1,1,1.0
x,s,n,f,n,f,w,b,p,t,e,f,s,w,w,p,w,o,e,n,a,g,True,False,False,False,False,n__n,n__f,0,0,0.00030147723846849563
x,y,b,t,n,f,c,b,e,e,,s,s,e,e,p,w,t,e,w,c,w,True,False,True,False,True,n__w,n__t,0,0,0.00030147723846849563
b,s,w,t,l,f,c,b,g,e,c,s,s,w,w,p,w,o,p,k,s,m,False,False,True,False,False,l__k,l__t,0,0,0.00030147723846849563
x,s,n,f,s,f,c,n,b,t,,s,k,w,w,p,w,o,e,w,v,l,False,True,False,True,True,s__w,s__f,1,1,1.0
k,y,n,f,y,f,c,n,b,t,,k,k,w,p,p,w,o,e,w,v,p,False,True,False,True,True,y__w,y__f,1,1,1.0
x,f,n,t,n,f,c,b,w,t,b,s,s,w,p,p,w,o,p,k,v,d,True,False,True,False,False,n__k,n__t,0,0,0.00030147723846849563
f,f,n,f,n,f,w,b,k,t,e,s,s,w,w,p,w,o,e,k,a,g,True,False,False,False,False,n__k,n__f,0,0,0.00030147723846849563
k,f,c,f,n,f,w,n,w,e,b,s,s,w,n,p,w,o,e,w,v,l,True,False,False,True,False,n__w,n__f,0,0,0.0
x,s,w,t,a,f,w,n,n,t,b,s,s,w,w,p,w,o,p,u,v,d,False,False,True,True,False,a__u,a__t,0,0,0.00030147723846849563
k,y,e,f,s,f,c,n,b,t,,s,k,p,p,p,w,o,e,w,v,l,False,True,False,True,True,s__w,s__f,1,1,1.0
x,f,y,f,f,f,c,b,g,e,b,k,k,n,b,p,w,o,l,h,v,g,False,True,False,False,False,f__h,f__f,1,1,1.0
x,f,g,t,n,f,c,b,u,t,b,s,s,g,p,p,w,o,p,k,y,d,True,False,True,False,False,n__k,n__t,0,0,0.00030147723846849563
f,s,n,f,y,f,c,n,b,t,,k,k,p,p,p,w,o,e,w,v,p,False,True,False,True,True,y__w,y__f,1,1,1.0
f,s,e,f,f,f,c,n,b,t,,k,k,w,w,p,w,o,e,w,v,l,False,True,False,True,True,f__w,f__f,1,1,1.0
x,y,y,t,a,f,c,b,k,e,c,s,s,w,w,p,w,o,p,n,n,g,False,False,True,False,False,a__n,a__t,0,0,0.00030147723846849563
f,y,y,f,f,f,c,b,g,e,b,k,k,n,b,p,w,o,l,h,v,d,False,True,False,False,False,f__h,f__f,1,1,1.0
x,y,n,t,l,f,c,b,n,e,r,s,y,w,w,p,w,o,p,n,s,g,False,False,True,False,False,l__n,l__t,0,0,0.00030147723846849563
x,y,y,t,a,f,c,b,n,e,r,s,y,w,w,p,w,o,p,k,s,p,False,False,True,False,False,a__k,a__t,0,0,0.00030147723846849563
f,s,g,f,n,f,w,b,n,t,e,f,s,w,w,p,w,o,e,n,a,g,True,False,False,False,False,n__n,n__f,0,0,0.00030147723846849563
x,y,e,t,n,f,c,b,n,t,b,s,s,w,w,p,w,o,p,k,y,d,True,False,True,False,False,n__k,n__t,0,0,0.00030147723846849563
f,y,n,f,f,f,c,n,b,t,,s,s,w,w,p,w,o,e,w,v,d,False,True,False,True,True,f__w,f__f,1,1,1.0
b,s,y,t,l,f,c,b,n,e,c,s,s,w,w,p,w,o,p,k,s,g,False,False,True,False,False,l__k,l__t,0,0,0.00030147723846849563
x,f,w,f,n,f,w,b,k,t,e,f,f,w,w,p,w,o,e,k,s,g,True,False,False,False,False,n__k,n__f,0,0,0.00030147723846849563
x,f,e,t,n,f,c,b,p,t,b,s,s,p,g,p,w,o,p,n,v,d,True,False,True,False,False,n__n,n__t,0,0,0.00030147723846849563
k,y,e,f,y,f,c,n,b,t,,s,k,p,p,p,w,o,e,w,v,d,False,True,False,True,True,y__w,y__f,1,1,1.0
x,f,e,t,n,f,c,b,p,t,b,s,s,w,p,p,w,o,p,n,v,d,True,False,True,False,False,n__n,n__t,0,0,0.00030147723846849563
b,s,n,f,n,a,c,b,o,e,,s,s,o,o,p,n,o,p,o,c,l,True,False,False,False,True,n__o,n__f,0,0,0.00030147723846849563
f,y,g,t,n,f,c,b,u,t,b,s,s,w,p,p,w,o,p,k,v,d,True,False,True,False,False,n__k,n__t,0,0,0.00030147723846849563
x,s,w,f,n,f,w,b,p,e,,s,k,w,w,p,w,t,p,w,s,g,True,False,False,False,True,n__w,n__f,0,0,0.00030147723846849563
k,s,n,f,n,a,c,b,y,e,,s,s,o,o,p,n,o,p,o,v,l,True,False,False,False,True,n__o,n__f,0,0,0.00030147723846849563
x,s,y,t,a,f,c,b,n,e,c,s,s,w,w,p,w,o,p,k,s,m,False,False,True,False,False,a__k,a__t,0,0,0.00030147723846849563
b,s,w,t,l,f,c,b,n,e,c,s,s,w,w,p,w,o,p,n,n,g,False,False,True,False,False,l__n,l__t,0,0,0.00030147723846849563
f,y,n,t,n,f,c,b,w,t,b,s,s,w,p,p,w,o,p,k,y,d,True,False,True,False,False,n__k,n__t,0,0,0.00030147723846849563
x,y,n,t,l,f,c,b,n,e,r,s,y,w,w,p,w,o,p,n,s,p,False,False,True,False,False,l__n,l__t,0,0,0.00030147723846849563
x,f,y,f,f,f,c,b,h,e,b,k,k,p,n,p,w,o,l,h,y,g,False,True,False,False,False,f__h,f__f,1,1,1.0
x,y,g,t,n,f,c,b,n,t,b,s,s,g,w,p,w,o,p,k,y,d,True,False,True,False,False,n__k,n__t,0,0,0.00030147723846849563
x,s,g,f,n,f,w,b,k,t,e,f,s,w,w,p,w,o,e,n,s,g,True,False,False,False,False,n__n,n__f,0,0,0.00030147723846849563
x,y,n,f,n,f,c,b,w,e,b,y,y,n,n,p,w,t,p,w,y,p,True,False,False,False,False,n__w,n__f,0,0,0.0
x,f,g,f,f,f,c,b,h,e,b,k,k,p,p,p,w,o,l,h,y,p,False,True,False,False,False,f__h,f__f,1,1,1.0
x,f,g,f,n,f,w,b,p,t,e,f,f,w,w,p,w,o,e,k,s,g,True,False,False,False,False,n__k,n__f,0,0,0.00030147723846849563
x,y,y,f,f,f,c,b,p,e,b,k,k,p,p,p,w,o,l,h,y,g,False,True,False,False,False,f__h,f__f,1,1,1.0
x,s,g,f,n,f,w,b,n,t,e,f,s,w,w,p,w,o,e,k,a,g,True,False,False,False,False,n__k,n__f,0,0,0.00030147723846849563
x,s,e,f,f,f,c,n,b,t,,s,s,p,p,p,w,o,e,w,v,l,False,True,False,True,True,f__w,f__f,1,1,1.0
x,y,e,t,n,f,c,b,w,t,b,s,s,g,g,p,w,o,p,n,v,d,True,False,True,False,False,n__n,n__t,0,0,0.00030147723846849563
x,s,w,f,c,f,c,n,n,e,b,s,s,w,w,p,w,o,p,k,v,d,False,True,False,True,False,c__k,c__f,1,1,1.0
f,f,g,f,n,f,w,b,n,t,e,s,f,w,w,p,w,o,e,k,s,g,True,False,False,False,False,n__k,n__f,0,0,0.00030147723846849563
x,s,b,t,f,f,c,b,h,t,b,f,s,w,w,p,w,o,p,h,s,g,False,True,True,False,False,f__h,f__t,1,1,1.0
x,f,g,t,n,f,c,b,u,t,b,s,s,p,g,p,w,o,p,k,y,d,True,False,True,False,False,n__k,n__t,0,0,0.00030147723846849563
f,s,n,f,f,f,c,n,b,t,,k,s,p,p,p,w,o,e,w,v,l,False,True,False,True,True,f__w,f__f,1,1,1.0
x,y,g,t,n,f,c,b,n,t,b,s,s,p,g,p,w,o,p,k,y,d,True,False,True,False,False,n__k,n__t,0,0,0.00030147723846849563
x,f,g,t,n,f,c,b,u,t,b,s,s,g,p,p,w,o,p,n,v,d,True,False,True,False,False,n__n,n__t,0,0,0.00030147723846849563
x,y,e,f,y,f,c,n,b,t,,k,k,w,p,p,w,o,e,w,v,p,False,True,False,True,True,y__w,y__f,1,1,1.0
x,f,n,f,n,f,w,b,h,t,e,s,s,w,w,p,w,o,e,n,a,g,True,False,False,False,False,n__n,n__f,0,0,0.00030147723846849563
f,s,n,t,n,f,c,b,e,e,,s,s,w,w,p,w,t,e,w,c,w,True,False,True,False,True,n__w,n__t,0,0,0.00030147723846849563
x,y,g,f,f,f,c,b,p,e,b,k,k,n,b,p,w,o,l,h,v,g,False,True,False,False,False,f__h,f__f,1,1,1.0
x,y,y,f,f,f,c,b,h,e,b,k,k,n,p,p,w,o,l,h,v,d,False,True,False,False,False,f__h,f__f,1,1,1.0
f,y,n,t,p,f,c,n,w,e,e,s,s,w,w,p,w,o,p,k,v,u,False,True,True,True,False,p__k,p__t,1,1,1.0
f,f,g,f,f,f,c,b,p,e,b,k,k,b,p,p,w,o,l,h,y,g,False,True,False,False,False,f__h,f__f,1,1,1.0
f,f,w,t,l,f,w,n,w,t,b,s,s,w,w,p,w,o,p,n,v,d,False,False,True,True,False,l__n,l__t,0,0,0.00030147723846849563
k,y,n,f,y,f,c,n,b,t,,s,s,p,p,p,w,o,e,w,v,d,False,True,False,True,True,y__w,y__f,1,1,1.0
f,f,y,f,f,f,c,b,g,e,b,k,k,b,n,p,w,o,l,h,v,p,False,True,False,False,False,f__h,f__f,1,1,1.0
x,s,e,f,y,f,c,n,b,t,,s,k,p,p,p,w,o,e,w,v,d,False,True,False,True,True,y__w,y__f,1,1,1.0
x,y,n,t,n,f,c,b,n,t,b,s,s,p,p,p,w,o,p,k,y,d,True,False,True,False,False,n__k,n__t,0,0,0.00030147723846849563
f,y,n,t,p,f,c,n,w,e,e,s,s,w,w,p,w,o,p,k,s,g,False,True,True,True,False,p__k,p__t,1,1,1.0
f,s,w,t,a,f,w,n,w,t,b,s,s,w,w,p,w,o,p,u,v,d,False,False,True,True,False,a__u,a__t,0,0,0.00030147723846849563
x,s,w,t,p,f,c,n,k,e,e,s,s,w,w,p,w,o,p,n,v,g,False,True,True,True,False,p__n,p__t,1,1,1.0
x,y,n,f,f,f,c,n,b,t,,s,s,p,w,p,w,o,e,w,v,p,False,True,False,True,True,f__w,f__f,1,1,1.0
x,f,n,t,n,f,c,b,n,t,b,s,s,g,w,p,w,o,p,n,v,d,True,False,True,False,False,n__n,n__t,0,0,0.00030147723846849563
x,f,y,f,f,f,c,b,g,e,b,k,k,p,p,p,w,o,l,h,y,g,False,True,False,False,False,f__h,f__f,1,1,1.0
x,s,e,f,f,f,c,n,b,t,,s,k,w,p,p,w,o,e,w,v,d,False,True,False,True,True,f__w,f__f,1,1,1.0
f,f,e,t,n,f,c,b,u,t,b,s,s,p,w,p,w,o,p,n,v,d,True,False,True,False,False,n__n,n__t,0,0,0.00030147723846849563
x,f,p,f,c,f,w,n,g,e,b,s,s,w,w,p,w,o,p,n,v,d,False,True,False,True,False,c__n,c__f,1,1,1.0
x,s,y,t,a,f,c,b,w,e,c,s,s,w,w,p,w,o,p,n,n,g,False,False,True,False,False,a__n,a__t,0,0,0.00030147723846849563
x,y,n,t,n,f,c,b,w,t,b,s,s,w,w,p,w,o,p,n,y,d,True,False,True,False,False,n__n,n__t,0,0,0.00030147723846849563
b,s,w,t,l,f,c,b,k,e,c,s,s,w,w,p,w,o,p,k,s,g,False,False,True,False,False,l__k,l__t,0,0,0.00030147723846849563
f,f,e,t,n,f,c,b,n,t,b,s,s,g,w,p,w,o,p,n,v,d,True,False,True,False,False,n__n,n__t,0,0,0.00030147723846849563
f,f,y,f,f,f,c,b,g,e,b,k,k,b,b,p,w,o,l,h,v,d,False,True,False,False,False,f__h,f__f,1,1,1.0
x,y,w,t,a,f,c,b,w,e,c,s,s,w,w,p,w,o,p,n,n,m,False,False,True,False,False,a__n,a__t,0,0,0.00030147723846849563
x,f,n,t,n,f,c,b,n,t,b,s,s,w,p,p,w,o,p,n,y,d,True,False,True,False,False,n__n,n__t,0,0,0.00030147723846849563
b,f,g,f,n,f,w,b,w,e,,k,s,w,w,p,w,t,p,w,s,g,True,False,False,False,True,n__w,n__f,0,0,0.00030147723846849563
k,y,e,f,s,f,c,n,b,t,,k,s,p,p,p,w,o,e,w,v,p,False,True,False,True,True,s__w,s__f,1,1,1.0
k,y,e,f,s,f,c,n,b,t,,s,s,w,w,p,w,o,e,w,v,p,False,True,False,True,True,s__w,s__f,1,1,1.0
x,f,e,t,n,f,c,b,p,t,b,s,s,g,w,p,w,o,p,k,y,d,True,False,True,False,False,n__k,n__t,0,0,0.00030147723846849563
x,f,n,t,n,f,c,b,w,t,b,s,s,w,w,p,w,o,p,k,y,d,True,False,True,False,False,n__k,n__t,0,0,0.00030147723846849563
x,f,y,f,f,f,c,b,h,e,b,k,k,p,b,p,w,o,l,h,v,p,False,True,False,False,False,f__h,f__f,1,1,1.0
f,y,n,t,n,f,c,b,u,t,b,s,s,w,w,p,w,o,p,k,v,d,True,False,True,False,False,n__k,n__t,0,0,0.00030147723846849563
f,y,w,t,p,f,c,n,p,e,e,s,s,w,w,p,w,o,p,k,s,u,False,True,True,True,False,p__k,p__t,1,1,1.0
x,s,e,f,f,f,c,n,b,t,,k,s,w,p,p,w,o,e,w,v,l,False,True,False,True,True,f__w,f__f,1,1,1.0
x,s,n,f,f,f,c,n,b,t,,k,k,w,p,p,w,o,e,w,v,l,False,True,False,True,True,f__w,f__f,1,1,1.0
x,y,e,t,n,f,c,b,w,t,b,s,s,g,w,p,w,o,p,n,v,d,True,False,True,False,False,n__n,n__t,0,0,0.00030147723846849563
f,y,g,t,n,f,c,b,n,t,b,s,s,p,w,p,w,o,p,n,v,d,True,False,True,False,False,n__n,n__t,0,0,0.00030147723846849563
k,s,w,f,n,f,w,b,p,e,,k,k,w,w,p,w,t,p,w,s,g,True,False,False,False,True,n__w,n__f,0,0,0.00030147723846849563
b,s,y,t,l,f,c,b,k,e,c,s,s,w,w,p,w,o,p,n,n,g,False,False,True,False,False,l__n,l__t,0,0,0.00030147723846849563
f,f,y,f,f,f,c,b,h,e,b,k,k,b,b,p,w,o,l,h,y,p,False,True,False,False,False,f__h,f__f,1,1,1.0
x,y,g,f,f,f,c,b,p,e,b,k,k,b,p,p,w,o,l,h,v,p,False,True,False,False,False,f__h,f__f,1,1,1.0
b,f,n,f,n,f,c,n,w,e,,k,y,w,y,p,w,o,e,w,v,d,True,False,False,True,True,n__w,n__f,1,1,1.0
f,y,e,f,y,f,c,n,b,t,,s,k,w,p,p,w,o,e,w,v,p,False,True,False,True,True,y__w,y__f,1,1,1.0
x,s,n,f,f,f,c,n,b,t,,s,s,p,p,p,w,o,e,w,v,p,False,True,False,True,True,f__w,f__f,1,1,1.0
x,s,g,t,f,f,c,b,p,t,b,f,f,w,w,p,w,o,p,h,v,u,False,True,True,False,False,f__h,f__t,1,1,1.0
f,y,y,f,f,f,c,b,g,e,b,k,k,p,b,p,w,o,l,h,y,p,False,True,False,False,False,f__h,f__f,1,1,1.0
x,y,g,f,f,f,c,b,h,e,b,k,k,n,p,p,w,o,l,h,v,p,False,True,False,False,False,f__h,f__f,1,1,1.0
x,f,n,t,n,f,c,b,n,t,b,s,s,p,g,p,w,o,p,k,y,d,True,False,True,False,False,n__k,n__t,0,0,0.00030147723846849563
x,f,g,f,f,f,c,b,g,e,b,k,k,p,b,p,w,o,l,h,v,d,False,True,False,False,False,f__h,f__f,1,1,1.0
x,y,y,t,l,f,c,b,w,e,c,s,s,w,w,p,w,o,p,k,s,m,False,False,True,False,False,l__k,l__t,0,0,0.00030147723846849563
f,s,e,f,y,f,c,n,b,t,,k,k,w,w,p,w,o,e,w,v,d,False,True,False,True,True,y__w,y__f,1,1,1.0
x,f,g,t,n,f,c,b,n,t,b,s,s,w,p,p,w,o,p,n,v,d,True,False,True,False,False,n__n,n__t,0,0,0.00030147723846849563
k,y,e,f,f,f,c,n,b,t,,k,k,w,p,p,w,o,e,w,v,l,False,True,False,True,True,f__w,f__f,1,1,1.0
f,y,e,t,n,f,c,b,p,t,b,s,s,p,w,p,w,o,p,k,v,d,True,False,True,False,False,n__k,n__t,0,0,0.00030147723846849563
b,s,w,f,n,f,w,b,g,e,,k,k,w,w,p,w,t,p,w,n,g,True,False,False,False,True,n__w,n__f,0,0,0.00030147723846849563
x,y,n,t,n,f,c,b,p,t,b,s,s,g,g,p,w,o,p,n,y,d,True,False,True,False,False,n__n,n__t,0,0,0.00030147723846849563
x,y,e,t,n,f,c,b,e,e,,s,s,w,w,p,w,t,e,w,c,w,True,False,True,False,True,n__w,n__t,0,0,0.00030147723846849563
f,f,y,f,f,f,c,b,h,e,b,k,k,b,n,p,w,o,l,h,v,g,False,True,False,False,False,f__h,f__f,1,1,1.0
f,f,g,t,n,f,c,b,u,t,b,s,s,p,w,p,w,o,p,k,y,d,True,False,True,False,False,n__k,n__t,0,0,0.00030147723846849563
x,f,w,f,c,f,w,n,n,e,b,s,s,w,w,p,w,o,p,n,s,d,False,True,False,True,False,c__n,c__f,1,1,1.0
k,s,n,f,n,a,c,b,n,e,,s,s,o,o,p,n,o,p,o,c,l,True,False,False,False,True,n__o,n__f,0,0,0.00030147723846849563
f,s,b,t,f,f,c,b,p,t,b,f,f,w,w,p,w,o,p,h,v,u,False,True,True,False,False,f__h,f__t,1,1,1.0
x,y,g,t,n,f,c,b,u,t,b,s,s,p,g,p,w,o,p,k,v,d,True,False,True,False,False,n__k,n__t,0,0,0.00030147723846849563
x,y,y,t,l,f,c,b,k,e,c,s,s,w,w,p,w,o,p,n,s,g,False,False,True,False,False,l__n,l__t,0,0,0.00030147723846849563
x,f,n,f,n,f,w,b,p,t,e,f,s,w,w,p,w,o,e,n,s,g,True,False,False,False,False,n__n,n__f,0,0,0.00030147723846849563
f,s,w,t,a,f,w,n,p,t,b,s,s,w,w,p,w,o,p,u,v,d,False,False,True,True,False,a__u,a__t,0,0,0.00030147723846849563
x,s,g,f,n,f,w,b,h,t,e,f,f,w,w,p,w,o,e,k,a,g,True,False,False,False,False,n__k,n__f,0,0,0.00030147723846849563
x,y,g,f,f,f,c,b,p,e,b,k,k,p,p,p,w,o,l,h,y,p,False,True,False,False,False,f__h,f__f,1,1,1.0
f,y,g,f,f,f,c,b,p,e,b,k,k,n,b,p,w,o,l,h,v,p,False,True,False,False,False,f__h,f__f,1,1,1.0
k,s,n,f,s,f,c,n,b,t,,k,s,p,w,p,w,o,e,w,v,l,False,True,False,True,True,s__w,s__f,1,1,1.0
f,y,e,f,f,f,c,n,b,t,,s,k,w,p,p,w,o,e,w,v,d,False,True,False,True,True,f__w,f__f,1,1,1.0
f,f,e,t,n,f,c,b,n,t,b,s,s,g,p,p,w,o,p,k,y,d,True,False,True,False,False,n__k,n__t,0,0,0.00030147723846849563
f,y,g,t,n,f,c,b,p,t,b,s,s,w,g,p,w,o,p,n,v,d,True,False,True,False,False,n__n,n__t,0,0,0.00030147723846849563
f,f,g,t,n,f,c,b,n,t,b,s,s,g,p,p,w,o,p,n,v,d,True,False,True,False,False,n__n,n__t,0,0,0.00030147723846849563
f,f,y,f,f,f,c,b,h,e,b,k,k,p,p,p,w,o,l,h,y,p,False,True,False,False,False,f__h,f__f,1,1,1.0
k,y,n,f,s,f,c,n,b,t,,k,k,w,p,p,w,o,e,w,v,p,False,True,False,True,True,s__w,s__f,1,1,1.0
f,y,n,f,y,f,c,n,b,t,,s,k,p,w,p,w,o,e,w,v,l,False,True,False,True,True,y__w,y__f,1,1,1.0
f,f,g,f,f,f,c,b,h,e,b,k,k,b,n,p,w,o,l,h,y,p,False,True,False,False,False,f__h,f__f,1,1,1.0
f,y,e,t,n,f,c,b,p,t,b,s,s,p,p,p,w,o,p,k,y,d,True,False,True,False,False,n__k,n__t,0,0,0.00030147723846849563
f,s,n,t,p,f,c,n,n,e,e,s,s,w,w,p,w,o,p,k,v,g,False,True,True,True,False,p__k,p__t,1,1,1.0
x,y,e,f,f,f,c,n,b,t,,k,s,p,p,p,w,o,e,w,v,l,False,True,False,True,True,f__w,f__f,1,1,1.0
f,f,y,f,f,f,c,b,h,e,b,k,k,n,p,p,w,o,l,h,v,d,False,True,False,False,False,f__h,f__f,1,1,1.0
x,f,e,t,n,f,c,b,p,t,b,s,s,p,w,p,w,o,p,n,y,d,True,False,True,False,False,n__n,n__t,0,0,0.00030147723846849563
x,f,y,f,f,f,c,b,h,e,b,k,k,n,p,p,w,o,l,h,v,d,False,True,False,False,False,f__h,f__f,1,1,1.0
k,s,e,f,y,f,c,n,b,t,,s,k,p,p,p,w,o,e,w,v,d,False,True,False,True,True,y__w,y__f,1,1,1.0
f,y,n,f,s,f,c,n,b,t,,s,k,w,w,p,w,o,e,w,v,d,False,True,False,True,True,s__w,s__f,1,1,1.0
x,f,g,t,n,f,c,b,p,t,b,s,s,w,p,p,w,o,p,k,v,d,True,False,True,False,False,n__k,n__t,0,0,0.00030147723846849563
x,s,g,t,f,f,c,b,h,t,b,f,s,w,w,p,w,o,p,h,s,g,False,True,True,False,False,f__h,f__t,1,1,1.0
x,s,e,f,y,f,c,n,b,t,,k,s,w,w,p,w,o,e,w,v,d,False,True,False,True,True,y__w,y__f,1,1,1.0
x,s,n,f,n,f,w,b,k,t,e,s,f,w,w,p,w,o,e,n,a,g,True,False,False,False,False,n__n,n__f,0,0,0.00030147723846849563
x,y,y,t,l,f,c,b,g,e,c,s,s,w,w,p,w,o,p,k,s,m,False,False,True,False,False,l__k,l__t,0,0,0.00030147723846849563
x,f,n,f,n,f,c,n,n,e,e,s,s,w,w,p,w,o,p,k,v,u,True,False,False,True,False,n__k,n__f,0,0,0.00030147723846849563
f,y,g,t,n,f,c,b,p,t,b,s,s,w,p,p,w,o,p,k,y,d,True,False,True,False,False,n__k,n__t,0,0,0.00030147723846849563
f,s,e,f,y,f,c,n,b,t,,k,k,w,w,p,w,o,e,w,v,p,False,True,False,True,True,y__w,y__f,1,1,1.0
k,y,e,f,s,f,c,n,b,t,,k,k,w,w,p,w,o,e,w,v,d,False,True,False,True,True,s__w,s__f,1,1,1.0
x,y,e,t,n,f,c,b,w,t,b,s,s,w,p,p,w,o,p,n,y,d,True,False,True,False,False,n__n,n__t,0,0,0.00030147723846849563
b,s,y,t,a,f,c,b,n,e,c,s,s,w,w,p,w,o,p,k,n,m,False,False,True,False,False,a__k,a__t,0,0,0.00030147723846849563
f,s,e,f,s,f,c,n,b,t,,k,k,w,p,p,w,o,e,w,v,d,False,True,False,True,True,s__w,s__f,1,1,1.0
x,f,e,t,n,f,c,b,u,t,b,s,s,w,p,p,w,o,p,n,v,d,True,False,True,False,False,n__n,n__t,0,0,0.00030147723846849563
k,s,n,f,n,a,c,b,n,e,,s,s,o,o,p,o,o,p,o,v,l,True,False,False,False,True,n__o,n__f,0,0,0.00030147723846849563
k,s,e,f,y,f,c,n,b,t,,s,s,w,w,p,w,o,e,w,v,l,False,True,False,True,True,y__w,y__f,1,1,1.0
x,y,w,t,l,f,c,b,g,e,c,s,s,w,w,p,w,o,p,n,n,m,False,False,True,False,False,l__n,l__t,0,0,0.00030147723846849563
x,y,n,f,y,f,c,n,b,t,,s,k,p,w,p,w,o,e,w,v,d,False,True,False,True,True,y__w,y__f,1,1,1.0
f,f,e,t,n,f,c,b,u,t,b,s,s,p,g,p,w,o,p,k,v,d,True,False,True,False,False,n__k,n__t,0,0,0.00030147723846849563
f,y,n,f,n,f,c,b,w,e,b,y,y,n,n,p,w,t,p,w,y,d,True,False,False,False,False,n__w,n__f,0,0,0.0
k,y,n,f,s,f,c,n,b,t,,k,s,w,w,p,w,o,e,w,v,p,False,True,False,True,True,s__w,s__f,1,1,1.0
f,y,g,f,f,f,c,b,g,e,b,k,k,n,n,p,w,o,l,h,y,p,False,True,False,False,False,f__h,f__f,1,1,1.0
x,s,n,f,s,f,c,n,b,t,,k,k,p,w,p,w,o,e,w,v,d,False,True,False,True,True,s__w,s__f,1,1,1.0
f,f,g,t,n,f,c,b,n,t,b,s,s,g,g,p,w,o,p,k,v,d,True,False,True,False,False,n__k,n__t,0,0,0.00030147723846849563
k,s,n,f,f,f,c,n,b,t,,s,s,w,p,p,w,o,e,w,v,p,False,True,False,True,True,f__w,f__f,1,1,1.0
x,y,n,t,n,f,c,b,u,t,b,s,s,g,w,p,w,o,p,n,v,d,True,False,True,False,False,n__n,n__t,0,0,0.00030147723846849563
x,y,n,t,n,f,c,b,w,t,b,s,s,g,w,p,w,o,p,n,y,d,True,False,True,False,False,n__n,n__t,0,0,0.00030147723846849563
x,f,g,f,c,f,w,n,g,e,b,s,s,w,w,p,w,o,p,n,v,d,False,True,False,True,False,c__n,c__f,1,1,1.0
x,s,n,f,y,f,c,n,b,t,,k,k,w,w,p,w,o,e,w,v,l,False,True,False,True,True,y__w,y__f,1,1,1.0
x,s,n,f,n,f,w,b,n,t,e,s,s,w,w,p,w,o,e,n,s,g,True,False,False,False,False,n__n,n__f,0,0,0.00030147723846849563
x,y,n,t,a,f,c,b,n,e,r,s,y,w,w,p,w,o,p,k,y,g,False,False,True,False,False,a__k,a__t,0,0,0.00030147723846849563
f,y,n,t,n,f,c,b,w,t,b,s,s,g,p,p,w,o,p,n,y,d,True,False,True,False,False,n__n,n__t,0,0,0.00030147723846849563
f,s,e,f,y,f,c,n,b,t,,s,s,p,w,p,w,o,e,w,v,d,False,True,False,True,True,y__w,y__f,1,1,1.0
k,s,n,f,s,f,c,n,b,t,,k,s,w,w,p,w,o,e,w,v,l,False,True,False,True,True,s__w,s__f,1,1,1.0
f,y,y,f,f,f,c,b,g,e,b,k,k,n,n,p,w,o,l,h,v,g,False,True,False,False,False,f__h,f__f,1,1,1.0
x,s,w,t,l,f,c,b,g,e,c,s,s,w,w,p,w,o,p,k,s,g,False,False,True,False,False,l__k,l__t,0,0,0.00030147723846849563
x,y,e,t,n,f,c,b,p,t,b,s,s,g,w,p,w,o,p,k,v,d,True,False,True,False,False,n__k,n__t,0,0,0.00030147723846849563
x,s,p,f,c,f,w,n,u,e,b,s,s,w,w,p,w,o,p,n,v,d,False,True,False,True,False,c__n,c__f,1,1,1.0
x,y,n,f,s,f,c,n,b,t,,s,k,p,w,p,w,o,e,w,v,l,False,True,False,True,True,s__w,s__f,1,1,1.0
f,s,w,f,n,f,w,b,n,t,e,f,f,w,w,p,w,o,e,k,a,g,True,False,False,False,False,n__k,n__f,0,0,0.00030147723846849563
x,f,n,t,n,f,c,b,w,t,b,s,s,p,g,p,w,o,p,n,y,d,True,False,True,False,False,n__n,n__t,0,0,0.00030147723846849563
x,f,n,t,n,f,c,b,u,t,b,s,s,p,p,p,w,o,p,n,v,d,True,False,True,False,False,n__n,n__t,0,0,0.00030147723846849563
f,y,e,t,n,f,c,b,u,t,b,s,s,w,p,p,w,o,p,n,v,d,True,False,True,False,False,n__n,n__t,0,0,0.00030147723846849563
f,y,e,f,y,f,c,n,b,t,,s,s,w,p,p,w,o,e,w,v,l,False,True,False,True,True,y__w,y__f,1,1,1.0
x,s,w,f,n,f,w,b,k,t,e,f,f,w,w,p,w,o,e,n,a,g,True,False,False,False,False,n__n,n__f,0,0,0.00030147723846849563
f,s,w,f,n,f,w,b,n,t,e,f,f,w,w,p,w,o,e,n,s,g,True,False,False,False,False,n__n,n__f,0,0,0.00030147723846849563
b,s,w,t,l,f,c,b,n,e,c,s,s,w,w,p,w,o,p,n,s,g,False,False,True,False,False,l__n,l__t,0,0,0.00030147723846849563
f,y,n,f,s,f,c,n,b,t,,k,k,w,w,p,w,o,e,w,v,l,False,True,False,True,True,s__w,s__f,1,1,1.0
x,s,n,f,n,a,c,b,y,e,,s,s,o,o,p,n,o,p,o,v,l,True,False,False,False,True,n__o,n__f,0,0,0.00030147723846849563
k,s,e,f,s,f,c,n,b,t,,s,s,p,w,p,w,o,e,w,v,d,False,True,False,True,True,s__w,s__f,1,1,1.0
f,y,e,t,n,f,c,b,n,t,b,s,s,p,p,p,w,o,p,k,v,d,True,False,True,False,False,n__k,n__t,0,0,0.00030147723846849563
x,y,y,f,f,f,c,b,p,e,b,k,k,p,b,p,w,o,l,h,v,d,False,True,False,False,False,f__h,f__f,1,1,1.0
x,y,n,f,f,f,c,n,b,t,,k,s,w,p,p,w,o,e,w,v,d,False,True,False,True,True,f__w,f__f,1,1,1.0
f,f,g,f,n,f,w,b,h,t,e,f,f,w,w,p,w,o,e,k,a,g,True,False,False,False,False,n__k,n__f,0,0,0.00030147723846849563
k,y,w,t,n,f,w,n,w,e,b,s,s,w,w,p,w,o,p,w,c,l,True,False,True,True,False,n__w,n__t,1,0,0.00030147723846849563
x,s,w,f,n,f,w,b,n,t,e,f,f,w,w,p,w,o,e,n,s,g,True,False,False,False,False,n__n,n__f,0,0,0.00030147723846849563
x,s,n,f,f,f,c,n,b,t,,k,s,p,w,p,w,o,e,w,v,d,False,True,False,True,True,f__w,f__f,1,1,1.0
f,s,g,t,f,f,c,b,h,t,b,f,f,w,w,p,w,o,p,h,v,u,False,True,True,False,False,f__h,f__t,1,1,1.0
x,s,n,f,f,f,c,n,b,t,,k,k,p,w,p,w,o,e,w,v,d,False,True,False,True,True,f__w,f__f,1,1,1.0
x,f,g,t,n,f,c,b,n,t,b,s,s,g,g,p,w,o,p,k,v,d,True,False,True,False,False,n__k,n__t,0,0,0.00030147723846849563
b,s,w,t,l,f,c,b,k,e,c,s,s,w,w,p,w,o,p,n,n,m,False,False,True,False,False,l__n,l__t,0,0,0.00030147723846849563
f,s,n,t,p,f,c,n,p,e,e,s,s,w,w,p,w,o,p,n,v,g,False,True,True,True,False,p__n,p__t,1,1,1.0
f,y,y,f,f,f,c,b,g,e,b,k,k,b,n,p,w,o,l,h,y,d,False,True,False,False,False,f__h,f__f,1,1,1.0
f,s,n,t,p,f,c,n,w,e,e,s,s,w,w,p,w,o,p,n,s,g,False,True,True,True,False,p__n,p__t,1,1,1.0
k,y,e,f,f,f,c,n,b,t,,k,k,p,p,p,w,o,e,w,v,l,False,True,False,True,True,f__w,f__f,1,1,1.0
f,f,e,t,n,f,c,b,p,t,b,s,s,p,p,p,w,o,p,k,y,d,True,False,True,False,False,n__k,n__t,0,0,0.00030147723846849563
f,f,e,t,n,f,c,b,w,t,b,s,s,p,w,p,w,o,p,n,v,d,True,False,True,False,False,n__n,n__t,0,0,0.00030147723846849563
x,s,w,t,f,f,c,b,p,t,b,s,s,w,w,p,w,o,p,h,s,g,False,True,True,False,False,f__h,f__t,1,1,1.0
f,y,e,t,n,f,c,b,u,t,b,s,s,p,w,p,w,o,p,n,y,d,True,False,True,False,False,n__n,n__t,0,0,0.00030147723846849563
f,f,w,f,n,f,w,b,n,t,e,f,s,w,w,p,w,o,e,n,a,g,True,False,False,False,False,n__n,n__f,0,0,0.00030147723846849563
f,s,n,f,f,f,c,n,b,t,,s,k,w,w,p,w,o,e,w,v,l,False,True,False,True,True,f__w,f__f,1,1,1.0
x,y,e,t,n,f,c,b,n,t,b,s,s,p,w,p,w,o,p,k,y,d,True,False,True,False,False,n__k,n__t,0,0,0.00030147723846849563
f,s,b,t,f,f,c,b,w,t,b,s,s,w,w,p,w,o,p,h,s,u,False,True,True,False,False,f__h,f__t,1,1,1.0
f,s,n,f,n,a,c,b,n,e,,s,s,o,o,p,n,o,p,y,c,l,True,False,False,False,True,n__y,n__f,0,0,0.00030147723846849563
x,y,n,t,n,f,c,b,n,t,b,s,s,w,g,p,w,o,p,k,v,d,True,False,True,False,False,n__k,n__t,0,0,0.00030147723846849563
x,y,c,f,m,a,c,b,w,e,c,k,y,c,c,p,w,n,n,w,c,d,False,True,False,False,False,m__w,m__f,1,1,1.0
x,f,y,f,f,f,c,b,h,e,b,k,k,p,p,p,w,o,l,h,v,p,False,True,False,False,False,f__h,f__f,1,1,1.0
f,s,n,f,n,a,c,b,o,e,,s,s,o,o,p,o,o,p,b,v,l,True,False,False,False,True,n__b,n__f,0,0,0.00030147723846849563
f,s,n,f,s,f,c,n,b,t,,k,k,p,p,p,w,o,e,w,v,d,False,True,False,True,True,s__w,s__f,1,1,1.0
x,s,e,f,y,f,c,n,b,t,,s,s,p,w,p,w,o,e,w,v,d,False,True,False,True,True,y__w,y__f,1,1,1.0
f,f,g,t,n,f,c,b,u,t,b,s,s,w,g,p,w,o,p,n,y,d,True,False,True,False,False,n__n,n__t,0,0,0.00030147723846849563
x,y,n,t,n,f,c,b,p,t,b,s,s,g,w,p,w,o,p,n,v,d,True,False,True,False,False,n__n,n__t,0,0,0.00030147723846849563
x,f,p,f,c,f,c,n,p,e,b,s,s,w,w,p,w,o,p,n,s,d,False,True,False,True,False,c__n,c__f,1,1,1.0
s,f,g,f,n,f,c,n,k,e,e,s,s,w,w,p,w,o,p,n,v,u,True,False,False,True,False,n__n,n__f,0,0,0.00030147723846849563
k,s,e,f,f,f,c,n,b,t,,k,k,p,w,p,w,o,e,w,v,p,False,True,False,True,True,f__w,f__f,1,1,1.0
k,y,c,f,n,f,w,n,w,e,b,s,s,w,n,p,w,o,e,w,v,l,True,False,False,True,False,n__w,n__f,0,0,0.0
x,y,n,t,p,f,c,n,k,e,e,s,s,w,w,p,w,o,p,k,v,g,False,True,True,True,False,p__k,p__t,1,1,1.0
b,f,w,f,n,f,w,b,p,e,,s,k,w,w,p,w,t,p,w,n,g,True,False,False,False,True,n__w,n__f,0,0,0.00030147723846849563
f,f,g,f,f,f,c,b,g,e,b,k,k,p,p,p,w,o,l,h,y,p,False,True,False,False,False,f__h,f__f,1,1,1.0
x,y,n,f,y,f,c,n,b,t,,s,k,w,p,p,w,o,e,w,v,p,False,True,False,True,True,y__w,y__f,1,1,1.0
x,y,y,f,f,f,c,b,h,e,b,k,k,n,b,p,w,o,l,h,v,d,False,True,False,False,False,f__h,f__f,1,1,1.0
x,f,g,f,c,f,c,n,u,e,b,s,s,w,w,p,w,o,p,k,s,d,False,True,False,True,False,c__k,c__f,1,1,1.0
x,y,g,t,n,f,c,b,u,t,b,s,s,w,p,p,w,o,p,k,y,d,True,False,True,False,False,n__k,n__t,0,0,0.00030147723846849563
x,f,n,f,n,f,w,b,p,t,e,s,f,w,w,p,w,o,e,k,a,g,True,False,False,False,False,n__k,n__f,0,0,0.00030147723846849563
x,y,n,f,s,f,c,n,b,t,,k,k,p,w,p,w,o,e,w,v,p,False,True,False,True,True,s__w,s__f,1,1,1.0
f,f,g,f,n,f,w,b,k,t,e,f,f,w,w,p,w,o,e,k,a,g,True,False,False,False,False,n__k,n__f,0,0,0.00030147723846849563
x,y,g,t,n,f,c,b,u,t,b,s,s,g,p,p,w,o,p,k,y,d,True,False,True,False,False,n__k,n__t,0,0,0.00030147723846849563
x,y,g,t,n,f,c,b,n,t,b,s,s,g,p,p,w,o,p,n,v,d,True,False,True,False,False,n__n,n__t,0,0,0.00030147723846849563
f,y,y,f,f,f,c,b,g,e,b,k,k,p,b,p,w,o,l,h,v,p,False,True,False,False,False,f__h,f__f,1,1,1.0
x,s,b,t,f,f,c,b,w,t,b,f,f,w,w,p,w,o,p,h,s,g,False,True,True,False,False,f__h,f__t,1,1,1.0
x,s,n,f,n,f,w,b,h,t,e,s,f,w,w,p,w,o,e,n,a,g,True,False,False,False,False,n__n,n__f,0,0,0.00030147723846849563
x,y,y,t,l,f,c,b,p,e,r,s,y,w,w,p,w,o,p,n,s,g,False,False,True,False,False,l__n,l__t,0,0,0.00030147723846849563
x,s,n,f,n,f,w,b,p,t,e,f,s,w,w,p,w,o,e,k,a,g,True,False,False,False,False,n__k,n__f,0,0,0.00030147723846849563
b,y,n,f,n,f,c,b,w,e,b,y,y,n,n,p,w,t,p,w,y,d,True,False,False,False,False,n__w,n__f,0,0,0.0
x,s,n,f,n,a,c,b,n,e,,s,s,o,o,p,o,o,p,b,c,l,True,False,False,False,True,n__b,n__f,0,0,0.00030147723846849563
k,y,n,f,f,f,c,n,b,t,,s,s,p,w,p,w,o,e,w,v,l,False,True,False,True,True,f__w,f__f,1,1,1.0
f,y,g,t,n,f,c,b,n,t,b,s,s,g,p,p,w,o,p,k,v,d,True,False,True,False,False,n__k,n__t,0,0,0.00030147723846849563
x,s,w,f,c,f,c,n,g,e,b,s,s,w,w,p,w,o,p,n,s,d,False,True,False,True,False,c__n,c__f,1,1,1.0
f,y,g,f,f,f,c,b,p,e,b,k,k,n,b,p,w,o,l,h,y,p,False,True,False,False,False,f__h,f__f,1,1,1.0
f,y,y,t,a,f,c,b,n,e,r,s,y,w,w,p,w,o,p,n,s,g,False,False,True,False,False,a__n,a__t,0,0,0.00030147723846849563
x,y,w,t,a,f,c,b,k,e,c,s,s,w,w,p,w,o,p,k,s,g,False,False,True,False,False,a__k,a__t,0,0,0.00030147723846849563
f,f,g,t,n,f,c,b,w,t,b,s,s,p,p,p,w,o,p,k,v,d,True,False,True,False,False,n__k,n__t,0,0,0.00030147723846849563
x,s,y,t,l,f,c,b,w,e,c,s,s,w,w,p,w,o,p,n,n,m,False,False,True,False,False,l__n,l__t,0,0,0.00030147723846849563
x,s,g,f,n,f,w,b,p,t,e,s,s,w,w,p,w,o,e,k,s,g,True,False,False,False,False,n__k,n__f,0,0,0.00030147723846849563
f,y,e,f,f,f,c,n,b,t,,k,k,p,w,p,w,o,e,w,v,d,False,True,False,True,True,f__w,f__f,1,1,1.0
k,s,n,f,y,f,c,n,b,t,,k,k,p,w,p,w,o,e,w,v,p,False,True,False,True,True,y__w,y__f,1,1,1.0
f,f,e,t,n,f,c,b,n,t,b,s,s,p,p,p,w,o,p,k,v,d,True,False,True,False,False,n__k,n__t,0,0,0.00030147723846849563
b,s,w,t,l,f,c,b,g,e,c,s,s,w,w,p,w,o,p,n,n,g,False,False,True,False,False,l__n,l__t,0,0,0.00030147723846849563
x,s,p,f,c,f,c,n,n,e,b,s,s,w,w,p,w,o,p,k,s,d,False,True,False,True,False,c__k,c__f,1,1,1.0
f,y,e,t,n,f,c,b,p,t,b,s,s,g,w,p,w,o,p,k,y,d,True,False,True,False,False,n__k,n__t,0,0,0.00030147723846849563
x,y,g,f,f,f,c,b,g,e,b,k,k,b,n,p,w,o,l,h,v,g,False,True,False,False,False,f__h,f__f,1,1,1.0
x,y,w,t,a,f,c,b,n,e,c,s,s,w,w,p,w,o,p,k,n,g,False,False,True,False,False,a__k,a__t,0,0,0.00030147723846849563
f,y,e,f,m,a,c,b,y,e,c,k,y,c,c,p,w,n,n,w,c,d,False,True,False,False,False,m__w,m__f,1,1,1.0
k,s,n,f,n,a,c,b,y,e,,s,s,o,o,p,o,o,p,o,v,l,True,False,False,False,True,n__o,n__f,0,0,0.00030147723846849563
b,s,w,t,n,f,c,b,r,e,b,s,s,w,w,p,w,t,p,r,v,g,True,False,True,False,False,n__r,n__t,1,1,1.0
x,s,e,f,f,f,c,n,b,t,,s,k,p,w,p,w,o,e,w,v,p,False,True,False,True,True,f__w,f__f,1,1,1.0
f,s,e,f,s,f,c,n,b,t,,s,s,w,p,p,w,o,e,w,v,p,False,True,False,True,True,s__w,s__f,1,1,1.0
f,y,n,t,n,f,c,b,n,t,b,s,s,g,p,p,w,o,p,k,v,d,True,False,True,False,False,n__k,n__t,0,0,0.00030147723846849563
x,y,n,t,n,f,c,b,p,t,b,s,s,g,p,p,w,o,p,n,v,d,True,False,True,False,False,n__n,n__t,0,0,0.00030147723846849563
x,y,e,f,m,a,c,b,y,e,c,k,y,c,c,p,w,n,n,w,c,d,False,True,False,False,False,m__w,m__f,1,1,1.0
f,y,e,f,y,f,c,n,b,t,,s,k,w,p,p,w,o,e,w,v,l,False,True,False,True,True,y__w,y__f,1,1,1.0
x,s,n,f,n,f,w,b,n,t,e,f,s,w,w,p,w,o,e,n,s,g,True,False,False,False,False,n__n,n__f,0,0,0.00030147723846849563
x,s,e,f,f,f,c,n,b,t,,k,s,p,p,p,w,o,e,w,v,l,False,True,False,True,True,f__w,f__f,1,1,1.0
x,y,n,t,p,f,c,n,k,e,e,s,s,w,w,p,w,o,p,k,v,u,False,True,True,True,False,p__k,p__t,1,1,1.0
x,f,w,f,n,f,w,b,k,t,e,f,s,w,w,p,w,o,e,n,a,g,True,False,False,False,False,n__n,n__f,0,0,0.00030147723846849563
x,f,g,t,n,f,c,b,w,t,b,s,s,p,w,p,w,o,p,k,y,d,True,False,True,False,False,n__k,n__t,0,0,0.00030147723846849563
f,y,e,t,n,f,c,b,u,t,b,s,s,g,g,p,w,o,p,k,v,d,True,False,True,False,False,n__k,n__t,0,0,0.00030147723846849563
x,s,e,f,s,f,c,n,b,t,,k,k,w,p,p,w,o,e,w,v,l,False,True,False,True,True,s__w,s__f,1,1,1.0
f,y,n,f,s,f,c,n,b,t,,k,s,p,w,p,w,o,e,w,v,l,False,True,False,True,True,s__w,s__f,1,1,1.0
x,y,y,f,f,f,c,b,g,e,b,k,k,p,b,p,w,o,l,h,v,g,False,True,False,False,False,f__h,f__f,1,1,1.0
x,y,y,f,f,f,c,b,h,e,b,k,k,p,n,p,w,o,l,h,y,p,False,True,False,False,False,f__h,f__f,1,1,1.0
x,y,g,t,n,f,c,b,p,t,b,s,s,w,w,p,w,o,p,k,y,d,True,False,True,False,False,n__k,n__t,0,0,0.00030147723846849563
x,s,e,f,s,f,c,n,b,t,,k,k,w,p,p,w,o,e,w,v,d,False,True,False,True,True,s__w,s__f,1,1,1.0
x,y,w,t,a,f,c,b,g,e,c,s,s,w,w,p,w,o,p,n,n,g,False,False,True,False,False,a__n,a__t,0,0,0.00030147723846849563
x,f,g,f,n,f,w,b,n,t,e,f,s,w,w,p,w,o,e,n,s,g,True,False,False,False,False,n__n,n__f,0,0,0.00030147723846849563
f,y,g,t,n,f,c,b,w,t,b,s,s,p,p,p,w,o,p,n,y,d,True,False,True,False,False,n__n,n__t,0,0,0.00030147723846849563
x,f,p,f,c,f,w,n,u,e,b,s,s,w,w,p,w,o,p,k,v,d,False,True,False,True,False,c__k,c__f,1,1,1.0
x,s,w,t,f,f,c,b,p,t,b,f,s,w,w,p,w,o,p,h,v,g,False,True,True,False,False,f__h,f__t,1,1,1.0
f,f,w,f,n,f,w,b,h,t,e,s,s,w,w,p,w,o,e,n,s,g,True,False,False,False,False,n__n,n__f,0,0,0.00030147723846849563
f,s,n,t,p,f,c,n,k,e,e,s,s,w,w,p,w,o,p,n,s,u,False,True,True,True,False,p__n,p__t,1,1,1.0
x,s,g,f,c,f,c,n,g,e,b,s,s,w,w,p,w,o,p,n,s,d,False,True,False,True,False,c__n,c__f,1,1,1.0
k,y,n,f,f,f,c,n,b,t,,s,k,w,w,p,w,o,e,w,v,d,False,True,False,True,True,f__w,f__f,1,1,1.0
x,s,b,t,f,f,c,b,w,t,b,f,f,w,w,p,w,o,p,h,v,u,False,True,True,False,False,f__h,f__t,1,1,1.0
f,f,y,f,f,f,c,b,h,e,b,k,k,n,n,p,w,o,l,h,v,p,False,True,False,False,False,f__h,f__f,1,1,1.0
k,y,e,f,f,f,c,n,b,t,,k,k,p,p,p,w,o,e,w,v,p,False,True,False,True,True,f__w,f__f,1,1,1.0
x,y,y,t,l,f,c,b,k,e,c,s,s,w,w,p,w,o,p,k,s,g,False,False,True,False,False,l__k,l__t,0,0,0.00030147723846849563
b,f,w,f,n,f,w,b,g,e,,k,s,w,w,p,w,t,p,w,n,g,True,False,False,False,True,n__w,n__f,0,0,0.00030147723846849563
f,y,n,f,s,f,c,n,b,t,,k,s,p,p,p,w,o,e,w,v,p,False,True,False,True,True,s__w,s__f,1,1,1.0
x,y,g,f,f,f,c,b,h,e,b,k,k,b,b,p,w,o,l,h,v,g,False,True,False,False,False,f__h,f__f,1,1,1.0
x,f,n,t,n,f,c,b,n,t,b,s,s,g,p,p,w,o,p,n,y,d,True,False,True,False,False,n__n,n__t,0,0,0.00030147723846849563
k,s,n,f,s,f,c,n,b,t,,s,k,w,w,p,w,o,e,w,v,d,False,True,False,True,True,s__w,s__f,1,1,1.0
x,s,e,f,f,f,c,n,b,t,,k,k,p,p,p,w,o,e,w,v,l,False,True,False,True,True,f__w,f__f,1,1,1.0
k,s,n,f,y,f,c,n,b,t,,s,s,w,w,p,w,o,e,w,v,p,False,True,False,True,True,y__w,y__f,1,1,1.0
f,y,n,t,n,f,c,b,u,t,b,s,s,p,g,p,w,o,p,n,y,d,True,False,True,False,False,n__n,n__t,0,0,0.00030147723846849563
f,s,n,t,p,f,c,n,p,e,e,s,s,w,w,p,w,o,p,k,s,u,False,True,True,True,False,p__k,p__t,1,1,1.0
x,y,g,f,f,f,c,b,g,e,b,k,k,n,n,p,w,o,l,h,y,g,False,True,False,False,False,f__h,f__f,1,1,1.0
k,s,e,f,y,f,c,n,b,t,,k,k,p,w,p,w,o,e,w,v,p,False,True,False,True,True,y__w,y__f,1,1,1.0
f,f,y,f,f,f,c,b,p,e,b,k,k,p,n,p,w,o,l,h,y,d,False,True,False,False,False,f__h,f__f,1,1,1.0
x,s,w,t,a,f,w,n,w,t,b,s,s,w,w,p,w,o,p,u,v,d,False,False,True,True,False,a__u,a__t,0,0,0.00030147723846849563
x,s,n,f,f,f,c,n,b,t,,k,k,w,p,p,w,o,e,w,v,p,False,True,False,True,True,f__w,f__f,1,1,1.0
f,y,n,f,y,f,c,n,b,t,,k,k,w,p,p,w,o,e,w,v,p,False,True,False,True,True,y__w,y__f,1,1,1.0
f,y,e,f,y,f,c,n,b,t,,k,s,w,w,p,w,o,e,w,v,l,False,True,False,True,True,y__w,y__f,1,1,1.0
f,f,e,t,n,f,c,b,w,t,b,s,s,g,w,p,w,o,p,n,v,d,True,False,True,False,False,n__n,n__t,0,0,0.00030147723846849563
x,y,e,t,n,f,c,b,p,t,b,s,s,w,g,p,w,o,p,n,v,d,True,False,True,False,False,n__n,n__t,0,0,0.00030147723846849563
x,s,n,t,p,f,c,n,w,e,e,s,s,w,w,p,w,o,p,k,s,g,False,True,True,True,False,p__k,p__t,1,1,1.0
x,f,y,f,f,f,c,b,h,e,b,k,k,n,b,p,w,o,l,h,y,g,False,True,False,False,False,f__h,f__f,1,1,1.0
b,y,y,t,a,f,c,b,w,e,c,s,s,w,w,p,w,o,p,k,n,m,False,False,True,False,False,a__k,a__t,0,0,0.00030147723846849563
x,y,g,f,f,f,c,b,h,e,b,k,k,b,n,p,w,o,l,h,v,p,False,True,False,False,False,f__h,f__f,1,1,1.0
f,f,n,t,n,f,c,b,n,t,b,s,s,g,g,p,w,o,p,k,y,d,True,False,True,False,False,n__k,n__t,0,0,0.00030147723846849563
k,y,b,t,n,f,c,b,e,e,,s,s,e,w,p,w,t,e,w,c,w,True,False,True,False,True,n__w,n__t,0,0,0.00030147723846849563
f,y,n,t,n,f,c,b,p,t,b,s,s,g,w,p,w,o,p,k,v,d,True,False,True,False,False,n__k,n__t,0,0,0.00030147723846849563
k,y,n,f,f,f,c,n,b,t,,s,k,p,p,p,w,o,e,w,v,l,False,True,False,True,True,f__w,f__f,1,1,1.0
x,y,y,f,f,f,c,b,p,e,b,k,k,p,n,p,w,o,l,h,y,g,False,True,False,False,False,f__h,f__f,1,1,1.0
b,y,n,f,n,f,c,n,w,e,,k,y,w,n,p,w,o,e,w,v,d,True,False,False,True,True,n__w,n__f,1,1,1.0
x,f,p,f,c,f,w,n,u,e,b,s,s,w,w,p,w,o,p,n,s,d,False,True,False,True,False,c__n,c__f,1,1,1.0
f,f,e,t,n,f,c,b,u,t,b,s,s,w,g,p,w,o,p,k,v,d,True,False,True,False,False,n__k,n__t,0,0,0.00030147723846849563
x,f,g,t,n,f,c,b,w,t,b,s,s,p,g,p,w,o,p,n,y,d,True,False,True,False,False,n__n,n__t,0,0,0.00030147723846849563
x,y,g,f,f,f,c,b,p,e,b,k,k,p,p,p,w,o,l,h,v,g,False,True,False,False,False,f__h,f__f,1,1,1.0
x,y,w,t,a,f,c,b,k,e,c,s,s,w,w,p,w,o,p,n,s,g,False,False,True,False,False,a__n,a__t,0,0,0.00030147723846849563
x,f,g,f,c,f,w,n,u,e,b,s,s,w,w,p,w,o,p,k,v,d,False,True,False,True,False,c__k,c__f,1,1,1.0
x,f,g,t,n,f,c,b,p,t,b,s,s,p,g,p,w,o,p,n,y,d,True,False,True,False,False,n__n,n__t,0,0,0.00030147723846849563
f,s,w,t,f,f,c,b,p,t,b,f,f,w,w,p,w,o,p,h,v,u,False,True,True,False,False,f__h,f__t,1,1,1.0
x,s,w,f,n,f,w,b,n,t,e,s,s,w,w,p,w,o,e,k,s,g,True,False,False,False,False,n__k,n__f,0,0,0.00030147723846849563
f,f,n,f,n,f,w,b,p,t,e,f,f,w,w,p,w,o,e,k,a,g,True,False,False,False,False,n__k,n__f,0,0,0.00030147723846849563
x,f,y,f,f,f,c,b,p,e,b,k,k,b,n,p,w,o,l,h,y,p,False,True,False,False,False,f__h,f__f,1,1,1.0
x,s,y,t,l,f,w,n,w,t,b,s,s,w,w,p,w,o,p,u,v,d,False,False,True,True,False,l__u,l__t,0,0,0.00030147723846849563
f,f,g,t,n,f,c,b,w,t,b,s,s,w,p,p,w,o,p,n,y,d,True,False,True,False,False,n__n,n__t,0,0,0.00030147723846849563
k,y,e,f,s,f,c,n,b,t,,k,k,p,p,p,w,o,e,w,v,d,False,True,False,True,True,s__w,s__f,1,1,1.0
x,y,g,t,n,f,c,b,n,t,b,s,s,w,p,p,w,o,p,k,v,d,True,False,True,False,False,n__k,n__t,0,0,0.00030147723846849563
f,y,n,t,n,f,c,b,w,e,,s,s,w,e,p,w,t,e,w,c,w,True,False,True,False,True,n__w,n__t,0,0,0.00030147723846849563
k,s,n,f,f,f,c,n,b,t,,k,s,w,w,p,w,o,e,w,v,d,False,True,False,True,True,f__w,f__f,1,1,1.0
f,y,w,f,n,f,c,n,h,e,,s,f,w,w,p,w,o,f,h,y,d,True,False,False,True,True,n__h,n__f,0,0,0.00030147723846849563
f,y,b,t,n,f,c,b,r,e,b,s,s,w,w,p,w,t,p,r,v,m,True,False,True,False,False,n__r,n__t,1,1,1.0
b,s,w,t,a,f,c,b,n,e,c,s,s,w,w,p,w,o,p,n,s,g,False,False,True,False,False,a__n,a__t,0,0,0.00030147723846849563
x,s,g,f,c,f,w,n,g,e,b,s,s,w,w,p,w,o,p,k,v,d,False,True,False,True,False,c__k,c__f,1,1,1.0
f,y,g,f,f,f,c,b,h,e,b,k,k,p,n,p,w,o,l,h,y,d,False,True,False,False,False,f__h,f__f,1,1,1.0
f,s,n,f,f,f,c,n,b,t,,s,k,p,p,p,w,o,e,w,v,d,False,True,False,True,True,f__w,f__f,1,1,1.0
f,f,e,t,n,f,c,b,w,t,b,s,s,g,p,p,w,o,p,k,v,d,True,False,True,False,False,n__k,n__t,0,0,0.00030147723846849563
b,s,n,f,n,a,c,b,n,e,,s,s,o,o,p,o,o,p,b,v,l,True,False,False,False,True,n__b,n__f,0,0,0.00030147723846849563
b,s,w,t,a,f,c,b,n,e,c,s,s,w,w,p,w,o,p,n,s,m,False,False,True,False,False,a__n,a__t,0,0,0.00030147723846849563
x,f,g,f,f,f,c,b,g,e,b,k,k,n,b,p,w,o,l,h,v,d,False,True,False,False,False,f__h,f__f,1,1,1.0
f,f,e,t,n,f,c,b,w,t,b,s,s,p,w,p,w,o,p,k,v,d,True,False,True,False,False,n__k,n__t,0,0,0.00030147723846849563
x,y,g,f,f,f,c,b,h,e,b,k,k,p,b,p,w,o,l,h,v,g,False,True,False,False,False,f__h,f__f,1,1,1.0
f,s,n,t,p,f,c,n,k,e,e,s,s,w,w,p,w,o,p,k,v,g,False,True,True,True,False,p__k,p__t,1,1,1.0
x,y,e,t,n,f,c,b,u,t,b,s,s,g,g,p,w,o,p,k,v,d,True,False,True,False,False,n__k,n__t,0,0,0.00030147723846849563
b,s,y,t,a,f,c,b,w,e,c,s,s,w,w,p,w,o,p,n,s,g,False,False,True,False,False,a__n,a__t,0,0,0.00030147723846849563
x,y,g,t,n,f,c,b,u,t,b,s,s,w,p,p,w,o,p,k,v,d,True,False,True,False,False,n__k,n__t,0,0,0.00030147723846849563
f,f,e,t,n,f,c,b,p,t,b,s,s,w,g,p,w,o,p,n,v,d,True,False,True,False,False,n__n,n__t,0,0,0.00030147723846849563
f,f,n,t,n,f,c,b,u,t,b,s,s,w,w,p,w,o,p,n,v,d,True,False,True,False,False,n__n,n__t,0,0,0.00030147723846849563
f,f,y,f,f,f,c,b,g,e,b,k,k,n,b,p,w,o,l,h,y,g,False,True,False,False,False,f__h,f__f,1,1,1.0
f,f,w,f,n,f,w,b,n,t,e,f,f,w,w,p,w,o,e,k,s,g,True,False,False,False,False,n__k,n__f,0,0,0.00030147723846849563
f,s,n,f,f,f,c,n,b,t,,s,k,p,w,p,w,o,e,w,v,l,False,True,False,True,True,f__w,f__f,1,1,1.0
x,s,n,f,n,f,c,b,w,e,b,y,y,n,n,p,w,t,p,w,y,d,True,False,False,False,False,n__w,n__f,0,0,0.0
x,f,n,t,n,f,c,b,u,t,b,s,s,g,w,p,w,o,p,k,y,d,True,False,True,False,False,n__k,n__t,0,0,0.00030147723846849563
x,y,n,t,l,f,c,b,n,e,r,s,y,w,w,p,w,o,p,k,y,g,False,False,True,False,False,l__k,l__t,0,0,0.00030147723846849563
f,s,w,f,n,f,w,b,h,t,e,f,s,w,w,p,w,o,e,k,s,g,True,False,False,False,False,n__k,n__f,0,0,0.00030147723846849563
x,f,g,f,c,f,w,n,n,e,b,s,s,w,w,p,w,o,p,n,s,d,False,True,False,True,False,c__n,c__f,1,1,1.0
f,y,g,t,n,f,c,b,w,e,b,s,s,w,w,p,w,t,p,w,v,p,True,False,True,False,False,n__w,n__t,0,0,0.00030147723846849563
x,y,y,t,l,f,c,b,k,e,c,s,s,w,w,p,w,o,p,k,s,m,False,False,True,False,False,l__k,l__t,0,0,0.00030147723846849563
x,y,g,t,n,f,c,b,w,t,b,s,s,g,w,p,w,o,p,n,y,d,True,False,True,False,False,n__n,n__t,0,0,0.00030147723846849563
f,f,e,t,n,f,c,b,p,t,b,s,s,g,g,p,w,o,p,k,v,d,True,False,True,False,False,n__k,n__t,0,0,0.00030147723846849563
f,y,g,f,f,f,c,b,h,e,b,k,k,n,n,p,w,o,l,h,v,p,False,True,False,False,False,f__h,f__f,1,1,1.0
f,f,g,f,f,f,c,b,g,e,b,k,k,n,n,p,w,o,l,h,y,g,False,True,False,False,False,f__h,f__f,1,1,1.0
x,s,g,f,c,f,w,n,u,e,b,s,s,w,w,p,w,o,p,k,v,d,False,True,False,True,False,c__k,c__f,1,1,1.0
x,y,e,f,s,f,c,n,b,t,,s,k,p,w,p,w,o,e,w,v,p,False,True,False,True,True,s__w,s__f,1,1,1.0
x,f,g,f,n,f,c,n,n,e,e,s,s,w,w,p,w,o,p,n,y,u,True,False,False,True,False,n__n,n__f,0,0,0.00030147723846849563
f,y,y,t,a,f,c,b,n,e,r,s,y,w,w,p,w,o,p,n,y,g,False,False,True,False,False,a__n,a__t,0,0,0.00030147723846849563
x,y,n,f,f,f,c,n,b,t,,k,k,w,p,p,w,o,e,w,v,d,False,True,False,True,True,f__w,f__f,1,1,1.0
f,f,g,f,n,f,w,b,n,t,e,s,f,w,w,p,w,o,e,k,a,g,True,False,False,False,False,n__k,n__f,0,0,0.00030147723846849563
f,f,n,t,n,f,c,b,w,t,b,s,s,g,w,p,w,o,p,n,y,d,True,False,True,False,False,n__n,n__t,0,0,0.00030147723846849563
x,s,w,f,c,f,c,n,p,e,b,s,s,w,w,p,w,o,p,n,s,d,False,True,False,True,False,c__n,c__f,1,1,1.0
x,y,w,t,a,f,c,b,g,e,c,s,s,w,w,p,w,o,p,n,n,m,False,False,True,False,False,a__n,a__t,0,0,0.00030147723846849563
f,y,n,f,s,f,c,n,b,t,,k,k,p,w,p,w,o,e,w,v,p,False,True,False,True,True,s__w,s__f,1,1,1.0
f,y,n,f,s,f,c,n,b,t,,s,s,w,p,p,w,o,e,w,v,p,False,True,False,True,True,s__w,s__f,1,1,1.0
k,s,n,f,n,a,c,b,o,e,,s,s,o,o,p,n,o,p,y,c,l,True,False,False,False,True,n__y,n__f,0,0,0.00030147723846849563
x,f,w,f,n,f,w,b,h,t,e,f,s,w,w,p,w,o,e,n,a,g,True,False,False,False,False,n__n,n__f,0,0,0.00030147723846849563
f,y,w,t,p,f,c,n,p,e,e,s,s,w,w,p,w,o,p,n,s,u,False,True,True,True,False,p__n,p__t,1,1,1.0
k,f,g,f,n,f,w,b,g,e,,k,k,w,w,p,w,t,p,w,s,g,True,False,False,False,True,n__w,n__f,0,0,0.00030147723846849563
f,y,g,t,n,f,c,b,n,t,b,s,s,p,p,p,w,o,p,n,y,d,True,False,True,False,False,n__n,n__t,0,0,0.00030147723846849563
f,s,n,f,y,f,c,n,b,t,,s,k,p,p,p,w,o,e,w,v,l,False,True,False,True,True,y__w,y__f,1,1,1.0
x,f,y,f,f,f,c,b,h,e,b,k,k,n,p,p,w,o,l,h,v,p,False,True,False,False,False,f__h,f__f,1,1,1.0
f,f,w,t,l,f,w,n,p,t,b,s,s,w,w,p,w,o,p,u,v,d,False,False,True,True,False,l__u,l__t,0,0,0.00030147723846849563
f,y,g,t,n,f,c,b,n,t,b,s,s,g,w,p,w,o,p,k,y,d,True,False,True,False,False,n__k,n__t,0,0,0.00030147723846849563
f,s,e,f,y,f,c,n,b,t,,s,k,w,w,p,w,o,e,w,v,d,False,True,False,True,True,y__w,y__f,1,1,1.0
x,y,g,t,n,f,c,b,p,t,b,s,s,g,g,p,w,o,p,n,v,d,True,False,True,False,False,n__n,n__t,0,0,0.00030147723846849563
k,s,n,f,f,f,c,n,b,t,,s,s,w,p,p,w,o,e,w,v,l,False,True,False,True,True,f__w,f__f,1,1,1.0
f,f,e,t,n,f,c,b,p,t,b,s,s,p,w,p,w,o,p,k,v,d,True,False,True,False,False,n__k,n__t,0,0,0.00030147723846849563
k,y,e,f,s,f,c,n,b,t,,s,k,w,p,p,w,o,e,w,v,l,False,True,False,True,True,s__w,s__f,1,1,1.0
f,f,g,t,n,f,c,b,p,t,b,s,s,g,g,p,w,o,p,k,v,d,True,False,True,False,False,n__k,n__t,0,0,0.00030147723846849563
f,f,n,f,n,f,w,n,w,e,b,f,f,w,n,p,w,o,e,w,v,l,True,False,False,True,False,n__w,n__f,0,0,0.0
f,f,g,f,f,f,c,b,h,e,b,k,k,n,p,p,w,o,l,h,y,d,False,True,False,False,False,f__h,f__f,1,1,1.0
f,s,n,f,f,f,c,n,b,t,,k,s,w,p,p,w,o,e,w,v,l,False,True,False,True,True,f__w,f__f,1,1,1.0
x,y,n,f,y,f,c,n,b,t,,s,s,p,w,p,w,o,e,w,v,p,False,True,False,True,True,y__w,y__f,1,1,1.0
f,f,g,t,n,f,c,b,w,t,b,s,s,w,g,p,w,o,p,n,v,d,True,False,True,False,False,n__n,n__t,0,0,0.00030147723846849563
f,y,e,f,s,f,c,n,b,t,,k,s,p,p,p,w,o,e,w,v,l,False,True,False,True,True,s__w,s__f,1,1,1.0
x,s,b,t,f,f,c,b,p,t,b,s,s,w,w,p,w,o,p,h,s,g,False,True,True,False,False,f__h,f__t,1,1,1.0
b,s,w,t,n,f,c,b,g,e,b,s,s,w,w,p,w,t,p,r,v,g,True,False,True,False,False,n__r,n__t,1,1,1.0
x,f,g,f,f,f,c,b,h,e,b,k,k,n,b,p,w,o,l,h,y,p,False,True,False,False,False,f__h,f__f,1,1,1.0
x,s,n,f,n,f,w,b,p,t,e,s,s,w,w,p,w,o,e,n,a,g,True,False,False,False,False,n__n,n__f,0,0,0.00030147723846849563
f,y,n,t,a,f,c,b,n,e,r,s,y,w,w,p,w,o,p,k,s,p,False,False,True,False,False,a__k,a__t,0,0,0.00030147723846849563
x,y,n,f,y,f,c,n,b,t,,k,s,w,p,p,w,o,e,w,v,p,False,True,False,True,True,y__w,y__f,1,1,1.0
f,f,w,f,n,f,w,b,p,t,e,f,s,w,w,p,w,o,e,k,s,g,True,False,False,False,False,n__k,n__f,0,0,0.00030147723846849563
x,y,w,t,p,f,c,n,p,e,e,s,s,w,w,p,w,o,p,k,v,g,False,True,True,True,False,p__k,p__t,1,1,1.0
x,s,w,t,l,f,c,b,w,e,c,s,s,w,w,p,w,o,p,n,n,m,False,False,True,False,False,l__n,l__t,0,0,0.00030147723846849563
x,y,n,t,n,f,c,b,p,t,b,s,s,g,w,p,w,o,p,k,v,d,True,False,True,False,False,n__k,n__t,0,0,0.00030147723846849563
f,f,g,f,f,f,c,b,h,e,b,k,k,b,p,p,w,o,l,h,y,p,False,True,False,False,False,f__h,f__f,1,1,1.0
f,y,c,f,m,f,c,b,y,e,c,k,y,c,c,p,w,n,n,w,c,d,False,True,False,False,False,m__w,m__f,1,1,1.0
x,y,n,f,s,f,c,n,b,t,,k,s,w,p,p,w,o,e,w,v,d,False,True,False,True,True,s__w,s__f,1,1,1.0
f,s,e,f,f,f,c,n,b,t,,k,k,w,p,p,w,o,e,w,v,p,False,True,False,True,True,f__w,f__f,1,1,1.0
f,f,n,t,n,f,c,b,p,t,b,s,s,g,w,p,w,o,p,n,y,d,True,False,True,False,False,n__n,n__t,0,0,0.00030147723846849563
x,y,y,f,f,f,c,b,p,e,b,k,k,n,b,p,w,o,l,h,y,p,False,True,False,False,False,f__h,f__f,1,1,1.0
x,y,g,t,n,f,c,b,u,t,b,s,s,g,g,p,w,o,p,n,y,d,True,False,True,False,False,n__n,n__t,0,0,0.00030147723846849563
k,s,n,f,f,f,c,n,b,t,,s,k,p,w,p,w,o,e,w,v,d,False,True,False,True,True,f__w,f__f,1,1,1.0
f,s,w,t,f,f,c,b,p,t,b,s,s,w,w,p,w,o,p,h,s,g,False,True,True,False,False,f__h,f__t,1,1,1.0
x,f,n,t,n,f,c,b,u,t,b,s,s,w,p,p,w,o,p,k,y,d,True,False,True,False,False,n__k,n__t,0,0,0.00030147723846849563
x,y,y,t,a,f,c,b,k,e,c,s,s,w,w,p,w,o,p,n,n,m,False,False,True,False,False,a__n,a__t,0,0,0.00030147723846849563
f,s,b,t,f,f,c,b,w,t,b,f,f,w,w,p,w,o,p,h,v,g,False,True,True,False,False,f__h,f__t,1,1,1.0
b,s,w,t,l,f,c,b,w,e,c,s,s,w,w,p,w,o,p,k,n,g,False,False,True,False,False,l__k,l__t,0,0,0.00030147723846849563
f,y,n,t,p,f,c,n,k,e,e,s,s,w,w,p,w,o,p,k,v,g,False,True,True,True,False,p__k,p__t,1,1,1.0
k,y,y,f,n,f,c,n,w,e,,k,y,w,n,p,w,o,e,w,v,d,True,False,False,True,True,n__w,n__f,1,1,1.0
x,y,e,f,y,f,c,n,b,t,,s,s,p,p,p,w,o,e,w,v,d,False,True,False,True,True,y__w,y__f,1,1,1.0
f,f,n,f,n,f,w,b,p,t,e,s,s,w,w,p,w,o,e,k,s,g,True,False,False,False,False,n__k,n__f,0,0,0.00030147723846849563
k,f,n,f,n,f,c,n,w,e,,k,y,w,n,p,w,o,e,w,v,d,True,False,False,True,True,n__w,n__f,1,1,1.0
k,s,e,f,f,f,c,n,b,t,,s,s,w,w,p,w,o,e,w,v,l,False,True,False,True,True,f__w,f__f,1,1,1.0
f,y,n,t,l,f,c,b,n,e,r,s,y,w,w,p,w,o,p,n,y,p,False,False,True,False,False,l__n,l__t,0,0,0.00030147723846849563
x,f,g,t,n,f,c,b,n,t,b,s,s,w,g,p,w,o,p,k,y,d,True,False,True,False,False,n__k,n__t,0,0,0.00030147723846849563
f,s,w,t,f,f,c,b,p,t,b,f,f,w,w,p,w,o,p,h,s,g,False,True,True,False,False,f__h,f__t,1,1,1.0
x,s,w,t,l,f,c,b,g,e,c,s,s,w,w,p,w,o,p,k,s,m,False,False,True,False,False,l__k,l__t,0,0,0.00030147723846849563
x,y,n,f,s,f,c,n,b,t,,s,s,w,p,p,w,o,e,w,v,l,False,True,False,True,True,s__w,s__f,1,1,1.0
f,y,y,f,f,f,c,b,p,e,b,k,k,p,n,p,w,o,l,h,y,g,False,True,False,False,False,f__h,f__f,1,1,1.0
f,y,p,t,n,f,c,b,w,e,,s,s,e,w,p,w,t,e,w,c,w,True,False,True,False,True,n__w,n__t,0,0,0.00030147723846849563
f,s,n,f,n,f,w,b,h,t,e,s,s,w,w,p,w,o,e,k,s,g,True,False,False,False,False,n__k,n__f,0,0,0.00030147723846849563
k,y,n,f,s,f,c,n,b,t,,s,s,p,w,p,w,o,e,w,v,p,False,True,False,True,True,s__w,s__f,1,1,1.0
f,s,b,t,f,f,c,b,w,t,b,f,s,w,w,p,w,o,p,h,s,u,False,True,True,False,False,f__h,f__t,1,1,1.0
x,y,c,f,m,a,c,b,y,e,c,k,y,c,c,p,w,n,n,w,c,d,False,True,False,False,False,m__w,m__f,1,1,1.0
f,f,g,f,f,f,c,b,p,e,b,k,k,n,p,p,w,o,l,h,y,d,False,True,False,False,False,f__h,f__f,1,1,1.0
f,s,b,t,f,f,c,b,h,t,b,f,f,w,w,p,w,o,p,h,s,g,False,True,True,False,False,f__h,f__t,1,1,1.0
x,f,n,t,n,f,c,b,n,t,b,s,s,p,p,p,w,o,p,k,y,d,True,False,True,False,False,n__k,n__t,0,0,0.00030147723846849563
f,s,b,t,f,f,c,b,w,t,b,s,f,w,w,p,w,o,p,h,v,g,False,True,True,False,False,f__h,f__t,1,1,1.0
x,f,g,t,n,f,c,b,n,t,b,s,s,p,g,p,w,o,p,n,y,d,True,False,True,False,False,n__n,n__t,0,0,0.00030147723846849563
x,f,w,f,n,f,w,b,h,t,e,s,f,w,w,p,w,o,e,k,a,g,True,False,False,False,False,n__k,n__f,0,0,0.00030147723846849563
f,y,w,t,p,f,c,n,k,e,e,s,s,w,w,p,w,o,p,k,v,u,False,True,True,True,False,p__k,p__t,1,1,1.0
k,s,e,t,n,f,c,b,w,e,,s,s,e,w,p,w,t,e,w,c,w,True,False,True,False,True,n__w,n__t,0,0,0.00030147723846849563
k,s,n,f,y,f,c,n,b,t,,k,k,p,p,p,w,o,e,w,v,p,False,True,False,True,True,y__w,y__f,1,1,1.0
f,y,y,f,f,f,c,b,p,e,b,k,k,n,p,p,w,o,l,h,v,d,False,True,False,False,False,f__h,f__f,1,1,1.0
x,y,e,f,f,f,c,n,b,t,,k,k,p,p,p,w,o,e,w,v,l,False,True,False,True,True,f__w,f__f,1,1,1.0
x,f,g,t,n,f,c,b,u,t,b,s,s,g,g,p,w,o,p,k,v,d,True,False,True,False,False,n__k,n__t,0,0,0.00030147723846849563
b,y,w,t,n,f,c,b,w,e,b,s,s,w,w,p,w,t,p,r,v,m,True,False,True,False,False,n__r,n__t,1,1,1.0
f,f,g,t,n,f,c,b,p,t,b,s,s,w,g,p,w,o,p,k,v,d,True,False,True,False,False,n__k,n__t,0,0,0.00030147723846849563
f,y,n,t,n,f,c,b,p,t,b,s,s,g,w,p,w,o,p,n,v,d,True,False,True,False,False,n__n,n__t,0,0,0.00030147723846849563
b,s,y,t,a,f,c,b,w,e,c,s,s,w,w,p,w,o,p,k,n,g,False,False,True,False,False,a__k,a__t,0,0,0.00030147723846849563
x,s,n,f,y,f,c,n,b,t,,s,k,w,p,p,w,o,e,w,v,p,False,True,False,True,True,y__w,y__f,1,1,1.0
k,s,n,f,n,a,c,b,n,e,,s,s,o,o,p,o,o,p,b,c,l,True,False,False,False,True,n__b,n__f,0,0,0.00030147723846849563
k,s,n,f,f,f,c,n,b,t,,k,k,w,p,p,w,o,e,w,v,l,False,True,False,True,True,f__w,f__f,1,1,1.0
x,s,e,f,s,f,c,n,b,t,,s,k,p,p,p,w,o,e,w,v,p,False,True,False,True,True,s__w,s__f,1,1,1.0
f,y,n,t,n,f,c,b,w,t,b,s,s,g,w,p,w,o,p,k,v,d,True,False,True,False,False,n__k,n__t,0,0,0.00030147723846849563
x,y,y,t,l,f,c,b,w,e,c,s,s,w,w,p,w,o,p,n,s,m,False,False,True,False,False,l__n,l__t,0,0,0.00030147723846849563
x,y,n,t,l,f,c,b,w,e,r,s,y,w,w,p,w,o,p,n,y,g,False,False,True,False,False,l__n,l__t,0,0,0.00030147723846849563
b,s,y,t,l,f,c,b,k,e,c,s,s,w,w,p,w,o,p,k,n,g,False,False,True,False,False,l__k,l__t,0,0,0.00030147723846849563
k,s,n,f,f,f,c,n,b,t,,k,k,p,w,p,w,o,e,w,v,l,False,True,False,True,True,f__w,f__f,1,1,1.0
k,s,p,t,n,f,c,b,e,e,,s,s,w,e,p,w,t,e,w,c,w,True,False,True,False,True,n__w,n__t,0,0,0.00030147723846849563
x,f,g,f,n,f,w,b,h,t,e,s,f,w,w,p,w,o,e,n,a,g,True,False,False,False,False,n__n,n__f,0,0,0.00030147723846849563
x,f,w,f,n,f,w,b,p,e,,s,s,w,w,p,w,t,p,w,s,g,True,False,False,False,True,n__w,n__f,0,0,0.00030147723846849563
x,y,n,t,p,f,c,n,k,e,e,s,s,w,w,p,w,o,p,n,s,u,False,True,True,True,False,p__n,p__t,1,1,1.0
k,y,e,f,y,f,c,n,b,t,,s,s,p,w,p,w,o,e,w,v,d,False,True,False,True,True,y__w,y__f,1,1,1.0
k,y,e,f,f,f,c,n,b,t,,s,s,p,p,p,w,o,e,w,v,p,False,True,False,True,True,f__w,f__f,1,1,1.0
k,s,n,f,f,f,c,n,b,t,,s,k,p,p,p,w,o,e,w,v,d,False,True,False,True,True,f__w,f__f,1,1,1.0
f,s,n,f,n,a,c,b,o,e,,s,s,o,o,p,o,o,p,b,c,l,True,False,False,False,True,n__b,n__f,0,0,0.00030147723846849563
k,s,n,t,n,f,c,b,w,e,,s,s,w,w,p,w,t,e,w,c,w,True,False,True,False,True,n__w,n__t,0,0,0.00030147723846849563
x,f,g,f,n,f,w,b,w,e,,s,s,w,w,p,w,t,p,w,s,g,True,False,False,False,True,n__w,n__f,0,0,0.00030147723846849563
f,f,e,t,n,f,c,b,n,t,b,s,s,g,p,p,w,o,p,k,v,d,True,False,True,False,False,n__k,n__t,0,0,0.00030147723846849563
f,y,g,f,f,f,c,b,p,e,b,k,k,p,b,p,w,o,l,h,y,d,False,True,False,False,False,f__h,f__f,1,1,1.0
f,y,g,t,n,f,c,b,p,t,b,s,s,w,w,p,w,o,p,k,v,d,True,False,True,False,False,n__k,n__t,0,0,0.00030147723846849563
f,y,w,t,p,f,c,n,k,e,e,s,s,w,w,p,w,o,p,n,v,u,False,True,True,True,False,p__n,p__t,1,1,1.0
f,y,e,t,n,f,c,b,p,t,b,s,s,p,p,p,w,o,p,k,v,d,True,False,True,False,False,n__k,n__t,0,0,0.00030147723846849563
f,f,e,t,n,f,c,b,w,t,b,s,s,w,p,p,w,o,p,k,y,d,True,False,True,False,False,n__k,n__t,0,0,0.00030147723846849563
f,s,w,f,n,f,w,b,p,t,e,s,f,w,w,p,w,o,e,n,s,g,True,False,False,False,False,n__n,n__f,0,0,0.00030147723846849563
f,f,w,f,n,f,w,b,n,t,e,f,f,w,w,p,w,o,e,n,a,g,True,False,False,False,False,n__n,n__f,0,0,0.00030147723846849563
k,s,n,f,f,f,c,n,b,t,,k,s,p,w,p,w,o,e,w,v,l,False,True,False,True,True,f__w,f__f,1,1,1.0
x,y,g,f,f,f,c,b,h,e,b,k,k,b,n,p,w,o,l,h,v,d,False,True,False,False,False,f__h,f__f,1,1,1.0
f,y,y,f,f,f,c,b,h,e,b,k,k,n,p,p,w,o,l,h,v,p,False,True,False,False,False,f__h,f__f,1,1,1.0
x,f,g,f,c,f,c,n,g,e,b,s,s,w,w,p,w,o,p,n,v,d,False,True,False,True,False,c__n,c__f,1,1,1.0
k,s,e,f,y,f,c,n,b,t,,s,k,w,p,p,w,o,e,w,v,p,False,True,False,True,True,y__w,y__f,1,1,1.0
f,f,y,f,f,f,c,b,p,e,b,k,k,n,n,p,w,o,l,h,v,p,False,True,False,False,False,f__h,f__f,1,1,1.0
f,y,e,t,n,f,c,b,n,t,b,s,s,g,g,p,w,o,p,n,y,d,True,False,True,False,False,n__n,n__t,0,0,0.00030147723846849563
x,s,e,t,n,f,c,b,w,e,,s,s,e,e,p,w,t,e,w,c,w,True,False,True,False,True,n__w,n__t,0,0,0.00030147723846849563
s,f,g,f,n,f,c,n,g,e,e,s,s,w,w,p,w,o,p,n,v,u,True,False,False,True,False,n__n,n__f,0,0,0.00030147723846849563
k,s,e,f,s,f,c,n,b,t,,k,s,w,w,p,w,o,e,w,v,p,False,True,False,True,True,s__w,s__f,1,1,1.0
x,s,e,f,y,f,c,n,b,t,,k,k,p,w,p,w,o,e,w,v,l,False,True,False,True,True,y__w,y__f,1,1,1.0
x,y,y,t,a,f,c,b,n,e,r,s,y,w,w,p,w,o,p,n,s,g,False,False,True,False,False,a__n,a__t,0,0,0.00030147723846849563
x,y,n,t,a,f,c,b,w,e,r,s,y,w,w,p,w,o,p,k,y,p,False,False,True,False,False,a__k,a__t,0,0,0.00030147723846849563
x,s,n,f,s,f,c,n,b,t,,s,k,p,w,p,w,o,e,w,v,p,False,True,False,True,True,s__w,s__f,1,1,1.0
x,y,e,t,n,f,c,b,n,t,b,s,s,g,w,p,w,o,p,n,v,d,True,False,True,False,False,n__n,n__t,0,0,0.00030147723846849563
x,s,n,f,n,f,w,b,k,t,e,s,f,w,w,p,w,o,e,k,a,g,True,False,False,False,False,n__k,n__f,0,0,0.00030147723846849563
x,f,n,t,n,f,c,b,n,t,b,s,s,g,p,p,w,o,p,k,v,d,True,False,True,False,False,n__k,n__t,0,0,0.00030147723846849563
f,f,y,f,f,f,c,b,h,e,b,k,k,p,b,p,w,o,l,h,v,p,False,True,False,False,False,f__h,f__f,1,1,1.0
k,y,e,f,y,f,c,n,b,t,,s,s,w,p,p,w,o,e,w,v,p,False,True,False,True,True,y__w,y__f,1,1,1.0
x,f,g,f,f,f,c,b,p,e,b,k,k,b,b,p,w,o,l,h,v,p,False,True,False,False,False,f__h,f__f,1,1,1.0
b,s,n,f,n,a,c,b,n,e,,s,s,o,o,p,n,o,p,y,v,l,True,False,False,False,True,n__y,n__f,0,0,0.00030147723846849563
x,y,n,t,n,f,c,b,u,t,b,s,s,g,g,p,w,o,p,k,v,d,True,False,True,False,False,n__k,n__t,0,0,0.00030147723846849563
f,y,e,f,y,f,c,n,b,t,,s,k,p,w,p,w,o,e,w,v,d,False,True,False,True,True,y__w,y__f,1,1,1.0
k,y,n,f,f,f,c,n,b,t,,k,k,w,w,p,w,o,e,w,v,p,False,True,False,True,True,f__w,f__f,1,1,1.0
x,f,g,f,n,f,w,b,g,e,,s,s,w,w,p,w,t,p,w,n,g,True,False,False,False,True,n__w,n__f,0,0,0.00030147723846849563
x,f,g,f,n,f,w,b,n,t,e,f,f,w,w,p,w,o,e,n,s,g,True,False,False,False,False,n__n,n__f,0,0,0.00030147723846849563
x,y,g,t,n,f,c,b,w,t,b,s,s,p,p,p,w,o,p,n,v,d,True,False,True,False,False,n__n,n__t,0,0,0.00030147723846849563
f,f,e,t,n,f,c,b,p,t,b,s,s,w,g,p,w,o,p,n,y,d,True,False,True,False,False,n__n,n__t,0,0,0.00030147723846849563
x,f,g,f,n,f,w,b,w,e,,k,s,w,w,p,w,t,p,w,s,g,True,False,False,False,True,n__w,n__f,0,0,0.00030147723846849563
f,y,n,t,n,f,c,b,u,t,b,s,s,p,g,p,w,o,p,k,v,d,True,False,True,False,False,n__k,n__t,0,0,0.00030147723846849563
x,y,y,f,f,f,c,b,p,e,b,k,k,b,n,p,w,o,l,h,y,d,False,True,False,False,False,f__h,f__f,1,1,1.0
f,y,g,t,n,f,c,b,w,e,b,s,s,w,w,p,w,t,p,w,y,p,True,False,True,False,False,n__w,n__t,0,0,0.00030147723846849563
f,f,e,t,n,f,c,b,w,t,b,s,s,w,w,p,w,o,p,n,v,d,True,False,True,False,False,n__n,n__t,0,0,0.00030147723846849563
x,y,n,t,n,f,c,b,p,t,b,s,s,g,p,p,w,o,p,n,y,d,True,False,True,False,False,n__n,n__t,0,0,0.00030147723846849563
f,y,n,f,f,f,c,n,b,t,,s,s,p,p,p,w,o,e,w,v,d,False,True,False,True,True,f__w,f__f,1,1,1.0
f,y,y,f,f,f,c,b,h,e,b,k,k,b,p,p,w,o,l,h,v,g,False,True,False,False,False,f__h,f__f,1,1,1.0
x,s,n,f,f,f,c,n,b,t,,s,k,p,p,p,w,o,e,w,v,p,False,True,False,True,True,f__w,f__f,1,1,1.0
x,y,g,f,f,f,c,b,g,e,b,k,k,p,n,p,w,o,l,h,y,d,False,True,False,False,False,f__h,f__f,1,1,1.0
f,f,n,f,n,f,w,b,h,t,e,f,f,w,w,p,w,o,e,n,s,g,True,False,False,False,False,n__n,n__f,0,0,0.00030147723846849563
x,s,w,f,n,f,w,b,w,e,,s,k,w,w,p,w,t,p,w,s,g,True,False,False,False,True,n__w,n__f,0,0,0.00030147723846849563
x,y,n,t,p,f,c,n,n,e,e,s,s,w,w,p,w,o,p,k,v,u,False,True,True,True,False,p__k,p__t,1,1,1.0
x,f,n,f,n,f,w,b,k,t,e,f,s,w,w,p,w,o,e,n,s,g,True,False,False,False,False,n__n,n__f,0,0,0.00030147723846849563
k,y,c,f,m,f,c,b,w,e,c,k,y,c,c,p,w,n,n,w,c,d,False,True,False,False,False,m__w,m__f,1,1,1.0
f,y,n,t,p,f,c,n,n,e,e,s,s,w,w,p,w,o,p,n,v,u,False,True,True,True,False,p__n,p__t,1,1,1.0
f,f,n,t,n,f,c,b,n,t,b,s,s,w,p,p,w,o,p,n,y,d,True,False,True,False,False,n__n,n__t,0,0,0.00030147723846849563
f,s,n,f,s,f,c,n,b,t,,k,k,w,w,p,w,o,e,w,v,p,False,True,False,True,True,s__w,s__f,1,1,1.0
x,f,g,t,n,f,c,b,w,t,b,s,s,g,p,p,w,o,p,n,v,d,True,False,True,False,False,n__n,n__t,0,0,0.00030147723846849563
x,f,g,f,f,f,c,b,p,e,b,k,k,p,b,p,w,o,l,h,y,p,False,True,False,False,False,f__h,f__f,1,1,1.0
f,y,n,t,n,f,c,b,w,e,b,s,s,w,w,p,w,t,p,w,v,p,True,False,True,False,False,n__w,n__t,0,0,0.00030147723846849563
f,y,e,f,s,f,c,n,b,t,,k,s,w,w,p,w,o,e,w,v,p,False,True,False,True,True,s__w,s__f,1,1,1.0
f,s,n,f,n,a,c,b,y,e,,s,s,o,o,p,o,o,p,b,c,l,True,False,False,False,True,n__b,n__f,0,0,0.00030147723846849563
b,s,w,t,a,f,c,b,w,e,c,s,s,w,w,p,w,o,p,k,n,g,False,False,True,False,False,a__k,a__t,0,0,0.00030147723846849563
x,y,n,t,n,f,c,b,n,t,b,s,s,p,g,p,w,o,p,n,y,d,True,False,True,False,False,n__n,n__t,0,0,0.00030147723846849563
f,y,n,t,n,f,c,b,w,t,b,s,s,g,g,p,w,o,p,k,y,d,True,False,True,False,False,n__k,n__t,0,0,0.00030147723846849563
f,s,e,f,s,f,c,n,b,t,,s,k,p,w,p,w,o,e,w,v,p,False,True,False,True,True,s__w,s__f,1,1,1.0
x,f,y,f,f,f,c,b,g,e,b,k,k,p,n,p,w,o,l,h,y,p,False,True,False,False,False,f__h,f__f,1,1,1.0
f,y,g,t,n,f,c,b,u,t,b,s,s,g,w,p,w,o,p,n,v,d,True,False,True,False,False,n__n,n__t,0,0,0.00030147723846849563
f,s,w,t,p,f,c,n,p,e,e,s,s,w,w,p,w,o,p,k,s,u,False,True,True,True,False,p__k,p__t,1,1,1.0
f,f,n,t,n,f,c,b,n,t,b,s,s,g,g,p,w,o,p,n,v,d,True,False,True,False,False,n__n,n__t,0,0,0.00030147723846849563
x,y,y,f,f,f,c,b,h,e,b,k,k,p,n,p,w,o,l,h,v,g,False,True,False,False,False,f__h,f__f,1,1,1.0
k,y,e,f,f,f,c,n,b,t,,s,k,p,w,p,w,o,e,w,v,l,False,True,False,True,True,f__w,f__f,1,1,1.0
k,y,e,f,f,f,c,n,b,t,,k,k,p,w,p,w,o,e,w,v,l,False,True,False,True,True,f__w,f__f,1,1,1.0
x,y,n,f,y,f,c,n,b,t,,s,k,p,p,p,w,o,e,w,v,l,False,True,False,True,True,y__w,y__f,1,1,1.0
f,s,n,t,p,f,c,n,n,e,e,s,s,w,w,p,w,o,p,n,s,g,False,True,True,True,False,p__n,p__t,1,1,1.0
k,y,n,f,s,f,c,n,b,t,,k,s,w,w,p,w,o,e,w,v,d,False,True,False,True,True,s__w,s__f,1,1,1.0
f,y,g,f,f,f,c,b,h,e,b,k,k,n,b,p,w,o,l,h,y,g,False,True,False,False,False,f__h,f__f,1,1,1.0
x,f,n,t,n,f,c,b,p,t,b,s,s,w,g,p,w,o,p,k,v,d,True,False,True,False,False,n__k,n__t,0,0,0.00030147723846849563
f,s,n,t,p,f,c,n,p,e,e,s,s,w,w,p,w,o,p,k,v,g,False,True,True,True,False,p__k,p__t,1,1,1.0
x,s,n,f,n,f,w,b,n,t,e,f,s,w,w,p,w,o,e,k,a,g,True,False,False,False,False,n__k,n__f,0,0,0.00030147723846849563
f,y,n,t,n,f,c,b,w,t,b,s,s,g,w,p,w,o,p,n,v,d,True,False,True,False,False,n__n,n__t,0,0,0.00030147723846849563
x,s,n,t,n,f,c,b,e,e,,s,s,e,w,p,w,t,e,w,c,w,True,False,True,False,True,n__w,n__t,0,0,0.00030147723846849563
x,f,w,f,n,f,w,b,n,t,e,s,f,w,w,p,w,o,e,n,a,g,True,False,False,False,False,n__n,n__f,0,0,0.00030147723846849563
f,y,y,f,f,f,c,b,p,e,b,k,k,p,n,p,w,o,l,h,y,d,False,True,False,False,False,f__h,f__f,1,1,1.0
k,y,e,f,y,f,c,n,b,t,,s,k,w,p,p,w,o,e,w,v,d,False,True,False,True,True,y__w,y__f,1,1,1.0
k,y,n,f,f,f,c,n,b,t,,s,k,w,p,p,w,o,e,w,v,d,False,True,False,True,True,f__w,f__f,1,1,1.0
f,s,w,f,n,f,w,b,p,t,e,f,s,w,w,p,w,o,e,n,s,g,True,False,False,False,False,n__n,n__f,0,0,0.00030147723846849563
f,f,g,t,n,f,c,b,w,t,b,s,s,g,w,p,w,o,p,n,y,d,True,False,True,False,False,n__n,n__t,0,0,0.00030147723846849563
f,s,p,t,n,f,c,b,w,e,b,s,s,w,w,p,w,t,p,r,v,m,True,False,True,False,False,n__r,n__t,1,1,1.0
x,f,e,t,n,f,c,b,w,t,b,s,s,g,g,p,w,o,p,n,y,d,True,False,True,False,False,n__n,n__t,0,0,0.00030147723846849563
k,y,n,f,s,f,c,n,b,t,,s,k,w,p,p,w,o,e,w,v,d,False,True,False,True,True,s__w,s__f,1,1,1.0
f,y,e,t,n,f,c,b,u,t,b,s,s,p,w,p,w,o,p,n,v,d,True,False,True,False,False,n__n,n__t,0,0,0.00030147723846849563
x,s,g,f,n,f,w,b,w,e,,k,s,w,w,p,w,t,p,w,n,g,True,False,False,False,True,n__w,n__f,0,0,0.00030147723846849563
f,f,n,t,n,f,c,b,p,t,b,s,s,g,p,p,w,o,p,n,y,d,True,False,True,False,False,n__n,n__t,0,0,0.00030147723846849563
f,f,n,f,n,f,w,b,k,t,e,s,s,w,w,p,w,o,e,n,s,g,True,False,False,False,False,n__n,n__f,0,0,0.00030147723846849563
f,s,n,f,s,f,c,n,b,t,,k,k,w,p,p,w,o,e,w,v,p,False,True,False,True,True,s__w,s__f,1,1,1.0
f,f,g,f,n,f,w,b,h,t,e,f,s,w,w,p,w,o,e,k,a,g,True,False,False,False,False,n__k,n__f,0,0,0.00030147723846849563
x,y,y,f,f,f,c,b,g,e,b,k,k,n,b,p,w,o,l,h,v,p,False,True,False,False,False,f__h,f__f,1,1,1.0
b,s,y,t,a,f,c,b,g,e,c,s,s,w,w,p,w,o,p,n,n,m,False,False,True,False,False,a__n,a__t,0,0,0.00030147723846849563
x,y,g,t,n,f,c,b,n,t,b,s,s,p,p,p,w,o,p,n,y,d,True,False,True,False,False,n__n,n__t,0,0,0.00030147723846849563
f,s,e,f,f,f,c,n,b,t,,s,k,p,p,p,w,o,e,w,v,d,False,True,False,True,True,f__w,f__f,1,1,1.0
f,s,b,t,f,f,c,b,p,t,b,f,s,w,w,p,w,o,p,h,v,u,False,True,True,False,False,f__h,f__t,1,1,1.0
x,y,n,t,a,f,c,b,p,e,r,s,y,w,w,p,w,o,p,k,s,g,False,False,True,False,False,a__k,a__t,0,0,0.00030147723846849563
x,y,e,t,n,f,c,b,u,t,b,s,s,g,p,p,w,o,p,k,v,d,True,False,True,False,False,n__k,n__t,0,0,0.00030147723846849563
x,y,n,t,n,f,c,b,u,t,b,s,s,w,w,p,w,o,p,n,y,d,True,False,True,False,False,n__n,n__t,0,0,0.00030147723846849563
f,f,g,t,n,f,c,b,u,t,b,s,s,p,w,p,w,o,p,n,v,d,True,False,True,False,False,n__n,n__t,0,0,0.00030147723846849563
k,s,n,f,s,f,c,n,b,t,,s,s,p,w,p,w,o,e,w,v,l,False,True,False,True,True,s__w,s__f,1,1,1.0
f,f,g,t,n,f,c,b,w,t,b,s,s,w,p,p,w,o,p,n,v,d,True,False,True,False,False,n__n,n__t,0,0,0.00030147723846849563
x,f,e,t,n,f,c,b,n,t,b,s,s,w,w,p,w,o,p,n,y,d,True,False,True,False,False,n__n,n__t,0,0,0.00030147723846849563
f,s,n,f,n,f,w,b,p,t,e,s,s,w,w,p,w,o,e,k,s,g,True,False,False,False,False,n__k,n__f,0,0,0.00030147723846849563
f,s,g,t,f,f,c,b,p,t,b,s,s,w,w,p,w,o,p,h,s,g,False,True,True,False,False,f__h,f__t,1,1,1.0
