cap-shape,cap-surface,cap-color,bruises,odor,gill-attachment,gill-spacing,gill-size,gill-color,stalk-shape,stalk-root,stalk-surface-above-ring,stalk-surface-below-ring,stalk-color-above-ring,stalk-color-below-ring,veil-type,veil-color,ring-number,ring-type,spore-print-color,population,habitat,actual,predicted,predicted_proba_poisonous
x,y,g,f,f,f,c,b,p,e,b,k,k,p,n,p,w,o,l,h,y,d,1,1,0.9978318174100471
x,s,w,f,c,f,c,n,u,e,b,s,s,w,w,p,w,o,p,n,s,d,1,1,0.9976641358196158
x,f,w,f,n,f,w,b,p,t,e,s,s,w,w,p,w,o,e,n,s,g,0,0,2.394292029528689e-05
f,s,e,f,f,f,c,n,b,t,,k,s,w,w,p,w,o,e,w,v,p,1,1,0.9999645040065039
x,f,y,f,f,f,c,b,g,e,b,k,k,p,n,p,w,o,l,h,y,g,1,1,0.9983054876758038
f,f,w,t,a,f,w,n,p,t,b,s,s,w,w,p,w,o,p,u,v,d,0,0,0.03846536868915606
f,y,y,t,a,f,c,b,n,e,r,s,y,w,w,p,w,o,p,k,y,p,0,0,0.0020183908225412254
f,f,n,f,n,f,w,b,k,t,e,f,f,w,w,p,w,o,e,n,s,g,0,0,9.795213648941014e-06
f,f,n,t,n,f,c,b,u,t,b,s,s,p,p,p,w,o,p,n,y,d,0,0,0.0003680095252397019
f,s,w,t,p,f,c,n,w,e,e,s,s,w,w,p,w,o,p,k,v,g,1,1,0.9970667004931562
f,y,y,f,f,f,c,b,g,e,b,k,k,p,n,p,w,o,l,h,y,p,1,1,0.9984554902211894
f,y,g,f,f,f,c,b,g,e,b,k,k,b,b,p,w,o,l,h,y,g,1,1,0.9997717777553767
f,y,g,t,n,f,c,b,n,t,b,s,s,w,g,p,w,o,p,k,v,d,0,0,0.0016272845229611877
f,y,e,t,n,f,c,b,n,t,b,s,s,w,g,p,w,o,p,k,y,d,0,0,0.00034093968362979823
x,f,n,t,n,f,c,b,u,t,b,s,s,p,p,p,w,o,p,k,y,d,0,0,0.00040098235452263985
f,s,e,f,y,f,c,n,b,t,,s,s,p,p,p,w,o,e,w,v,p,1,1,0.9981701019486229
f,y,g,f,f,f,c,b,g,e,b,k,k,p,n,p,w,o,l,h,v,g,1,1,0.9998911591893451
x,f,g,f,n,f,w,b,g,e,,k,s,w,w,p,w,t,p,w,s,g,0,0,0.010543660263151278
f,y,g,t,n,f,c,b,n,t,b,s,s,p,g,p,w,o,p,n,v,d,0,0,0.0019343833774430209
f,y,y,f,n,f,w,n,y,e,c,y,y,y,y,p,y,o,e,w,c,l,1,1,0.8643480809423849
x,f,g,f,f,f,c,b,h,e,b,k,k,p,p,p,w,o,l,h,v,d,1,1,0.9997079235722517
x,s,n,f,n,f,w,b,n,t,e,s,f,w,w,p,w,o,e,n,a,g,0,0,6.31188040062608e-06
f,f,g,f,f,f,c,b,p,e,b,k,k,p,n,p,w,o,l,h,y,g,1,1,0.998504771613386
x,f,g,t,n,f,c,b,u,t,b,s,s,g,g,p,w,o,p,n,y,d,0,0,0.00014700771349917182
f,f,y,f,f,f,c,b,g,e,b,k,k,p,p,p,w,o,l,h,y,g,1,1,0.9992989993549627
x,f,g,t,n,f,c,b,n,t,b,s,s,w,w,p,w,o,p,k,v,d,0,0,0.0009951085971370553
x,y,n,f,f,f,c,n,b,t,,k,s,p,w,p,w,o,e,w,v,l,1,1,0.9999750240603354
x,y,g,f,f,f,c,b,p,e,b,k,k,b,p,p,w,o,l,h,y,g,1,1,0.9995970582345179
x,y,e,t,n,f,c,b,u,t,b,s,s,p,w,p,w,o,p,k,v,d,0,0,0.004007369012003028
f,y,e,f,y,f,c,n,b,t,,s,s,w,p,p,w,o,e,w,v,p,1,1,0.9967396388920242
f,y,w,t,p,f,c,n,k,e,e,s,s,w,w,p,w,o,p,k,v,g,1,1,0.9956593157878433
f,y,n,t,p,f,c,n,k,e,e,s,s,w,w,p,w,o,p,n,v,u,1,1,0.9850660403173361
x,y,n,t,n,f,c,b,n,t,b,s,s,w,w,p,w,o,p,k,y,d,0,0,0.00028027229783535385
f,y,g,f,f,f,c,b,p,e,b,k,k,n,p,p,w,o,l,h,y,g,1,1,0.9995600619890511
x,f,w,f,n,f,w,b,n,t,e,s,f,w,w,p,w,o,e,k,a,g,0,0,7.904483617536904e-06
x,s,w,f,n,f,w,b,p,t,e,f,s,w,w,p,w,o,e,n,a,g,0,0,8.22632816106618e-05
b,s,n,f,n,a,c,b,n,e,,s,s,o,o,p,o,o,p,y,v,l,0,0,0.002968329184551784
x,y,n,f,s,f,c,n,b,t,,k,k,w,p,p,w,o,e,w,v,l,1,1,0.9998348139214899
b,y,y,t,a,f,c,b,g,e,c,s,s,w,w,p,w,o,p,n,n,m,0,0,0.001944353491844572
f,s,n,f,y,f,c,n,b,t,,s,s,p,p,p,w,o,e,w,v,p,1,1,0.9972787682529396
f,s,n,f,n,f,w,b,p,t,e,s,f,w,w,p,w,o,e,k,s,g,0,0,1.5282068830014e-05
b,s,w,t,a,f,c,b,g,e,c,s,s,w,w,p,w,o,p,n,n,m,0,0,0.004948488495747825
f,y,y,f,f,f,c,b,h,e,b,k,k,p,n,p,w,o,l,h,y,g,1,1,0.999308468331712
f,s,n,f,n,f,w,b,h,t,e,f,s,w,w,p,w,o,e,k,a,g,0,0,8.63008906934797e-05
f,y,e,t,n,f,c,b,p,t,b,s,s,w,g,p,w,o,p,n,y,d,0,0,0.0003199377399302354
b,s,p,t,n,f,c,b,g,e,b,s,s,w,w,p,w,t,p,r,v,m,1,1,0.9509425188065191
k,s,w,f,n,f,w,b,p,e,,k,s,w,w,p,w,t,p,w,n,g,0,0,0.005543468019833503
x,y,e,f,s,f,c,n,b,t,,s,s,w,w,p,w,o,e,w,v,l,1,1,0.9974245609199287
f,s,w,t,l,f,w,n,n,t,b,s,s,w,w,p,w,o,p,u,v,d,0,0,0.07043137653947198
x,s,n,f,n,a,c,b,o,e,,s,s,o,o,p,o,o,p,n,c,l,0,0,0.0014350115191733087
f,f,g,f,n,f,w,b,h,t,e,f,s,w,w,p,w,o,e,n,s,g,0,0,6.284495533998809e-05
x,s,w,t,p,f,c,n,k,e,e,s,s,w,w,p,w,o,p,n,s,g,1,1,0.9926645140106117
f,y,y,t,a,f,c,b,n,e,r,s,y,w,w,p,w,o,p,n,y,p,0,0,0.0015843628068342391
x,s,n,f,f,f,c,n,b,t,,s,s,w,p,p,w,o,e,w,v,d,1,1,0.9994692303011173
x,s,e,f,f,f,c,n,b,t,,k,k,w,p,p,w,o,e,w,v,d,1,1,0.9999798785161266
x,s,n,f,n,a,c,b,y,e,,s,s,o,o,p,o,o,p,o,v,l,0,0,0.005424243964659064
x,y,g,f,f,f,c,b,p,e,b,k,k,b,p,p,w,o,l,h,v,d,1,1,0.999773329922943
f,s,g,f,n,f,w,b,h,t,e,s,s,w,w,p,w,o,e,k,s,g,0,0,9.53655500963686e-05
f,y,g,f,f,f,c,b,h,e,b,k,k,n,p,p,w,o,l,h,v,g,1,1,0.999938853800314
x,s,e,f,f,f,c,n,b,t,,k,s,p,w,p,w,o,e,w,v,d,1,1,0.9999681161849423
f,s,n,f,s,f,c,n,b,t,,k,s,p,p,p,w,o,e,w,v,p,1,1,0.9997215386913284
f,y,y,f,f,f,c,b,p,e,b,k,k,n,p,p,w,o,l,h,v,g,1,1,0.9998497223183717
x,s,w,t,a,f,c,b,n,e,c,s,s,w,w,p,w,o,p,n,s,m,0,0,0.0072199250321743
f,y,g,f,f,f,c,b,h,e,b,k,k,b,p,p,w,o,l,h,v,p,1,1,0.999897826595615
x,y,y,f,f,f,c,b,p,e,b,k,k,n,n,p,w,o,l,h,v,d,1,1,0.9990975587153508
x,f,e,t,n,f,c,b,p,t,b,s,s,w,p,p,w,o,p,k,y,d,0,0,0.0003269228633533624
x,f,n,t,n,f,c,b,n,t,b,s,s,w,p,p,w,o,p,n,v,d,0,0,0.0006361276501094666
f,y,g,t,n,f,c,b,p,t,b,s,s,w,w,p,w,o,p,n,y,d,0,0,0.0004954256907390438
x,f,g,t,n,f,c,b,p,t,b,s,s,g,p,p,w,o,p,k,v,d,0,0,0.0012879170841676366
f,f,y,f,f,f,c,b,h,e,b,k,k,n,p,p,w,o,l,h,v,p,1,1,0.9996061770531048
k,s,n,f,s,f,c,n,b,t,,k,k,w,p,p,w,o,e,w,v,d,1,1,0.9996247466418775
k,y,n,f,s,f,c,n,b,t,,k,s,p,w,p,w,o,e,w,v,l,1,1,0.9996870399000743
x,f,g,f,n,f,w,b,g,e,,k,k,w,w,p,w,t,p,w,s,g,0,0,0.019132049772865357
x,f,g,f,f,f,c,b,p,e,b,k,k,p,n,p,w,o,l,h,y,g,1,1,0.9982515375512789
x,s,g,f,n,f,w,b,k,t,e,f,s,w,w,p,w,o,e,k,a,g,0,0,7.09272004722748e-05
x,y,e,t,n,f,c,b,w,t,b,s,s,w,g,p,w,o,p,n,v,d,0,0,0.0014770376046379942
f,f,w,f,n,f,w,b,p,t,e,f,s,w,w,p,w,o,e,n,a,g,0,0,4.082278618065523e-05
f,f,n,f,n,f,c,n,k,e,e,s,s,w,w,p,w,o,p,k,v,u,0,0,0.03445240943418071
b,f,g,f,n,f,w,b,g,e,,s,s,w,w,p,w,t,p,w,s,g,0,0,0.001405352993447865
f,y,e,f,y,f,c,n,b,t,,s,s,w,w,p,w,o,e,w,v,d,1,1,0.9950304821783049
x,f,n,f,n,f,w,b,p,t,e,s,s,w,w,p,w,o,e,n,a,g,0,0,7.612324284889097e-06
f,s,n,f,f,f,c,n,b,t,,s,k,p,p,p,w,o,e,w,v,l,1,1,0.9999268439752932
k,s,g,f,n,f,w,b,g,e,,k,s,w,w,p,w,t,p,w,n,g,0,0,0.0059966852627295125
f,s,w,t,f,f,c,b,p,t,b,f,s,w,w,p,w,o,p,h,s,u,1,1,0.9953380240422711
x,y,e,f,f,f,c,n,b,t,,s,k,p,w,p,w,o,e,w,v,p,1,1,0.999829326580373
b,s,w,t,a,f,c,b,g,e,c,s,s,w,w,p,w,o,p,k,n,m,0,0,0.006298287767611672
f,s,e,f,f,f,c,n,b,t,,k,s,w,w,p,w,o,e,w,v,d,1,1,0.9999586896017725
f,y,e,f,y,f,c,n,b,t,,s,s,p,w,p,w,o,e,w,v,d,1,1,0.9967152912978032
b,y,w,t,a,f,c,b,n,e,c,s,s,w,w,p,w,o,p,n,s,g,0,0,0.00670125042846543
x,f,g,t,n,f,c,b,w,t,b,s,s,w,p,p,w,o,p,k,v,d,0,0,0.001909732701789248
x,y,n,t,n,f,c,b,p,t,b,s,s,w,p,p,w,o,p,n,y,d,0,0,0.00034501832594347636
x,s,n,f,y,f,c,n,b,t,,s,k,w,p,p,w,o,e,w,v,l,1,1,0.9986272159588423
f,y,e,t,n,f,c,b,u,t,b,s,s,p,w,p,w,o,p,k,v,d,0,0,0.004684067010834399
b,s,b,t,n,f,c,b,g,e,b,s,s,w,w,p,w,t,p,r,v,g,1,1,0.9433407450745535
x,s,n,f,n,a,c,b,o,e,,s,s,o,o,p,n,o,p,b,c,l,0,0,0.005291911882004494
x,f,p,f,c,f,w,n,p,e,b,s,s,w,w,p,w,o,p,n,v,d,1,1,0.9664418732893031
f,y,n,t,n,f,c,b,e,e,,s,s,e,w,p,w,t,e,w,c,w,0,0,0.003560709538160625
f,y,e,f,s,f,c,n,b,t,,k,k,p,p,p,w,o,e,w,v,p,1,1,0.9998796460799869
x,y,n,t,n,f,c,b,u,t,b,s,s,g,w,p,w,o,p,k,y,d,0,0,0.00033317870691169276
f,s,b,t,n,f,c,b,g,e,b,s,s,w,w,p,w,t,p,r,v,g,1,1,0.9383551050567409
f,y,y,f,f,f,c,b,g,e,b,k,k,b,b,p,w,o,l,h,v,g,1,1,0.9999220528194916
x,s,e,f,s,f,c,n,b,t,,s,k,w,p,p,w,o,e,w,v,p,1,1,0.9982475829446886
k,s,b,t,n,f,c,b,w,e,,s,s,w,e,p,w,t,e,w,c,w,0,0,0.014104746252160816
x,s,n,t,p,f,c,n,p,e,e,s,s,w,w,p,w,o,p,k,s,g,1,1,0.9871064702579636
f,f,w,f,n,f,w,b,p,t,e,f,f,w,w,p,w,o,e,k,a,g,0,0,2.1889164072614324e-05
f,f,w,f,n,f,w,b,p,t,e,s,f,w,w,p,w,o,e,n,s,g,0,0,1.1782031654917079e-05
x,y,w,t,l,f,c,b,n,e,c,s,s,w,w,p,w,o,p,k,n,m,0,0,0.002168189766205441
f,y,g,f,f,f,c,b,p,e,b,k,k,b,n,p,w,o,l,h,y,d,1,1,0.9982324064195985
x,f,g,f,f,f,c,b,g,e,b,k,k,p,b,p,w,o,l,h,v,p,1,1,0.9997290490155775
f,s,n,f,f,f,c,n,b,t,,s,s,p,p,p,w,o,e,w,v,p,1,1,0.9997426457880901
x,y,g,f,f,f,c,b,g,e,b,k,k,b,p,p,w,o,l,h,y,p,1,1,0.9994474674936702
f,y,e,t,n,f,c,b,w,t,b,s,s,p,w,p,w,o,p,n,v,d,0,0,0.003738348503223874
x,s,y,t,l,f,w,n,w,t,b,s,s,w,w,p,w,o,p,n,v,d,0,0,0.034632959149204556
k,y,e,f,s,f,c,n,b,t,,s,s,p,w,p,w,o,e,w,v,d,1,1,0.9954627155789607
f,y,n,f,f,f,c,n,b,t,,k,s,p,p,p,w,o,e,w,v,d,1,1,0.9999635888674289
f,f,w,f,n,f,w,b,p,t,e,s,s,w,w,p,w,o,e,n,a,g,0,0,2.0621813606647143e-05
f,s,g,f,n,f,w,b,h,t,e,f,s,w,w,p,w,o,e,k,a,g,0,0,0.00013901014043703406
f,y,n,f,y,f,c,n,b,t,,k,s,p,p,p,w,o,e,w,v,p,1,1,0.9996684650510562
x,s,n,f,n,a,c,b,n,e,,s,s,o,o,p,o,o,p,n,v,l,0,0,0.0006298297800623856
x,y,e,f,f,f,c,n,b,t,,s,s,w,p,p,w,o,e,w,v,l,1,1,0.9998122627421469
x,s,n,f,y,f,c,n,b,t,,k,k,w,w,p,w,o,e,w,v,p,1,1,0.9996422541432974
x,s,g,t,f,f,c,b,p,t,b,s,s,w,w,p,w,o,p,h,v,g,1,1,0.9902092586221671
f,s,n,f,n,a,c,b,y,e,,s,s,o,o,p,n,o,p,o,c,l,0,0,0.009721486813000887
f,s,w,t,p,f,c,n,k,e,e,s,s,w,w,p,w,o,p,k,v,u,1,1,0.9956567581826178
k,y,e,f,s,f,c,n,b,t,,k,s,p,p,p,w,o,e,w,v,d,1,1,0.9996414755247247
f,f,e,t,n,f,c,b,u,t,b,s,s,p,w,p,w,o,p,k,v,d,0,0,0.0023451555244044134
x,s,n,f,f,f,c,n,b,t,,k,s,w,p,p,w,o,e,w,v,d,1,1,0.9999451814247697
f,s,n,f,n,a,c,b,o,e,,s,s,o,o,p,o,o,p,y,c,l,0,0,0.006168371696756128
x,f,w,f,c,f,c,n,g,e,b,s,s,w,w,p,w,o,p,n,v,d,1,1,0.9968185410061315
f,s,n,f,f,f,c,n,b,t,,k,k,w,p,p,w,o,e,w,v,d,1,1,0.9999743949688191
f,s,w,f,n,f,w,b,h,t,e,s,f,w,w,p,w,o,e,n,s,g,0,0,4.5264201625309506e-05
f,f,g,t,n,f,c,b,n,t,b,s,s,w,p,p,w,o,p,n,v,d,0,0,0.0011978794497000777
k,s,n,f,y,f,c,n,b,t,,k,s,p,w,p,w,o,e,w,v,p,1,1,0.9994833767088257
f,y,g,f,f,f,c,b,g,e,b,k,k,n,b,p,w,o,l,h,y,p,1,1,0.9993782416587342
f,s,n,f,s,f,c,n,b,t,,s,s,w,w,p,w,o,e,w,v,p,1,1,0.9946640613435361
f,f,g,f,f,f,c,b,h,e,b,k,k,n,b,p,w,o,l,h,y,g,1,1,0.999443107755011
f,y,n,f,y,f,c,n,b,t,,k,k,p,p,p,w,o,e,w,v,l,1,1,0.9999057522048487
b,y,y,t,a,f,c,b,g,e,c,s,s,w,w,p,w,o,p,k,s,m,0,0,0.008570557420202832
f,f,g,t,n,f,c,b,u,t,b,s,s,g,w,p,w,o,p,n,v,d,0,0,0.0010856020566639404
x,s,w,t,p,f,c,n,w,e,e,s,s,w,w,p,w,o,p,k,s,g,1,1,0.9954145160155886
f,s,w,t,f,f,c,b,h,t,b,f,s,w,w,p,w,o,p,h,s,u,1,1,0.9971346061695853
k,s,e,f,y,f,c,n,b,t,,k,k,w,p,p,w,o,e,w,v,d,1,1,0.9997450070240351
x,y,e,t,n,f,c,b,u,t,b,s,s,p,p,p,w,o,p,n,y,d,0,0,0.0009370230499965527
f,f,y,t,l,f,w,n,w,t,b,s,s,w,w,p,w,o,p,u,v,d,0,0,0.021245632694646053
x,y,e,t,n,f,c,b,w,e,,s,s,w,w,p,w,t,e,w,c,w,0,0,0.010540349880387018
x,y,y,t,l,f,c,b,k,e,c,s,s,w,w,p,w,o,p,k,n,g,0,0,0.0009942898772641482
f,y,y,f,f,f,c,b,h,e,b,k,k,b,n,p,w,o,l,h,y,p,1,1,0.9985943305613735
f,f,e,t,n,f,c,b,n,t,b,s,s,p,g,p,w,o,p,k,v,d,0,0,0.001138753676022073
b,s,w,t,l,f,c,b,n,e,c,s,s,w,w,p,w,o,p,k,s,m,0,0,0.011266848166377252
k,y,e,f,f,f,c,n,b,t,,k,s,p,w,p,w,o,e,w,v,p,1,1,0.9999614291994846
b,f,g,f,n,f,w,b,p,e,,k,s,w,w,p,w,t,p,w,n,g,0,0,0.0025099939756783145
x,f,n,t,n,f,c,b,n,t,b,s,s,w,w,p,w,o,p,n,y,d,0,0,0.00010986109597991675
f,y,g,t,n,f,c,b,w,t,b,s,s,g,p,p,w,o,p,k,y,d,0,0,0.0008365011887260989
f,y,r,f,n,f,c,n,u,e,,s,f,w,w,p,w,o,f,h,v,d,0,0,0.06040481888665988
x,s,n,t,p,f,c,n,k,e,e,s,s,w,w,p,w,o,p,n,v,g,1,1,0.9873766260116686
f,y,e,t,n,f,c,b,n,t,b,s,s,p,g,p,w,o,p,k,y,d,0,0,0.0005165987612956302
k,f,w,f,n,f,w,b,w,e,,s,k,w,w,p,w,t,p,w,s,g,0,0,0.0019011556524320163
f,f,y,f,f,f,c,b,p,e,b,k,k,n,n,p,w,o,l,h,y,g,1,1,0.9972587070976758
f,f,g,t,n,f,c,b,p,t,b,s,s,w,p,p,w,o,p,k,v,d,0,0,0.001824728186297662
x,s,b,t,f,f,c,b,w,t,b,s,f,w,w,p,w,o,p,h,s,u,1,1,0.9869142954216686
x,y,e,f,f,f,c,n,b,t,,s,k,p,p,p,w,o,e,w,v,l,1,1,0.999932314709389
f,s,n,f,n,a,c,b,n,e,,s,s,o,o,p,o,o,p,b,v,l,0,0,0.0027377890888366694
x,s,w,t,a,f,w,n,p,t,b,s,s,w,w,p,w,o,p,u,v,d,0,0,0.07460270598083273
f,f,y,f,f,f,c,b,g,e,b,k,k,b,b,p,w,o,l,h,v,p,1,1,0.9996670562428129
x,y,y,f,f,f,c,b,g,e,b,k,k,p,b,p,w,o,l,h,v,p,1,1,0.9997958996303737
f,f,g,f,n,f,w,b,k,t,e,f,s,w,w,p,w,o,e,k,s,g,0,0,4.779826308079741e-05
b,f,w,f,n,f,w,b,g,e,,k,k,w,w,p,w,t,p,w,n,g,0,0,0.010199992211151726
f,f,g,t,n,f,c,b,p,t,b,s,s,w,w,p,w,o,p,k,y,d,0,0,0.00031544625066871104
x,s,n,f,y,f,c,n,b,t,,s,s,p,p,p,w,o,e,w,v,p,1,1,0.9968185580486955
x,y,w,t,l,f,c,b,g,e,c,s,s,w,w,p,w,o,p,k,s,m,0,0,0.013883647089808717
f,s,g,f,n,f,w,b,h,t,e,s,f,w,w,p,w,o,e,n,a,g,0,0,2.3182038454119394e-05
x,y,g,f,f,f,c,b,p,e,b,k,k,n,b,p,w,o,l,h,v,p,1,1,0.9997436392544583
f,y,e,t,n,f,c,b,p,t,b,s,s,g,g,p,w,o,p,k,v,d,0,0,0.001483992671119975
f,y,n,f,y,f,c,n,b,t,,k,k,p,p,p,w,o,e,w,v,d,1,1,0.9997891817818003
k,s,n,f,s,f,c,n,b,t,,s,k,p,p,p,w,o,e,w,v,l,1,1,0.998928560976603
f,y,g,f,f,f,c,b,h,e,b,k,k,n,b,p,w,o,l,h,y,p,1,1,0.9994063987170928
f,s,n,f,y,f,c,n,b,t,,s,s,w,p,p,w,o,e,w,v,d,1,1,0.9952104075260239
x,y,e,f,f,f,c,n,b,t,,s,k,p,p,p,w,o,e,w,v,p,1,1,0.9998699015291835
x,f,e,t,n,f,c,b,u,t,b,s,s,g,p,p,w,o,p,n,y,d,0,0,0.00025499923184979197
x,y,g,t,n,f,c,b,p,t,b,s,s,p,p,p,w,o,p,n,v,d,0,0,0.0037068334144107168
k,y,n,f,s,f,c,n,b,t,,k,s,p,p,p,w,o,e,w,v,p,1,1,0.9995415210199701
x,y,y,f,f,f,c,b,g,e,b,k,k,b,p,p,w,o,l,h,y,d,1,1,0.999030709182952
k,s,w,f,n,f,w,b,g,e,,s,s,w,w,p,w,t,p,w,n,g,0,0,0.0008946471085243206
x,s,e,f,s,f,c,n,b,t,,s,s,p,p,p,w,o,e,w,v,l,1,1,0.9988981576107389
b,s,w,t,a,f,c,b,w,e,c,s,s,w,w,p,w,o,p,k,s,m,0,0,0.017065492203124095
f,s,g,t,f,f,c,b,w,t,b,f,f,w,w,p,w,o,p,h,s,u,1,1,0.9870934336605618
b,s,y,t,a,f,c,b,k,e,c,s,s,w,w,p,w,o,p,n,n,g,0,0,0.0012225108363608378
x,f,n,t,n,f,c,b,u,t,b,s,s,w,g,p,w,o,p,n,y,d,0,0,0.00011060803477169253
f,y,y,t,l,f,c,b,p,e,r,s,y,w,w,p,w,o,p,n,s,p,0,0,0.005980009955831733
f,y,u,f,n,f,c,n,h,e,,s,f,w,w,p,w,o,f,h,y,d,0,0,0.022375636261368816
x,y,g,f,f,f,c,b,g,e,b,k,k,b,b,p,w,o,l,h,y,p,1,1,0.9994305192324994
x,y,n,f,s,f,c,n,b,t,,s,k,p,p,p,w,o,e,w,v,d,1,1,0.9976431009617218
f,f,n,t,n,f,c,b,w,t,b,s,s,p,g,p,w,o,p,k,v,d,0,0,0.0011202109504570925
x,f,g,t,n,f,c,b,n,t,b,s,s,w,p,p,w,o,p,n,y,d,0,0,0.00023214334183044216
x,y,e,f,f,f,c,n,b,t,,s,s,p,w,p,w,o,e,w,v,p,1,1,0.9996876363207707
f,y,e,t,n,f,c,b,w,t,b,s,s,w,w,p,w,o,p,k,y,d,0,0,0.0007141111205865426
f,y,y,f,f,f,c,b,p,e,b,k,k,p,n,p,w,o,l,h,y,p,1,1,0.9975986929235406
k,y,c,f,n,f,w,n,w,e,b,f,s,w,n,p,w,o,e,w,v,l,0,0,0.08445581970438873
f,y,c,f,n,f,w,n,w,e,b,f,s,w,n,p,w,o,e,w,v,l,0,0,0.1142799450169361
b,s,w,t,a,f,c,b,n,e,c,s,s,w,w,p,w,o,p,n,n,m,0,0,0.0026651390312501695
f,s,n,f,y,f,c,n,b,t,,k,k,w,w,p,w,o,e,w,v,p,1,1,0.9996941290611082
f,f,g,f,f,f,c,b,g,e,b,k,k,p,b,p,w,o,l,h,v,d,1,1,0.9997304030595613
x,s,y,t,a,f,c,b,g,e,c,s,s,w,w,p,w,o,p,n,n,m,0,0,0.0017896392200729301
x,y,g,t,n,f,c,b,u,t,b,s,s,w,g,p,w,o,p,k,y,d,0,0,0.0004544662806879082
x,s,w,f,n,f,w,b,p,t,e,s,s,w,w,p,w,o,e,n,a,g,0,0,4.155651803167856e-05
x,f,n,f,n,f,w,b,n,t,e,f,s,w,w,p,w,o,e,n,s,g,0,0,1.7111579408070506e-05
b,f,g,f,n,f,w,b,w,e,,k,k,w,w,p,w,t,p,w,s,g,0,0,0.019254588958651828
k,y,e,f,m,a,c,b,y,e,c,k,y,c,c,p,w,n,n,w,c,d,1,1,0.9834650651923732
x,f,w,f,c,f,c,n,u,e,b,s,s,w,w,p,w,o,p,k,s,d,1,1,0.9956885080427816
f,y,y,t,a,f,c,b,p,e,r,s,y,w,w,p,w,o,p,k,y,p,0,0,0.0024129691754286244
x,f,g,f,f,f,c,b,g,e,b,k,k,n,n,p,w,o,l,h,v,d,1,1,0.9992299434795278
x,y,n,f,n,f,w,n,w,e,b,s,f,w,n,p,w,o,e,w,v,l,0,0,0.027486989706160314
k,y,e,f,f,f,c,n,b,t,,k,s,p,p,p,w,o,e,w,v,d,1,1,0.9999657837987203
f,f,g,f,f,f,c,b,p,e,b,k,k,b,p,p,w,o,l,h,v,d,1,1,0.9996120854942241
f,f,n,t,n,f,c,b,n,t,b,s,s,w,p,p,w,o,p,k,y,d,0,0,0.0002148364884488115
f,y,n,t,n,f,c,b,n,t,b,s,s,g,g,p,w,o,p,n,y,d,0,0,0.00014832361665283522
b,y,w,t,n,f,w,n,w,e,b,s,s,w,w,p,w,o,p,w,c,l,1,0,0.491907195258162
k,s,e,f,f,f,c,n,b,t,,k,s,w,w,p,w,o,e,w,v,d,1,1,0.9999422202713399
k,s,n,f,n,a,c,b,n,e,,s,s,o,o,p,n,o,p,b,c,l,0,0,0.0030114287541367904
b,s,n,f,n,a,c,b,o,e,,s,s,o,o,p,o,o,p,n,v,l,0,0,0.001186145961126797
x,y,g,f,f,f,c,b,h,e,b,k,k,n,p,p,w,o,l,h,y,g,1,1,0.9996842557319393
f,y,w,t,p,f,c,n,k,e,e,s,s,w,w,p,w,o,p,k,s,g,1,1,0.9941975660292417
f,f,g,t,n,f,c,b,w,t,b,s,s,p,g,p,w,o,p,k,v,d,0,0,0.00180325371582003
x,f,g,f,n,f,w,b,k,t,e,s,s,w,w,p,w,o,e,n,a,g,0,0,1.192707924412717e-05
x,s,w,t,a,f,w,n,w,t,b,s,s,w,w,p,w,o,p,n,v,d,0,0,0.07488138831668163
x,f,y,f,f,f,c,b,h,e,b,k,k,b,p,p,w,o,l,h,y,p,1,1,0.9984091361242117
x,s,n,f,s,f,c,n,b,t,,s,s,p,w,p,w,o,e,w,v,d,1,1,0.9952044756723887
f,y,g,f,f,f,c,b,g,e,b,k,k,n,n,p,w,o,l,h,v,p,1,1,0.9997173024412709
x,s,g,t,f,f,c,b,w,t,b,f,s,w,w,p,w,o,p,h,v,u,1,1,0.9952168074975546
f,y,n,f,n,f,w,n,w,e,b,f,s,w,n,p,w,o,e,w,v,l,0,0,0.1346183014456547
k,s,n,f,f,f,c,n,b,t,,s,s,p,p,p,w,o,e,w,v,l,1,1,0.9998127249208996
f,f,e,t,n,f,c,b,p,t,b,s,s,p,g,p,w,o,p,n,y,d,0,0,0.00024220358048452451
k,s,n,f,n,a,c,b,n,e,,s,s,o,o,p,n,o,p,n,v,l,0,0,0.0005236101189291712
x,y,e,t,n,f,c,b,u,t,b,s,s,p,p,p,w,o,p,k,v,d,0,0,0.0052508319279610275
x,s,e,f,y,f,c,n,b,t,,s,s,w,w,p,w,o,e,w,v,l,1,1,0.9977870196012282
f,y,g,f,f,f,c,b,h,e,b,k,k,b,p,p,w,o,l,h,v,d,1,1,0.9998810914273292
x,f,n,f,n,f,w,b,h,t,e,s,f,w,w,p,w,o,e,k,a,g,0,0,6.6528067851957845e-06
b,s,y,t,a,f,c,b,w,e,c,s,s,w,w,p,w,o,p,k,s,m,0,0,0.007943894133968697
x,y,n,t,n,f,c,b,n,t,b,s,s,g,g,p,w,o,p,k,y,d,0,0,0.00016161626284872557
f,f,n,f,n,f,c,n,g,e,e,s,s,w,w,p,w,o,p,k,y,u,0,0,0.012761902865461158
x,y,g,f,f,f,c,b,g,e,b,k,k,b,b,p,w,o,l,h,y,d,1,1,0.9993372936682332
x,s,g,f,n,f,w,b,h,t,e,f,f,w,w,p,w,o,e,n,s,g,0,0,5.328130006753307e-05
x,y,e,f,s,f,c,n,b,t,,s,k,w,p,p,w,o,e,w,v,p,1,1,0.997937414222092
f,y,g,t,n,f,c,b,p,t,b,s,s,p,g,p,w,o,p,k,v,d,0,0,0.0029455070544362368
x,s,g,f,n,f,w,b,k,t,e,f,s,w,w,p,w,o,e,n,a,g,0,0,5.5651899548697425e-05
x,f,y,f,f,f,c,b,h,e,b,k,k,b,n,p,w,o,l,h,v,p,1,1,0.9992540973955634
x,f,y,f,f,f,c,b,p,e,b,k,k,p,n,p,w,o,l,h,v,d,1,1,0.9985166562952206
x,s,n,f,y,f,c,n,b,t,,k,k,p,w,p,w,o,e,w,v,l,1,1,0.9998771657358645
x,y,n,t,n,f,c,b,u,t,b,s,s,p,w,p,w,o,p,k,v,d,0,0,0.0026959025849705204
b,s,n,f,n,a,c,b,n,e,,s,s,o,o,p,n,o,p,b,c,l,0,0,0.004599716572272822
b,s,w,t,l,f,c,b,n,e,c,s,s,w,w,p,w,o,p,n,n,m,0,0,0.0025614313137494746
f,s,w,t,p,f,c,n,k,e,e,s,s,w,w,p,w,o,p,k,s,g,1,1,0.9950673479935577
k,s,w,f,n,f,w,b,g,e,,k,k,w,w,p,w,t,p,w,s,g,0,0,0.05238432725904112
b,y,b,t,n,f,c,b,g,e,b,s,s,w,w,p,w,t,p,r,v,m,1,1,0.9430658223358767
f,y,p,t,n,f,c,b,e,e,,s,s,w,e,p,w,t,e,w,c,w,0,0,0.010937495048746868
f,y,e,f,f,f,c,n,b,t,,k,s,w,p,p,w,o,e,w,v,d,1,1,0.999962926856773
x,f,g,f,f,f,c,b,g,e,b,k,k,p,b,p,w,o,l,h,y,g,1,1,0.9994395044426237
f,f,e,t,n,f,c,b,w,t,b,s,s,g,g,p,w,o,p,k,y,d,0,0,0.00020576390973416027
f,y,e,f,f,f,c,n,b,t,,k,k,p,p,p,w,o,e,w,v,l,1,1,0.9999940258375797
f,y,n,f,y,f,c,n,b,t,,k,s,w,p,p,w,o,e,w,v,l,1,1,0.9997385992018608
f,y,g,t,n,f,c,b,w,t,b,s,s,p,p,p,w,o,p,n,v,d,0,0,0.0052995317230663235
x,y,n,f,f,f,c,n,b,t,,s,s,p,w,p,w,o,e,w,v,d,1,1,0.9994590334704394
f,f,g,t,n,f,c,b,w,t,b,s,s,g,g,p,w,o,p,k,v,d,0,0,0.0009826000232783336
f,y,g,t,n,f,c,b,w,t,b,s,s,g,p,p,w,o,p,k,v,d,0,0,0.0036833674534118553
f,y,w,t,p,f,c,n,p,e,e,s,s,w,w,p,w,o,p,n,v,g,1,1,0.9946246012363169
x,f,e,t,n,f,c,b,w,t,b,s,s,p,p,p,w,o,p,n,v,d,0,0,0.002097857123891858
x,y,y,f,n,f,c,n,w,e,,k,y,w,n,p,w,o,e,w,v,d,1,1,0.9410078887310902
x,f,w,f,c,f,w,n,n,e,b,s,s,w,w,p,w,o,p,k,v,d,1,1,0.9510823565280595
k,s,e,f,s,f,c,n,b,t,,s,s,p,w,p,w,o,e,w,v,p,1,1,0.9966845943688027
x,f,y,f,f,f,c,b,g,e,b,k,k,b,b,p,w,o,l,h,v,g,1,1,0.9998174908104438
x,s,w,f,c,f,c,n,u,e,b,s,s,w,w,p,w,o,p,k,v,d,1,1,0.9986296290854293
x,f,n,t,n,f,c,b,u,t,b,s,s,g,p,p,w,o,p,k,v,d,0,0,0.0009635216606969617
f,y,g,t,n,f,c,b,w,t,b,s,s,w,g,p,w,o,p,n,v,d,0,0,0.0018689920575634736
x,f,e,t,n,f,c,b,n,t,b,s,s,w,w,p,w,o,p,k,v,d,0,0,0.0009195510496993241
f,f,y,f,n,f,c,n,w,e,,k,y,w,y,p,w,o,e,w,v,d,1,1,0.9750757238665881
k,s,e,f,f,f,c,n,b,t,,s,s,p,p,p,w,o,e,w,v,d,1,1,0.9997185507894918
x,f,g,t,n,f,c,b,u,t,b,s,s,g,w,p,w,o,p,n,y,d,0,0,0.00021036545208513222
f,f,y,f,f,f,c,b,h,e,b,k,k,b,p,p,w,o,l,h,y,g,1,1,0.9993620627267465
x,y,e,f,f,f,c,n,b,t,,s,s,p,p,p,w,o,e,w,v,d,1,1,0.9997228932567209
x,s,y,t,a,f,c,b,g,e,c,s,s,w,w,p,w,o,p,n,s,g,0,0,0.0053008044258854616
f,y,g,t,n,f,c,b,w,t,b,s,s,g,p,p,w,o,p,n,v,d,0,0,0.0028923460723895857
x,f,e,t,n,f,c,b,u,t,b,s,s,w,w,p,w,o,p,k,v,d,0,0,0.0013243559643298897
f,y,e,t,n,f,c,b,u,t,b,s,s,p,p,p,w,o,p,k,y,d,0,0,0.0013962044393798193
x,f,g,f,n,f,w,b,h,t,e,s,s,w,w,p,w,o,e,k,s,g,0,0,3.4592238078974114e-05
x,f,y,f,f,f,c,b,h,e,b,k,k,b,b,p,w,o,l,h,v,g,1,1,0.9998257594220603
b,s,n,f,n,a,c,b,y,e,,s,s,o,o,p,n,o,p,b,v,l,0,0,0.006853797152570674
x,y,n,t,n,f,c,b,p,t,b,s,s,w,w,p,w,o,p,n,y,d,0,0,0.00026300649241029926
x,s,g,f,n,f,w,b,k,t,e,f,f,w,w,p,w,o,e,n,s,g,0,0,3.17965384088926e-05
f,s,n,f,s,f,c,n,b,t,,k,k,w,w,p,w,o,e,w,v,l,1,1,0.9998426308067123
x,f,g,t,n,f,c,b,u,t,b,s,s,w,p,p,w,o,p,k,y,d,0,0,0.00042620277676310407
x,s,p,f,c,f,c,n,u,e,b,s,s,w,w,p,w,o,p,n,s,d,1,1,0.9985189391680926
x,y,g,f,f,f,c,b,p,e,b,k,k,n,n,p,w,o,l,h,v,p,1,1,0.9994855890609826
x,y,e,t,n,f,c,b,n,t,b,s,s,p,p,p,w,o,p,k,y,d,0,0,0.0008289566490808008
f,y,n,t,n,f,c,b,w,t,b,s,s,g,g,p,w,o,p,n,v,d,0,0,0.0009582186526581335
x,y,n,t,n,f,c,b,w,t,b,s,s,g,w,p,w,o,p,k,v,d,0,0,0.0014933934947619072
x,s,w,t,l,f,c,b,n,e,c,s,s,w,w,p,w,o,p,n,n,g,0,0,0.0017107465046953584
x,f,e,t,n,f,c,b,n,t,b,s,s,p,p,p,w,o,p,n,y,d,0,0,0.0003250427792856516
x,y,n,f,s,f,c,n,b,t,,k,s,p,w,p,w,o,e,w,v,l,1,1,0.9997382739852113
f,y,n,f,s,f,c,n,b,t,,s,s,p,w,p,w,o,e,w,v,d,1,1,0.9951730482190405
x,f,w,f,n,f,w,b,g,e,,s,k,w,w,p,w,t,p,w,s,g,0,0,0.002886772036077669
x,y,w,t,p,f,c,n,p,e,e,s,s,w,w,p,w,o,p,n,s,g,1,1,0.9916084780381147
x,f,w,t,l,f,w,n,p,t,b,s,s,w,w,p,w,o,p,u,v,d,0,0,0.031821394280317765
x,s,w,t,l,f,c,b,n,e,c,s,s,w,w,p,w,o,p,n,s,m,0,0,0.006940211721500823
f,y,e,t,n,f,c,b,w,t,b,s,s,p,p,p,w,o,p,n,y,d,0,0,0.0011135664698846035
f,f,g,f,f,f,c,b,g,e,b,k,k,p,n,p,w,o,l,h,v,p,1,1,0.9995351441080341
x,f,g,f,f,f,c,b,h,e,b,k,k,n,p,p,w,o,l,h,v,p,1,1,0.9996945054291951
b,y,y,t,l,f,c,b,w,e,c,s,s,w,w,p,w,o,p,n,s,g,0,0,0.004359011039552178
x,y,n,f,f,f,c,n,b,t,,k,k,p,w,p,w,o,e,w,v,d,1,1,0.9999694753417666
k,s,n,f,s,f,c,n,b,t,,k,k,w,w,p,w,o,e,w,v,p,1,1,0.9995770075672209
f,y,g,t,n,f,c,b,p,t,b,s,s,w,g,p,w,o,p,k,v,d,0,0,0.0019455539526166922
x,y,b,t,n,f,c,b,e,e,,s,s,w,e,p,w,t,e,w,c,w,0,0,0.009422219634515975
f,y,e,t,n,f,c,b,u,t,b,s,s,g,p,p,w,o,p,k,v,d,0,0,0.0033502641749337623
f,y,n,f,s,f,c,n,b,t,,k,s,w,w,p,w,o,e,w,v,p,1,1,0.999348408072869
s,f,n,f,n,f,c,n,k,e,e,s,s,w,w,p,w,o,p,k,y,u,0,0,0.004996727889733594
x,f,n,t,n,f,c,b,w,t,b,s,s,w,g,p,w,o,p,n,y,d,0,0,0.00011240084762948538
x,y,g,f,f,f,c,b,g,e,b,k,k,n,n,p,w,o,l,h,v,p,1,1,0.9996693563687497
x,s,p,t,n,f,c,b,w,e,b,s,s,w,w,p,w,t,p,w,y,p,0,0,0.015521995533056979
x,y,e,t,n,f,c,b,n,t,b,s,s,g,p,p,w,o,p,k,v,d,0,0,0.001990706619849551
f,f,e,t,n,f,c,b,p,t,b,s,s,w,p,p,w,o,p,k,v,d,0,0,0.0016862848259564596
k,s,e,f,y,f,c,n,b,t,,k,s,w,p,p,w,o,e,w,v,l,1,1,0.999791350683866
x,s,e,f,f,f,c,n,b,t,,s,k,w,w,p,w,o,e,w,v,d,1,1,0.999744345074988
x,y,n,t,n,f,c,b,u,t,b,s,s,g,p,p,w,o,p,n,v,d,0,0,0.0015127042575518608
f,y,g,t,n,f,c,b,u,t,b,s,s,w,w,p,w,o,p,n,v,d,0,0,0.0026299914699251217
x,f,g,f,n,f,c,n,n,e,e,s,s,w,w,p,w,o,p,k,v,u,0,0,0.04053116603610439
f,s,w,t,p,f,c,n,p,e,e,s,s,w,w,p,w,o,p,k,v,g,1,1,0.9964112669851323
k,s,e,f,y,f,c,n,b,t,,s,k,w,p,p,w,o,e,w,v,l,1,1,0.9988967926146911
f,y,g,f,f,f,c,b,g,e,b,k,k,b,n,p,w,o,l,h,v,d,1,1,0.9997423730388383
f,f,g,f,f,f,c,b,p,e,b,k,k,p,n,p,w,o,l,h,v,g,1,1,0.9996610056366242
f,y,n,t,a,f,c,b,n,e,r,s,y,w,w,p,w,o,p,n,y,g,0,0,0.003160237843775443
x,y,n,t,l,f,c,b,p,e,r,s,y,w,w,p,w,o,p,k,s,g,0,0,0.01292670596027668
x,f,y,f,f,f,c,b,h,e,b,k,k,n,n,p,w,o,l,h,v,p,1,1,0.9990476061589283
f,y,n,f,y,f,c,n,b,t,,s,k,p,p,p,w,o,e,w,v,p,1,1,0.9982479733297537
f,s,n,f,s,f,c,n,b,t,,s,s,p,p,p,w,o,e,w,v,d,1,1,0.9968696571953092
k,s,n,f,y,f,c,n,b,t,,k,s,w,w,p,w,o,e,w,v,l,1,1,0.9995926491892919
f,s,n,f,n,f,w,b,n,t,e,f,s,w,w,p,w,o,e,n,s,g,0,0,4.7175476142897525e-05
x,y,w,t,a,f,c,b,k,e,c,s,s,w,w,p,w,o,p,k,n,g,0,0,0.0022405273159669093
f,f,e,t,n,f,c,b,w,t,b,s,s,g,g,p,w,o,p,k,v,d,0,0,0.0009079913754404868
f,f,n,f,n,f,w,b,k,t,e,f,f,w,w,p,w,o,e,n,a,g,0,0,7.2128084143415246e-06
k,f,g,f,n,f,w,b,g,e,,s,k,w,w,p,w,t,p,w,s,g,0,0,0.001681011991920804
x,y,g,f,f,f,c,b,g,e,b,k,k,b,b,p,w,o,l,h,v,d,1,1,0.9998498497196738
x,y,e,t,n,f,c,b,n,t,b,s,s,w,p,p,w,o,p,k,v,d,0,0,0.0024116201174259133
k,s,e,f,s,f,c,n,b,t,,s,s,p,p,p,w,o,e,w,v,d,1,1,0.9970578113629204
f,f,g,t,n,f,c,b,w,t,b,s,s,w,g,p,w,o,p,k,v,d,0,0,0.0011906145164346182
x,y,y,f,f,f,c,b,g,e,b,k,k,p,p,p,w,o,l,h,y,d,1,1,0.9989831374837822
x,f,n,f,n,f,w,b,n,t,e,f,f,w,w,p,w,o,e,n,a,g,0,0,5.301068783612466e-06
b,y,w,t,l,f,c,b,n,e,c,s,s,w,w,p,w,o,p,k,s,g,0,0,0.008195195427452933
x,f,g,f,f,f,c,b,p,e,b,k,k,n,n,p,w,o,l,h,y,p,1,1,0.9954704972752778
f,f,n,t,n,f,c,b,n,t,b,s,s,w,g,p,w,o,p,k,v,d,0,0,0.0005051570752674471
b,s,g,f,n,f,w,b,g,e,,k,k,w,w,p,w,t,p,w,n,g,0,0,0.016613259899074872
f,f,e,t,n,f,c,b,w,t,b,s,s,w,w,p,w,o,p,n,y,d,0,0,0.00027999105436294963
f,y,n,t,n,f,c,b,w,t,b,s,s,p,g,p,w,o,p,k,y,d,0,0,0.0005081816483110573
x,y,e,t,n,f,c,b,n,t,b,s,s,w,w,p,w,o,p,n,y,d,0,0,0.0003273006758256271
x,y,y,f,f,f,c,b,g,e,b,k,k,b,n,p,w,o,l,h,y,g,1,1,0.9991925217786944
x,s,n,f,f,f,c,n,b,t,,s,s,p,w,p,w,o,e,w,v,l,1,1,0.9997945438822128
x,s,w,t,a,f,c,b,g,e,c,s,s,w,w,p,w,o,p,n,s,g,0,0,0.011422411407076347
f,y,n,t,n,f,c,b,p,t,b,s,s,p,g,p,w,o,p,n,y,d,0,0,0.00032575302313461024
x,y,g,f,f,f,c,b,p,e,b,k,k,n,b,p,w,o,l,h,v,d,1,1,0.9997016569956119
x,s,b,t,f,f,c,b,h,t,b,s,f,w,w,p,w,o,p,h,s,g,1,1,0.991617054603941
f,y,n,t,n,f,c,b,w,t,b,s,s,g,w,p,w,o,p,n,y,d,0,0,0.0003107349835293802
f,s,n,f,n,f,w,b,k,t,e,f,f,w,w,p,w,o,e,n,a,g,0,0,1.700123478170115e-05
x,y,y,t,l,f,c,b,w,e,c,s,s,w,w,p,w,o,p,k,s,g,0,0,0.004342582050533529
x,y,y,f,f,f,c,b,p,e,b,k,k,p,n,p,w,o,l,h,y,p,1,1,0.9971924355313703
f,y,n,t,p,f,c,n,k,e,e,s,s,w,w,p,w,o,p,n,v,g,1,1,0.9872945536980156
x,y,e,f,y,f,c,n,b,t,,k,k,p,p,p,w,o,e,w,v,d,1,1,0.9998343238242138
x,f,g,f,c,f,c,n,u,e,b,s,s,w,w,p,w,o,p,k,v,d,1,1,0.9953708514419487
f,y,n,t,n,f,c,b,n,t,b,s,s,w,w,p,w,o,p,k,v,d,0,0,0.0014459393948977528
x,y,y,f,f,f,c,b,p,e,b,k,k,n,n,p,w,o,l,h,y,g,1,1,0.9983966112717528
f,y,n,t,n,f,c,b,u,t,b,s,s,g,g,p,w,o,p,n,y,d,0,0,0.00021369128069138703
f,f,n,t,n,f,c,b,u,t,b,s,s,g,g,p,w,o,p,k,y,d,0,0,0.0001360470655400835
f,s,g,f,n,f,w,b,p,t,e,f,f,w,w,p,w,o,e,n,a,g,0,0,2.815562153316188e-05
f,f,g,f,n,f,w,b,p,t,e,s,s,w,w,p,w,o,e,k,s,g,0,0,2.4824067010593646e-05
k,s,e,f,y,f,c,n,b,t,,k,s,p,p,p,w,o,e,w,v,p,1,1,0.9997353660731678
f,f,e,t,n,f,c,b,n,t,b,s,s,w,p,p,w,o,p,k,v,d,0,0,0.0014103687990811755
f,f,n,t,n,f,c,b,n,t,b,s,s,p,w,p,w,o,p,k,v,d,0,0,0.001094924177269082
x,f,e,t,n,f,c,b,u,t,b,s,s,p,g,p,w,o,p,n,v,d,0,0,0.0011006591564900112
k,s,g,f,n,f,w,b,g,e,,s,s,w,w,p,w,t,p,w,s,g,0,0,0.0021636396674012946
k,y,n,f,s,f,c,n,b,t,,k,k,w,p,p,w,o,e,w,v,d,1,1,0.999558220872235
x,y,n,t,p,f,c,n,w,e,e,s,s,w,w,p,w,o,p,k,v,g,1,1,0.9907038996056445
x,f,n,t,n,f,c,b,p,t,b,s,s,g,w,p,w,o,p,n,v,d,0,0,0.0004785582794992224
f,s,n,t,p,f,c,n,p,e,e,s,s,w,w,p,w,o,p,k,s,g,1,1,0.9889560134142794
x,s,w,t,a,f,c,b,n,e,c,s,s,w,w,p,w,o,p,k,n,m,0,0,0.0026550771731687797
x,s,n,f,f,f,c,n,b,t,,s,k,p,p,p,w,o,e,w,v,d,1,1,0.9998085985411284
x,y,e,f,s,f,c,n,b,t,,s,k,w,w,p,w,o,e,w,v,d,1,1,0.9968541773161146
x,s,n,f,n,f,w,b,k,t,e,f,f,w,w,p,w,o,e,k,s,g,0,0,2.5157535132143662e-05
x,s,n,f,y,f,c,n,b,t,,s,k,p,w,p,w,o,e,w,v,p,1,1,0.9977177106535841
b,s,w,t,a,f,c,b,n,e,c,s,s,w,w,p,w,o,p,k,s,g,0,0,0.010021910313414756
x,y,u,f,n,f,c,n,p,e,,s,f,w,w,p,w,o,f,h,v,d,0,0,0.050345299460493584
f,f,g,t,n,f,c,b,p,t,b,s,s,g,w,p,w,o,p,n,y,d,0,0,0.0002042440321283862
f,y,n,t,n,f,c,b,u,t,b,s,s,p,p,p,w,o,p,k,v,d,0,0,0.004130941892173153
f,s,w,f,n,f,w,b,k,t,e,s,f,w,w,p,w,o,e,k,a,g,0,0,2.535058779703308e-05
f,f,y,f,f,f,c,b,h,e,b,k,k,p,p,p,w,o,l,h,v,d,1,1,0.999623473354737
x,y,e,t,n,f,c,b,w,t,b,s,s,w,w,p,w,o,p,k,y,d,0,0,0.0006105930412685608
f,y,n,t,n,f,c,b,w,t,b,s,s,w,p,p,w,o,p,k,v,d,0,0,0.0027737805433990692
x,f,g,f,f,f,c,b,g,e,b,k,k,b,n,p,w,o,l,h,v,p,1,1,0.9994817667679213
x,y,y,t,l,f,c,b,k,e,c,s,s,w,w,p,w,o,p,n,n,m,0,0,0.0009138801450180264
f,y,y,f,f,f,c,b,p,e,b,k,k,n,n,p,w,o,l,h,y,d,1,1,0.996601468413964
x,s,w,t,f,f,c,b,h,t,b,s,f,w,w,p,w,o,p,h,v,g,1,1,0.9900710118322027
b,y,w,t,l,f,c,b,n,e,c,s,s,w,w,p,w,o,p,k,n,g,0,0,0.002367643468290073
f,f,g,t,n,f,c,b,u,t,b,s,s,g,g,p,w,o,p,k,v,d,0,0,0.0009669408063341494
x,y,y,f,f,f,c,b,h,e,b,k,k,p,p,p,w,o,l,h,y,d,1,1,0.999029169918148
x,f,g,f,f,f,c,b,h,e,b,k,k,p,p,p,w,o,l,h,v,p,1,1,0.9997490242317613
f,y,e,f,y,f,c,n,b,t,,s,s,p,p,p,w,o,e,w,v,p,1,1,0.9978462490797173
x,y,y,f,f,f,c,b,h,e,b,k,k,n,n,p,w,o,l,h,v,g,1,1,0.9997769242963966
x,y,e,t,n,f,c,b,n,t,b,s,s,p,w,p,w,o,p,n,v,d,0,0,0.0021862928096982597
x,y,y,f,f,f,c,b,p,e,b,k,k,b,p,p,w,o,l,h,y,p,1,1,0.998704433995078
k,s,n,f,y,f,c,n,b,t,,s,k,w,w,p,w,o,e,w,v,p,1,1,0.9958715899349803
x,s,y,t,a,f,c,b,w,e,c,s,s,w,w,p,w,o,p,k,s,g,0,0,0.005315148776832727
f,f,g,t,n,f,c,b,n,t,b,s,s,w,g,p,w,o,p,n,y,d,0,0,0.00014463721042812697
k,s,n,f,s,f,c,n,b,t,,s,k,p,p,p,w,o,e,w,v,p,1,1,0.9979424824761394
x,y,n,t,n,f,c,b,n,t,b,s,s,w,g,p,w,o,p,n,y,d,0,0,0.0001536858507640996
x,s,w,t,a,f,c,b,k,e,c,s,s,w,w,p,w,o,p,k,s,m,0,0,0.010667052271911151
x,s,n,f,n,f,w,b,p,t,e,f,f,w,w,p,w,o,e,n,a,g,0,0,1.4943689179830767e-05
f,y,y,t,l,f,c,b,w,e,r,s,y,w,w,p,w,o,p,k,y,g,0,0,0.006036287849497434
f,f,e,t,n,f,c,b,n,t,b,s,s,p,w,p,w,o,p,n,v,d,0,0,0.0012784725130027682
x,y,g,t,n,f,c,b,n,t,b,s,s,w,w,p,w,o,p,n,y,d,0,0,0.00035421152709768294
k,s,e,f,s,f,c,n,b,t,,s,s,w,p,p,w,o,e,w,v,l,1,1,0.9980049791641626
x,s,n,f,f,f,c,n,b,t,,k,s,w,p,p,w,o,e,w,v,l,1,1,0.9999754950773311
x,s,w,f,n,f,w,b,g,e,,k,k,w,w,p,w,t,p,w,s,g,0,0,0.062005975468050624
x,y,e,f,y,f,c,n,b,t,,k,s,p,p,p,w,o,e,w,v,p,1,1,0.9997394491657571
f,y,g,f,f,f,c,b,h,e,b,k,k,n,n,p,w,o,l,h,y,p,1,1,0.9988092898365124
x,y,n,t,n,f,c,b,w,e,,s,s,e,w,p,w,t,e,w,c,w,0,0,0.0046454656972607184
f,f,g,f,f,f,c,b,g,e,b,k,k,b,p,p,w,o,l,h,v,g,1,1,0.9998995989980465
x,y,n,t,n,f,c,b,u,t,b,s,s,w,g,p,w,o,p,n,v,d,0,0,0.0009770092404536726
f,s,g,t,f,f,c,b,h,t,b,s,s,w,w,p,w,o,p,h,s,u,1,1,0.9918870368974652
x,f,g,f,n,f,w,b,p,t,e,f,s,w,w,p,w,o,e,n,s,g,0,0,3.2965188591691844e-05
x,s,y,t,a,f,c,b,w,e,c,s,s,w,w,p,w,o,p,n,s,m,0,0,0.004887014014509586
f,f,y,f,f,f,c,b,h,e,b,k,k,b,b,p,w,o,l,h,v,g,1,1,0.999851029132665
x,s,w,f,n,f,w,b,k,t,e,f,f,w,w,p,w,o,e,k,a,g,0,0,4.2904815169064006e-05
x,y,y,f,f,f,c,b,g,e,b,k,k,n,p,p,w,o,l,h,y,g,1,1,0.9995013568422009
f,y,e,f,s,f,c,n,b,t,,k,k,w,p,p,w,o,e,w,v,p,1,1,0.9998176165510619
x,s,e,f,y,f,c,n,b,t,,s,k,w,p,p,w,o,e,w,v,d,1,1,0.9979381199772304
k,s,e,f,y,f,c,n,b,t,,k,k,w,w,p,w,o,e,w,v,l,1,1,0.9998504460914158
x,y,y,f,f,f,c,b,p,e,b,k,k,b,n,p,w,o,l,h,v,p,1,1,0.9993926480530831
b,s,y,t,a,f,c,b,k,e,c,s,s,w,w,p,w,o,p,n,s,g,0,0,0.004243502371124832
f,f,g,f,n,f,w,b,h,t,e,f,f,w,w,p,w,o,e,n,s,g,0,0,2.6440221195266023e-05
k,f,w,f,n,f,w,b,w,e,,s,s,w,w,p,w,t,p,w,s,g,0,0,0.0010395281075437615
k,s,e,t,n,f,c,b,e,e,,s,s,w,w,p,w,t,e,w,c,w,0,0,0.006818768226522024
x,y,e,t,n,f,c,b,p,t,b,s,s,p,g,p,w,o,p,n,v,d,0,0,0.0018277667998481796
x,s,e,f,f,f,c,n,b,t,,k,k,p,w,p,w,o,e,w,v,d,1,1,0.9999825811141192
f,y,g,t,n,f,c,b,u,t,b,s,s,p,g,p,w,o,p,n,y,d,0,0,0.0006319695238384463
x,s,n,f,n,f,w,b,h,t,e,f,s,w,w,p,w,o,e,k,s,g,0,0,0.00010019843696787068
f,s,e,f,y,f,c,n,b,t,,k,s,w,w,p,w,o,e,w,v,p,1,1,0.9996238706148767
x,s,n,f,y,f,c,n,b,t,,s,s,p,w,p,w,o,e,w,v,l,1,1,0.997826452069659
f,y,n,f,s,f,c,n,b,t,,s,k,p,w,p,w,o,e,w,v,l,1,1,0.9988169135510464
f,f,g,t,n,f,c,b,u,t,b,s,s,p,w,p,w,o,p,n,y,d,0,0,0.0004518199695817307
f,f,n,t,n,f,c,b,w,t,b,s,s,w,w,p,w,o,p,n,y,d,0,0,0.0001881297340923901
f,f,y,f,f,f,c,b,g,e,b,k,k,p,n,p,w,o,l,h,y,d,1,1,0.996408690453003
x,y,y,t,l,f,c,b,p,e,r,s,y,w,w,p,w,o,p,n,y,g,0,0,0.003316560607124112
x,s,n,f,n,f,w,b,h,t,e,f,f,w,w,p,w,o,e,n,a,g,0,0,2.435693512308585e-05
k,y,e,f,f,f,c,n,b,t,,k,k,w,p,p,w,o,e,w,v,d,1,1,0.9999716710624876
f,y,g,t,n,f,c,b,u,t,b,s,s,w,g,p,w,o,p,k,y,d,0,0,0.0005315291836427367
x,y,y,f,f,f,c,b,p,e,b,k,k,p,b,p,w,o,l,h,y,g,1,1,0.9993431228033681
x,y,e,f,f,f,c,n,b,t,,k,k,w,w,p,w,o,e,w,v,d,1,1,0.9999689203529843
x,f,e,t,n,f,c,b,u,t,b,s,s,g,g,p,w,o,p,n,y,d,0,0,0.0001358368167050144
x,f,n,f,n,f,w,b,k,t,e,f,f,w,w,p,w,o,e,n,s,g,0,0,8.374436565480289e-06
k,y,e,f,s,f,c,n,b,t,,k,k,w,p,p,w,o,e,w,v,l,1,1,0.9998672833946818
f,s,w,t,f,f,c,b,w,t,b,f,s,w,w,p,w,o,p,h,s,u,1,1,0.9961887210943764
f,s,e,f,y,f,c,n,b,t,,s,s,w,p,p,w,o,e,w,v,p,1,1,0.9972294273028813
x,y,e,t,n,f,c,b,n,t,b,s,s,g,w,p,w,o,p,n,y,d,0,0,0.00027007657692447765
k,y,e,f,s,f,c,n,b,t,,k,s,w,w,p,w,o,e,w,v,p,1,1,0.9993876645462363
k,s,n,f,n,a,c,b,y,e,,s,s,o,o,p,o,o,p,n,v,l,0,0,0.001217027492340089
x,f,n,t,n,f,c,b,n,t,b,s,s,w,g,p,w,o,p,k,v,d,0,0,0.00043191603767076474
f,f,g,t,n,f,c,b,w,t,b,s,s,p,w,p,w,o,p,k,v,d,0,0,0.0025785834505514613
f,f,y,f,f,f,c,b,h,e,b,k,k,b,n,p,w,o,l,h,y,g,1,1,0.9986811926300577
x,f,e,t,n,f,c,b,u,t,b,s,s,g,w,p,w,o,p,n,y,d,0,0,0.0001943810312511199
k,s,n,f,y,f,c,n,b,t,,s,s,w,p,p,w,o,e,w,v,l,1,1,0.9970000464621684
x,y,y,f,f,f,c,b,h,e,b,k,k,b,b,p,w,o,l,h,v,d,1,1,0.9997838509745013
f,y,e,f,y,f,c,n,b,t,,k,k,p,w,p,w,o,e,w,v,p,1,1,0.9998403266313857
f,s,e,f,s,f,c,n,b,t,,s,s,w,p,p,w,o,e,w,v,d,1,1,0.9968129220133517
k,y,e,f,s,f,c,n,b,t,,s,k,p,p,p,w,o,e,w,v,p,1,1,0.9983717794963068
x,y,n,f,y,f,c,n,b,t,,s,k,w,p,p,w,o,e,w,v,d,1,1,0.9963923343265711
f,y,y,f,f,f,c,b,g,e,b,k,k,p,b,p,w,o,l,h,v,d,1,1,0.9997969196645534
x,s,p,f,c,f,w,n,n,e,b,s,s,w,w,p,w,o,p,n,v,d,1,1,0.9826868907626412
x,f,g,f,n,f,w,b,p,t,e,f,s,w,w,p,w,o,e,k,s,g,0,0,4.20137159615369e-05
k,s,e,f,s,f,c,n,b,t,,s,s,p,w,p,w,o,e,w,v,l,1,1,0.9982724802471493
x,y,n,t,n,f,c,b,n,t,b,s,s,g,g,p,w,o,p,k,v,d,0,0,0.0007132849029538969
x,f,g,f,f,f,c,b,p,e,b,k,k,n,p,p,w,o,l,h,y,d,1,1,0.9974467399952105
f,f,g,t,n,f,c,b,p,t,b,s,s,w,w,p,w,o,p,n,v,d,0,0,0.001092109123186039
b,s,n,f,n,a,c,b,y,e,,s,s,o,o,p,o,o,p,o,c,l,0,0,0.01068646084641133
x,s,b,t,n,f,c,b,w,e,,s,s,w,w,p,w,t,e,w,c,w,0,0,0.03006188630338262
f,f,y,f,f,f,c,b,p,e,b,k,k,n,p,p,w,o,l,h,v,p,1,1,0.9993582554450613
x,s,y,t,l,f,c,b,k,e,c,s,s,w,w,p,w,o,p,n,s,m,0,0,0.0037355777141005043
f,f,y,f,f,f,c,b,h,e,b,k,k,n,b,p,w,o,l,h,y,p,1,1,0.9982100525455763
f,y,n,t,n,f,c,b,n,t,b,s,s,p,p,p,w,o,p,k,v,d,0,0,0.0028707370842028
f,y,u,f,n,f,c,n,p,e,,s,f,w,w,p,w,o,f,h,v,d,0,0,0.05838806637479149
f,s,n,f,y,f,c,n,b,t,,s,k,w,w,p,w,o,e,w,v,l,1,1,0.998460491474873
x,y,y,f,f,f,c,b,g,e,b,k,k,b,n,p,w,o,l,h,v,g,1,1,0.9998170280534917
x,y,w,t,p,f,c,n,p,e,e,s,s,w,w,p,w,o,p,n,v,u,1,1,0.992608123678891
f,s,n,t,p,f,c,n,w,e,e,s,s,w,w,p,w,o,p,k,s,g,1,1,0.9909606958166777
x,f,e,t,n,f,c,b,w,t,b,s,s,w,w,p,w,o,p,n,v,d,0,0,0.0010562471190906936
f,y,g,t,n,f,c,b,p,t,b,s,s,g,g,p,w,o,p,k,y,d,0,0,0.0003641064584505681
x,f,g,f,f,f,c,b,g,e,b,k,k,b,p,p,w,o,l,h,v,p,1,1,0.9997494224436577
x,f,g,f,n,f,c,n,p,e,e,s,s,w,w,p,w,o,p,k,y,u,0,0,0.011311451075600559
b,f,g,f,n,f,w,b,w,e,,s,s,w,w,p,w,t,p,w,s,g,0,0,0.001106002324684974
f,y,n,f,s,f,c,n,b,t,,s,k,w,w,p,w,o,e,w,v,p,1,1,0.9965613201140096
f,f,g,f,n,f,w,b,p,t,e,s,f,w,w,p,w,o,e,n,s,g,0,0,8.194445063386947e-06
f,y,y,f,f,f,c,b,h,e,b,k,k,n,n,p,w,o,l,h,y,g,1,1,0.9991583293045623
x,y,g,f,f,f,c,b,p,e,b,k,k,n,b,p,w,o,l,h,y,d,1,1,0.9986838931304467
x,y,n,t,a,f,c,b,p,e,r,s,y,w,w,p,w,o,p,n,s,p,0,0,0.00498540391263784
k,y,e,f,y,f,c,n,b,t,,s,s,p,p,p,w,o,e,w,v,p,1,1,0.9969901421825161
f,f,g,f,f,f,c,b,p,e,b,k,k,n,n,p,w,o,l,h,v,d,1,1,0.9989758039995057
f,y,e,f,f,f,c,n,b,t,,s,s,w,w,p,w,o,e,w,v,d,1,1,0.9995290580281451
f,s,w,f,n,f,w,b,p,t,e,f,s,w,w,p,w,o,e,k,a,g,0,0,0.00012262722251675788
x,y,y,t,a,f,c,b,p,e,r,s,y,w,w,p,w,o,p,k,y,p,0,0,0.002063691952492991
f,s,b,t,n,f,c,b,w,e,,s,s,e,w,p,w,t,e,w,c,w,0,0,0.023094305931274494
f,s,n,f,y,f,c,n,b,t,,s,s,w,p,p,w,o,e,w,v,p,1,1,0.9958817863605522
f,s,w,t,p,f,c,n,k,e,e,s,s,w,w,p,w,o,p,k,v,g,1,1,0.996310795270873
x,s,n,f,n,f,w,b,k,t,e,f,s,w,w,p,w,o,e,k,a,g,0,0,4.403220167932354e-05
f,y,e,f,f,f,c,n,b,t,,k,k,w,p,p,w,o,e,w,v,d,1,1,0.9999797460131317
b,s,n,f,n,a,c,b,y,e,,s,s,o,o,p,n,o,p,n,c,l,0,0,0.0028605603124883397
x,s,n,f,s,f,c,n,b,t,,k,s,p,p,p,w,o,e,w,v,p,1,1,0.9996743108612407
k,s,n,f,n,a,c,b,o,e,,s,s,o,o,p,n,o,p,b,v,l,0,0,0.002865459933852498
f,s,n,t,p,f,c,n,n,e,e,s,s,w,w,p,w,o,p,k,v,u,1,1,0.9883836664988473
x,y,n,t,n,f,c,b,u,t,b,s,s,g,p,p,w,o,p,n,y,d,0,0,0.00034296108987249494
f,y,n,f,f,f,c,n,b,t,,k,k,w,w,p,w,o,e,w,v,d,1,1,0.9999604505830991
x,y,y,f,f,f,c,b,h,e,b,k,k,n,b,p,w,o,l,h,v,p,1,1,0.9997628157850386
x,f,w,f,n,f,w,b,n,t,e,f,f,w,w,p,w,o,e,n,s,g,0,0,1.6673448469378364e-05
x,f,w,t,l,f,w,n,n,t,b,s,s,w,w,p,w,o,p,u,v,d,0,0,0.026746768723274604
x,s,y,t,a,f,c,b,g,e,c,s,s,w,w,p,w,o,p,n,s,m,0,0,0.00620337820587551
k,f,w,f,n,f,w,b,p,e,,k,k,w,w,p,w,t,p,w,s,g,0,0,0.014847805485094637
k,y,e,f,s,f,c,n,b,t,,s,s,w,w,p,w,o,e,w,v,d,1,1,0.9931398511092163
x,y,n,t,a,f,c,b,w,e,r,s,y,w,w,p,w,o,p,k,s,g,0,0,0.016409874676812368
k,y,n,f,f,f,c,n,b,t,,s,s,w,w,p,w,o,e,w,v,p,1,1,0.9991578811104508
x,f,n,f,n,f,w,b,n,t,e,f,s,w,w,p,w,o,e,k,a,g,0,0,1.60590324778569e-05
b,y,y,f,n,f,w,n,w,e,c,y,y,y,y,p,y,o,e,w,c,l,1,1,0.8152762835519991
f,y,e,f,f,f,c,n,b,t,,s,s,p,p,p,w,o,e,w,v,p,1,1,0.9997964188655281
f,f,g,f,n,f,c,n,g,e,e,s,s,w,w,p,w,o,p,n,y,u,0,0,0.01607569853686291
x,f,g,f,n,f,w,b,k,t,e,f,s,w,w,p,w,o,e,n,a,g,0,0,2.361095693102106e-05
f,y,w,t,p,f,c,n,p,e,e,s,s,w,w,p,w,o,p,k,v,g,1,1,0.9957774546835194
x,f,g,t,n,f,c,b,p,t,b,s,s,p,p,p,w,o,p,k,y,d,0,0,0.000536085453921665
f,f,e,t,n,f,c,b,u,t,b,s,s,g,p,p,w,o,p,n,y,d,0,0,0.00029824901409977684
k,f,w,f,n,f,w,b,w,e,,s,k,w,w,p,w,t,p,w,n,g,0,0,0.0005467883615557526
x,f,n,t,n,f,c,b,n,t,b,s,s,g,g,p,w,o,p,k,v,d,0,0,0.00035640787792459597
f,f,n,f,n,f,c,n,g,e,e,s,s,w,w,p,w,o,p,k,v,u,0,0,0.05400100788482333
x,y,g,t,n,f,c,b,n,t,b,s,s,g,p,p,w,o,p,k,y,d,0,0,0.0004886188698805112
x,s,e,f,y,f,c,n,b,t,,k,k,w,w,p,w,o,e,w,v,p,1,1,0.9997596196404098
b,s,g,f,n,f,w,b,g,e,,s,s,w,w,p,w,t,p,w,n,g,0,0,0.0009518655161264497
f,s,w,f,n,f,w,b,p,t,e,f,f,w,w,p,w,o,e,n,s,g,0,0,5.49751349332422e-05
k,y,n,f,y,f,c,n,b,t,,s,k,w,p,p,w,o,e,w,v,d,1,1,0.9956889413959055
f,y,b,t,n,f,c,b,e,e,,s,s,e,w,p,w,t,e,w,c,w,0,0,0.012973197301781711
k,s,e,f,f,f,c,n,b,t,,s,s,p,w,p,w,o,e,w,v,l,1,1,0.99983492764877
f,f,g,f,n,f,w,b,k,t,e,f,f,w,w,p,w,o,e,n,s,g,0,0,1.5778489041694202e-05
f,s,n,f,n,f,w,b,p,t,e,f,s,w,w,p,w,o,e,n,s,g,0,0,5.641966878083435e-05
f,f,n,t,n,f,c,b,n,t,b,s,s,w,w,p,w,o,p,n,y,d,0,0,0.0001284975257992486
x,y,n,t,p,f,c,n,p,e,e,s,s,w,w,p,w,o,p,n,v,u,1,1,0.9830446636348881
x,s,n,f,n,f,w,b,p,t,e,s,f,w,w,p,w,o,e,k,a,g,0,0,9.620885348745964e-06
f,y,g,f,f,f,c,b,g,e,b,k,k,n,p,p,w,o,l,h,y,p,1,1,0.9993967448085458
x,s,w,t,p,f,c,n,n,e,e,s,s,w,w,p,w,o,p,k,s,g,1,1,0.9933003766185436
x,s,w,t,p,f,c,n,k,e,e,s,s,w,w,p,w,o,p,n,s,u,1,1,0.9913696490333217
x,f,y,f,f,f,c,b,h,e,b,k,k,n,b,p,w,o,l,h,y,d,1,1,0.9975649883425476
x,s,n,f,n,a,c,b,o,e,,s,s,o,o,p,o,o,p,y,v,l,0,0,0.0034158651704499256
x,s,w,f,c,f,w,n,u,e,b,s,s,w,w,p,w,o,p,n,s,d,1,1,0.9748109304577499
f,f,g,t,n,f,c,b,w,t,b,s,s,p,p,p,w,o,p,k,y,d,0,0,0.0007674723251038547
k,s,p,t,n,f,c,b,e,e,,s,s,e,w,p,w,t,e,w,c,w,0,0,0.01087739751524271
x,f,y,t,l,f,w,n,w,t,b,s,s,w,w,p,w,o,p,u,v,d,0,0,0.01822011661437031
f,f,e,t,n,f,c,b,u,t,b,s,s,w,w,p,w,o,p,n,y,d,0,0,0.0002755258854635614
x,f,g,f,f,f,c,b,h,e,b,k,k,b,n,p,w,o,l,h,y,p,1,1,0.9978188740951479
x,y,e,f,s,f,c,n,b,t,,s,k,p,w,p,w,o,e,w,v,l,1,1,0.9990700516095615
k,y,n,f,s,f,c,n,b,t,,k,k,p,w,p,w,o,e,w,v,p,1,1,0.9996713520185989
f,s,n,f,n,a,c,b,o,e,,s,s,o,o,p,o,o,p,n,c,l,0,0,0.001678064303939361
x,y,y,f,f,f,c,b,g,e,b,k,k,b,b,p,w,o,l,h,y,g,1,1,0.999597527664781
x,s,n,t,p,f,c,n,w,e,e,s,s,w,w,p,w,o,p,n,v,g,1,1,0.9899446361432633
f,y,g,t,n,f,c,b,p,t,b,s,s,p,g,p,w,o,p,n,y,d,0,0,0.0005246336506790219
x,s,g,t,n,f,c,b,w,e,b,s,s,w,w,p,w,t,p,w,y,p,0,0,0.006898999671514417
f,f,e,t,n,f,c,b,u,t,b,s,s,w,p,p,w,o,p,k,y,d,0,0,0.00046060938128984096
f,y,y,f,f,f,c,b,g,e,b,k,k,n,n,p,w,o,l,h,y,g,1,1,0.9991184156282745
k,s,e,f,y,f,c,n,b,t,,k,s,p,p,p,w,o,e,w,v,d,1,1,0.9996920293953995
f,y,e,t,n,f,c,b,n,t,b,s,s,p,p,p,w,o,p,n,v,d,0,0,0.003350976342266229
k,y,n,f,s,f,c,n,b,t,,s,k,w,p,p,w,o,e,w,v,l,1,1,0.9980898639049
x,s,g,f,n,f,w,b,w,e,,k,k,w,w,p,w,t,p,w,s,g,0,0,0.034909200255089576
f,s,n,t,p,f,c,n,k,e,e,s,s,w,w,p,w,o,p,n,s,g,1,1,0.9855783513455537
x,y,e,t,n,f,c,b,n,t,b,s,s,w,p,p,w,o,p,k,y,d,0,0,0.0005471446611570713
b,s,w,t,a,f,c,b,w,e,c,s,s,w,w,p,w,o,p,k,n,m,0,0,0.004961884210748344
k,y,e,f,s,f,c,n,b,t,,k,s,w,p,p,w,o,e,w,v,l,1,1,0.9997570966011751
k,f,w,f,n,f,w,b,p,e,,k,s,w,w,p,w,t,p,w,s,g,0,0,0.008166603643759545
f,s,g,f,n,f,w,b,h,t,e,s,s,w,w,p,w,o,e,n,s,g,0,0,7.482745567759794e-05
f,s,n,f,s,f,c,n,b,t,,k,s,p,p,p,w,o,e,w,v,l,1,1,0.9998551168492134
x,y,e,t,n,f,c,b,e,e,,s,s,w,e,p,w,t,e,w,c,w,0,0,0.0038343385356825106
x,s,g,f,n,f,w,b,k,t,e,s,f,w,w,p,w,o,e,k,s,g,0,0,2.0471028486113094e-05
x,y,w,t,a,f,c,b,n,e,c,s,s,w,w,p,w,o,p,k,s,g,0,0,0.006676052798706905
k,s,e,f,f,f,c,n,b,t,,s,s,w,w,p,w,o,e,w,v,p,1,1,0.9995192776241479
x,s,w,f,n,f,w,b,n,t,e,f,f,w,w,p,w,o,e,n,a,g,0,0,2.8939417538012278e-05
x,f,g,f,f,f,c,b,p,e,b,k,k,b,b,p,w,o,l,h,y,p,1,1,0.9982280278159039
x,y,g,f,f,f,c,b,h,e,b,k,k,p,n,p,w,o,l,h,v,d,1,1,0.9996981988784371
x,s,g,f,c,f,w,n,p,e,b,s,s,w,w,p,w,o,p,k,s,d,1,1,0.966072578100717
x,s,n,f,n,f,w,b,p,t,e,s,s,w,w,p,w,o,e,k,s,g,0,0,3.105542785960842e-05
f,f,y,f,f,f,c,b,h,e,b,k,k,b,b,p,w,o,l,h,v,d,1,1,0.9996300880505605
f,y,y,f,f,f,c,b,h,e,b,k,k,p,p,p,w,o,l,h,y,p,1,1,0.999286631990455
f,s,w,f,n,f,w,b,k,t,e,f,f,w,w,p,w,o,e,n,s,g,0,0,5.347263138456843e-05
f,y,y,f,f,f,c,b,p,e,b,k,k,n,p,p,w,o,l,h,y,g,1,1,0.9993367316557523
x,s,n,f,n,a,c,b,n,e,,s,s,o,o,p,n,o,p,y,v,l,0,0,0.0023078952846457604
f,f,n,t,n,f,c,b,n,t,b,s,s,p,g,p,w,o,p,n,v,d,0,0,0.0006006170082836164
f,y,g,f,f,f,c,b,g,e,b,k,k,n,p,p,w,o,l,h,y,g,1,1,0.9997172322387242
x,f,w,f,c,f,w,n,u,e,b,s,s,w,w,p,w,o,p,k,v,d,1,1,0.9655325286962948
x,y,n,f,s,f,c,n,b,t,,k,s,w,w,p,w,o,e,w,v,d,1,1,0.9991132218577791
f,y,g,f,f,f,c,b,h,e,b,k,k,b,p,p,w,o,l,h,y,p,1,1,0.9995489715056722
f,s,n,f,n,a,c,b,y,e,,s,s,o,o,p,n,o,p,n,c,l,0,0,0.0026159533954137684
x,s,e,t,n,f,c,b,w,e,,s,s,e,w,p,w,t,e,w,c,w,0,0,0.008112412803874819
f,s,b,t,n,f,c,b,w,e,,s,s,w,w,p,w,t,e,w,c,w,0,0,0.03498370345874956
x,f,g,f,f,f,c,b,p,e,b,k,k,b,n,p,w,o,l,h,y,p,1,1,0.9964497957022136
k,y,n,f,m,f,c,b,w,e,c,k,y,c,c,p,w,n,n,w,c,d,1,1,0.9784949070420244
x,y,e,f,s,f,c,n,b,t,,s,s,p,p,p,w,o,e,w,v,p,1,1,0.9975098244894798
f,f,n,f,n,f,w,b,k,t,e,s,s,w,w,p,w,o,e,n,a,g,0,0,8.660447998210372e-06
f,y,n,f,s,f,c,n,b,t,,k,s,w,p,p,w,o,e,w,v,l,1,1,0.99974151807848
f,s,e,f,s,f,c,n,b,t,,k,s,p,w,p,w,o,e,w,v,p,1,1,0.9997545495097495
k,s,n,f,f,f,c,n,b,t,,k,k,w,w,p,w,o,e,w,v,l,1,1,0.9999789973388037
b,y,w,t,l,f,c,b,w,e,c,s,s,w,w,p,w,o,p,k,n,m,0,0,0.00405369445549962
x,y,e,f,y,f,c,n,b,t,,s,k,p,w,p,w,o,e,w,v,p,1,1,0.9981938209951356
f,y,g,t,n,f,c,b,p,t,b,s,s,g,w,p,w,o,p,k,y,d,0,0,0.0005209811840882333
x,f,y,f,f,f,c,b,h,e,b,k,k,p,n,p,w,o,l,h,y,d,1,1,0.99599141740035
x,f,e,t,n,f,c,b,n,t,b,s,s,p,p,p,w,o,p,k,y,d,0,0,0.00041422970094879625
f,y,e,f,y,f,c,n,b,t,,s,s,p,p,p,w,o,e,w,v,d,1,1,0.9974943243599711
x,s,b,t,f,f,c,b,h,t,b,f,f,w,w,p,w,o,p,h,v,u,1,1,0.9962561755178607
x,s,e,t,n,f,c,b,e,e,,s,s,w,e,p,w,t,e,w,c,w,0,0,0.004511331258197911
x,f,y,f,f,f,c,b,p,e,b,k,k,p,b,p,w,o,l,h,y,p,1,1,0.9971995175898904
b,y,y,t,l,f,c,b,k,e,c,s,s,w,w,p,w,o,p,k,n,m,0,0,0.0014892413551646317
x,y,n,f,y,f,c,n,b,t,,s,s,w,w,p,w,o,e,w,v,d,1,1,0.991380072688573
x,f,g,t,n,f,c,b,p,t,b,s,s,g,p,p,w,o,p,k,y,d,0,0,0.00029194640195456047
f,f,g,f,n,f,w,b,h,t,e,s,s,w,w,p,w,o,e,k,a,g,0,0,2.9794015553210263e-05
f,y,y,f,f,f,c,b,h,e,b,k,k,p,p,p,w,o,l,h,y,g,1,1,0.9996655987616021
f,y,n,t,p,f,c,n,n,e,e,s,s,w,w,p,w,o,p,k,v,u,1,1,0.9863515059833146
f,s,e,f,s,f,c,n,b,t,,s,k,w,p,p,w,o,e,w,v,l,1,1,0.9992198173151579
f,y,g,f,f,f,c,b,p,e,b,k,k,b,b,p,w,o,l,h,v,d,1,1,0.9998002551694911
x,y,g,t,n,f,c,b,w,t,b,s,s,w,w,p,w,o,p,k,v,d,0,0,0.0029113607290895275
f,f,g,f,f,f,c,b,p,e,b,k,k,n,n,p,w,o,l,h,y,g,1,1,0.9981804590236555
x,y,u,f,n,f,c,n,w,e,,s,f,w,w,p,w,o,f,h,v,d,0,0,0.06094717142173628
k,y,n,f,y,f,c,n,b,t,,k,k,p,w,p,w,o,e,w,v,d,1,1,0.999613217971076
f,f,n,f,n,f,c,n,k,e,e,s,s,w,w,p,w,o,p,k,y,u,0,0,0.008015546130821794
f,f,g,f,f,f,c,b,h,e,b,k,k,n,p,p,w,o,l,h,v,d,1,1,0.9996960320479857
f,f,g,f,n,f,w,b,p,t,e,f,s,w,w,p,w,o,e,n,a,g,0,0,2.8392644549496795e-05
x,y,e,f,s,f,c,n,b,t,,k,s,w,w,p,w,o,e,w,v,p,1,1,0.9994878836775722
f,y,g,t,n,f,c,b,p,t,b,s,s,p,p,p,w,o,p,k,v,d,0,0,0.005515846579923036
f,y,n,f,s,f,c,n,b,t,,s,s,w,p,p,w,o,e,w,v,d,1,1,0.9944282883871118
f,y,n,t,n,f,c,b,u,t,b,s,s,g,p,p,w,o,p,n,y,d,0,0,0.0004011238770789541
x,f,w,f,n,f,w,b,h,t,e,f,f,w,w,p,w,o,e,k,a,g,0,0,3.050249780235942e-05
x,y,n,t,n,f,c,b,u,t,b,s,s,p,g,p,w,o,p,n,y,d,0,0,0.0003355149800762575
k,s,e,f,f,f,c,n,b,t,,s,k,w,w,p,w,o,e,w,v,p,1,1,0.9997373164504959
k,y,n,f,s,f,c,n,b,t,,s,s,w,w,p,w,o,e,w,v,p,1,1,0.9912431606098655
f,y,n,f,f,f,c,n,b,t,,s,s,p,w,p,w,o,e,w,v,l,1,1,0.9997931911752092
x,y,g,f,f,f,c,b,g,e,b,k,k,p,p,p,w,o,l,h,y,p,1,1,0.9994203379540287
x,y,e,f,s,f,c,n,b,t,,k,s,w,p,p,w,o,e,w,v,l,1,1,0.9997968641714189
b,y,y,t,a,f,c,b,n,e,c,s,s,w,w,p,w,o,p,k,n,m,0,0,0.001332394281246436
k,s,e,f,f,f,c,n,b,t,,k,k,p,p,p,w,o,e,w,v,l,1,1,0.9999929027468265
x,y,e,t,n,f,c,b,w,t,b,s,s,p,p,p,w,o,p,k,v,d,0,0,0.005335496523283931
x,f,g,f,f,f,c,b,g,e,b,k,k,b,n,p,w,o,l,h,y,p,1,1,0.9977155860512225
x,f,g,f,f,f,c,b,g,e,b,k,k,b,b,p,w,o,l,h,y,d,1,1,0.9986741217963399
x,f,e,t,n,f,c,b,n,t,b,s,s,w,g,p,w,o,p,k,y,d,0,0,0.00014562389951604983
x,f,n,t,n,f,c,b,u,t,b,s,s,w,w,p,w,o,p,n,v,d,0,0,0.0006985712418477638
x,y,e,f,m,f,c,b,y,e,c,k,y,c,c,p,w,n,n,w,c,d,1,1,0.9922410884951788
k,s,e,f,f,f,c,n,b,t,,s,k,p,w,p,w,o,e,w,v,p,1,1,0.9998266517126895
x,s,w,f,n,f,w,b,g,e,,s,k,w,w,p,w,t,p,w,s,g,0,0,0.006777893002602161
x,y,n,f,n,f,w,n,w,e,b,s,s,w,n,p,w,o,e,w,v,l,0,0,0.06295270827133756
f,f,g,f,f,f,c,b,h,e,b,k,k,b,n,p,w,o,l,h,v,d,1,1,0.9995077098524627
b,s,g,f,n,f,w,b,w,e,,s,s,w,w,p,w,t,p,w,s,g,0,0,0.0026030648333213516
f,f,w,f,n,f,w,b,h,t,e,s,f,w,w,p,w,o,e,n,a,g,0,0,1.4140912157426443e-05
x,y,y,t,a,f,c,b,p,e,r,s,y,w,w,p,w,o,p,n,s,g,0,0,0.011292970990801936
f,y,g,f,f,f,c,b,g,e,b,k,k,b,p,p,w,o,l,h,v,d,1,1,0.9998754482768553
f,y,n,t,p,f,c,n,w,e,e,s,s,w,w,p,w,o,p,k,v,g,1,1,0.9920415614517683
f,f,w,t,l,f,w,n,w,t,b,s,s,w,w,p,w,o,p,u,v,d,0,0,0.044948951431923775
x,y,n,f,y,f,c,n,b,t,,k,s,w,p,p,w,o,e,w,v,l,1,1,0.9996942639979942
f,y,n,t,n,f,c,b,n,t,b,s,s,w,p,p,w,o,p,n,v,d,0,0,0.0014883446444025818
x,y,g,f,f,f,c,b,p,e,b,k,k,p,n,p,w,o,l,h,v,p,1,1,0.9995773754820597
f,y,g,f,f,f,c,b,g,e,b,k,k,n,b,p,w,o,l,h,y,g,1,1,0.9997085562693578
f,s,n,f,y,f,c,n,b,t,,k,k,w,w,p,w,o,e,w,v,l,1,1,0.9998408535518927
f,y,y,f,f,f,c,b,g,e,b,k,k,p,n,p,w,o,l,h,y,d,1,1,0.9982029367339014
f,y,n,t,n,f,c,b,p,t,b,s,s,g,w,p,w,o,p,k,y,d,0,0,0.0003234847028762598
f,y,n,f,s,f,c,n,b,t,,k,k,w,p,p,w,o,e,w,v,p,1,1,0.999728560305885
x,f,w,f,n,f,w,b,p,t,e,f,f,w,w,p,w,o,e,k,s,g,0,0,2.541437012992329e-05
x,s,p,t,n,f,c,b,w,e,,s,s,w,e,p,w,t,e,w,c,w,0,0,0.01672039096046204
f,f,g,f,n,f,c,n,n,e,e,s,s,w,w,p,w,o,p,k,y,u,0,0,0.011065398724102936
f,s,e,f,s,f,c,n,b,t,,k,s,p,w,p,w,o,e,w,v,d,1,1,0.999714353430337
s,f,n,f,n,f,c,n,g,e,e,s,s,w,w,p,w,o,p,k,v,u,0,0,0.034261294523652945
f,f,y,f,f,f,c,b,h,e,b,k,k,p,n,p,w,o,l,h,y,p,1,1,0.9970521078317225
k,y,e,f,y,f,c,n,b,t,,k,s,p,p,p,w,o,e,w,v,p,1,1,0.999688445055989
x,s,n,f,n,f,w,b,p,t,e,s,f,w,w,p,w,o,e,n,s,g,0,0,1.0251465231027182e-05
k,y,e,f,y,f,c,n,b,t,,s,s,w,w,p,w,o,e,w,v,l,1,1,0.9968871402273412
f,f,g,f,f,f,c,b,h,e,b,k,k,n,p,p,w,o,l,h,v,p,1,1,0.9997388056319342
x,y,g,f,f,f,c,b,h,e,b,k,k,b,p,p,w,o,l,h,v,p,1,1,0.9998804941214862
f,y,e,t,n,f,c,b,p,t,b,s,s,g,p,p,w,o,p,n,v,d,0,0,0.0021845431626092387
x,f,n,t,n,f,c,b,w,t,b,s,s,g,p,p,w,o,p,k,v,d,0,0,0.0009791255602228462
x,y,g,t,n,f,c,b,n,t,b,s,s,p,p,p,w,o,p,k,y,d,0,0,0.0008970769318883502
x,s,p,f,c,f,w,n,p,e,b,s,s,w,w,p,w,o,p,k,s,d,1,1,0.9847621525384456
f,y,n,f,f,f,c,n,b,t,,s,s,w,p,p,w,o,e,w,v,p,1,1,0.9995409021387462
x,y,g,f,f,f,c,b,p,e,b,k,k,b,b,p,w,o,l,h,y,p,1,1,0.9991141270708093
f,s,w,t,f,f,c,b,h,t,b,s,f,w,w,p,w,o,p,h,s,g,1,1,0.9886521571003221
f,f,w,f,n,f,w,b,n,t,e,s,f,w,w,p,w,o,e,n,s,g,0,0,9.851509232800627e-06
x,s,w,f,n,f,w,b,w,e,,k,s,w,w,p,w,t,p,w,s,g,0,0,0.02762804497038341
k,y,n,f,s,f,c,n,b,t,,k,s,w,w,p,w,o,e,w,v,l,1,1,0.9995257896361273
x,y,y,t,l,f,c,b,p,e,r,s,y,w,w,p,w,o,p,k,s,p,0,0,0.006512529602227971
x,y,n,t,l,f,c,b,p,e,r,s,y,w,w,p,w,o,p,k,s,p,0,0,0.0060991750372547775
f,y,g,t,n,f,c,b,n,t,b,s,s,p,g,p,w,o,p,k,y,d,0,0,0.0005590651066243805
x,y,y,t,a,f,c,b,n,e,c,s,s,w,w,p,w,o,p,k,n,m,0,0,0.0010417717188110783
f,f,y,f,f,f,c,b,g,e,b,k,k,b,p,p,w,o,l,h,y,d,1,1,0.9983420687825145
x,f,g,f,f,f,c,b,h,e,b,k,k,n,n,p,w,o,l,h,v,g,1,1,0.9997038603807078
f,s,e,f,f,f,c,n,b,t,,s,s,w,p,p,w,o,e,w,v,p,1,1,0.9997379677434767
x,y,y,t,l,f,c,b,n,e,r,s,y,w,w,p,w,o,p,n,s,p,0,0,0.004282189442361177
f,f,y,f,f,f,c,b,p,e,b,k,k,n,p,p,w,o,l,h,y,p,1,1,0.9971723290503293
x,y,w,f,n,f,c,n,u,e,,s,f,w,w,p,w,o,f,h,v,d,0,0,0.1248547423183724
f,s,g,t,f,f,c,b,h,t,b,f,s,w,w,p,w,o,p,h,v,u,1,1,0.9969231641033989
k,y,n,f,y,f,c,n,b,t,,s,s,w,p,p,w,o,e,w,v,p,1,1,0.9932362673783836
x,y,e,f,y,f,c,n,b,t,,s,k,w,w,p,w,o,e,w,v,d,1,1,0.996818757235501
x,f,w,f,n,f,w,b,h,t,e,f,f,w,w,p,w,o,e,n,a,g,0,0,2.3933091291607892e-05
f,f,w,f,n,f,w,b,n,t,e,s,s,w,w,p,w,o,e,k,s,g,0,0,2.9843839462559028e-05
f,s,n,f,y,f,c,n,b,t,,s,k,w,p,p,w,o,e,w,v,p,1,1,0.9977459431567088
k,f,w,f,n,f,w,b,w,e,,k,k,w,w,p,w,t,p,w,n,g,0,0,0.00527164833889217
f,y,n,t,n,f,c,b,w,t,b,s,s,w,w,p,w,o,p,k,v,d,0,0,0.002115666896070987
x,y,e,t,n,f,c,b,p,t,b,s,s,w,p,p,w,o,p,n,y,d,0,0,0.0005134469792067478
x,f,e,t,n,f,c,b,w,t,b,s,s,w,w,p,w,o,p,n,y,d,0,0,0.0002393882672600306
x,f,y,f,f,f,c,b,p,e,b,k,k,n,p,p,w,o,l,h,y,p,1,1,0.9966941776943924
f,s,g,f,n,f,w,b,k,t,e,s,f,w,w,p,w,o,e,k,s,g,0,0,2.3944021134837868e-05
x,y,e,f,s,f,c,n,b,t,,k,k,w,w,p,w,o,e,w,v,l,1,1,0.9998543982302432
x,y,e,t,n,f,c,b,w,e,,s,s,e,w,p,w,t,e,w,c,w,0,0,0.0068987689039020595
f,s,e,f,s,f,c,n,b,t,,s,k,p,p,p,w,o,e,w,v,p,1,1,0.9990106311017667
f,f,w,f,n,f,w,b,h,t,e,s,f,w,w,p,w,o,e,n,s,g,0,0,1.9203742042776318e-05
f,y,n,f,n,f,w,n,w,e,b,s,f,w,n,p,w,o,e,w,v,l,0,0,0.032001146327470587
x,s,w,f,n,f,w,b,k,t,e,f,f,w,w,p,w,o,e,n,s,g,0,0,4.571681768193669e-05
x,f,g,f,f,f,c,b,g,e,b,k,k,n,b,p,w,o,l,h,v,p,1,1,0.9996701924810615
f,f,n,t,n,f,c,b,p,t,b,s,s,p,p,p,w,o,p,n,y,d,0,0,0.0003054918198520164
f,y,y,f,f,f,c,b,h,e,b,k,k,b,b,p,w,o,l,h,v,p,1,1,0.9998412050482911
f,f,w,f,n,f,w,b,n,t,e,f,f,w,w,p,w,o,e,k,a,g,0,0,1.8302586973170683e-05
k,s,e,f,s,f,c,n,b,t,,k,k,p,p,p,w,o,e,w,v,l,1,1,0.999925614384089
f,y,n,t,a,f,c,b,w,e,r,s,y,w,w,p,w,o,p,k,y,g,0,0,0.0058811299068582575
b,f,w,f,n,f,w,b,p,e,,k,s,w,w,p,w,t,p,w,n,g,0,0,0.003604938727815668
f,s,b,t,f,f,c,b,w,t,b,f,s,w,w,p,w,o,p,h,v,g,1,1,0.9984747760911614
x,f,g,f,f,f,c,b,p,e,b,k,k,n,n,p,w,o,l,h,v,d,1,1,0.9988022489765159
x,y,e,t,n,f,c,b,w,e,,s,s,e,e,p,w,t,e,w,c,w,0,0,0.003819817465878819
b,s,w,t,a,f,c,b,g,e,c,s,s,w,w,p,w,o,p,k,n,g,0,0,0.005381979701988537
x,y,y,t,a,f,c,b,w,e,c,s,s,w,w,p,w,o,p,k,s,m,0,0,0.00528808541390544
f,s,n,f,n,f,w,b,p,t,e,f,f,w,w,p,w,o,e,n,a,g,0,0,1.7478962785735334e-05
x,y,n,f,y,f,c,n,b,t,,s,k,p,w,p,w,o,e,w,v,p,1,1,0.9973140096327169
x,y,e,t,n,f,c,b,w,t,b,s,s,p,p,p,w,o,p,k,y,d,0,0,0.0012132584559063574
f,y,e,f,f,f,c,n,b,t,,k,k,w,w,p,w,o,e,w,v,l,1,1,0.9999881221479555
f,y,n,f,y,f,c,n,b,t,,s,s,w,w,p,w,o,e,w,v,p,1,1,0.993653171866569
k,y,c,f,n,f,w,n,w,e,b,s,f,w,n,p,w,o,e,w,v,l,0,0,0.01922706698599208
f,y,n,t,n,f,c,b,p,t,b,s,s,w,p,p,w,o,p,k,y,d,0,0,0.0005142413941497391
x,f,w,f,n,f,w,b,n,t,e,f,f,w,w,p,w,o,e,k,a,g,0,0,1.5647850901778933e-05
x,f,y,f,f,f,c,b,h,e,b,k,k,p,b,p,w,o,l,h,v,d,1,1,0.9995461110302424
k,s,n,f,y,f,c,n,b,t,,s,k,p,p,p,w,o,e,w,v,p,1,1,0.9979192904834892
b,s,w,f,n,f,w,b,g,e,,s,s,w,w,p,w,t,p,w,s,g,0,0,0.0047469234991492516
f,s,g,t,f,f,c,b,w,t,b,f,s,w,w,p,w,o,p,h,s,u,1,1,0.9945292249720039
f,y,n,t,p,f,c,n,p,e,e,s,s,w,w,p,w,o,p,k,v,g,1,1,0.9902742343071183
x,y,y,t,l,f,c,b,n,e,c,s,s,w,w,p,w,o,p,k,n,m,0,0,0.0010011701708294073
k,s,e,f,y,f,c,n,b,t,,s,s,p,p,p,w,o,e,w,v,l,1,1,0.9986678238264648
x,s,w,t,l,f,c,b,w,e,c,s,s,w,w,p,w,o,p,n,s,m,0,0,0.010128952236096982
f,f,g,f,f,f,c,b,h,e,b,k,k,p,p,p,w,o,l,h,v,g,1,1,0.9998994394191549
x,y,e,f,s,f,c,n,b,t,,k,k,p,w,p,w,o,e,w,v,d,1,1,0.9997850823957594
f,s,g,t,f,f,c,b,w,t,b,s,s,w,w,p,w,o,p,h,v,g,1,1,0.9931424201652157
x,s,n,t,p,f,c,n,n,e,e,s,s,w,w,p,w,o,p,n,v,u,1,1,0.9827813611706142
f,f,n,t,n,f,c,b,p,t,b,s,s,w,p,p,w,o,p,n,y,d,0,0,0.00020160095689817536
x,f,g,f,n,f,w,b,k,t,e,f,s,w,w,p,w,o,e,k,a,g,0,0,3.009194327669873e-05
k,y,n,f,f,f,c,n,b,t,,s,k,p,w,p,w,o,e,w,v,p,1,1,0.9996962620606414
k,s,n,f,n,a,c,b,o,e,,s,s,o,o,p,n,o,p,o,c,l,0,0,0.004451311524735481
x,y,g,t,n,f,c,b,n,t,b,s,s,w,p,p,w,o,p,k,y,d,0,0,0.0005921205058293203
x,f,n,t,n,f,c,b,u,t,b,s,s,w,w,p,w,o,p,k,y,d,0,0,0.000201719729375187
f,f,y,f,f,f,c,b,p,e,b,k,k,b,b,p,w,o,l,h,v,d,1,1,0.9993972099492671
b,f,g,f,n,f,w,b,p,e,,s,s,w,w,p,w,t,p,w,n,g,0,0,0.0002596965531043807
x,y,y,f,f,f,c,b,p,e,b,k,k,n,b,p,w,o,l,h,v,d,1,1,0.9995501736688142
b,y,y,t,l,f,c,b,k,e,c,s,s,w,w,p,w,o,p,k,n,g,0,0,0.0012716833151439817
x,f,n,t,n,f,c,b,n,t,b,s,s,p,w,p,w,o,p,k,y,d,0,0,0.0002121734673897404
f,s,g,f,n,f,w,b,k,t,e,s,s,w,w,p,w,o,e,k,a,g,0,0,4.1908276069365304e-05
f,y,e,t,n,f,c,b,p,t,b,s,s,w,p,p,w,o,p,k,v,d,0,0,0.003370299759770212
k,y,n,f,s,f,c,n,b,t,,s,k,p,p,p,w,o,e,w,v,d,1,1,0.9971828827235379
x,s,n,f,f,f,c,n,b,t,,s,s,p,p,p,w,o,e,w,v,d,1,1,0.9996497062339361
f,y,g,t,n,f,c,b,n,t,b,s,s,p,p,p,w,o,p,n,v,d,0,0,0.003625593911288273
x,y,n,t,a,f,c,b,n,e,r,s,y,w,w,p,w,o,p,k,y,p,0,0,0.0016160771903370077
k,s,n,f,n,a,c,b,o,e,,s,s,o,o,p,o,o,p,y,v,l,0,0,0.002858112863730023
x,s,w,t,f,f,c,b,w,t,b,f,s,w,w,p,w,o,p,h,v,u,1,1,0.9966684321275235
x,s,p,f,c,f,c,n,n,e,b,s,s,w,w,p,w,o,p,k,v,d,1,1,0.9987490259333768
f,f,y,t,l,f,w,n,n,t,b,s,s,w,w,p,w,o,p,n,v,d,0,0,0.01201264259587273
x,f,w,f,n,f,w,b,h,t,e,f,s,w,w,p,w,o,e,k,s,g,0,0,9.845497768983431e-05
x,f,y,f,f,f,c,b,g,e,b,k,k,p,b,p,w,o,l,h,y,d,1,1,0.9979039953334087
f,f,n,t,n,f,c,b,p,t,b,s,s,w,g,p,w,o,p,k,v,d,0,0,0.0006040900815451519
f,y,e,t,n,f,c,b,p,t,b,s,s,g,p,p,w,o,p,n,y,d,0,0,0.0004955385849692334
x,s,n,f,n,a,c,b,o,e,,s,s,o,o,p,n,o,p,n,v,l,0,0,0.0009218695826721687
x,y,n,t,n,f,c,b,u,t,b,s,s,p,p,p,w,o,p,k,v,d,0,0,0.003533869080747432
b,s,n,f,n,a,c,b,n,e,,s,s,o,o,p,n,o,p,y,c,l,0,0,0.004560715074073523
x,f,y,f,f,f,c,b,g,e,b,k,k,n,n,p,w,o,l,h,y,g,1,1,0.9979380399865575
x,y,n,t,n,f,c,b,n,t,b,s,s,w,w,p,w,o,p,n,v,d,0,0,0.0009704171512850621
f,y,e,f,y,f,c,n,b,t,,s,k,w,p,p,w,o,e,w,v,d,1,1,0.9979245700927514
f,y,e,f,y,f,c,n,b,t,,k,s,w,p,p,w,o,e,w,v,l,1,1,0.9998243623792464
x,f,e,t,n,f,c,b,w,t,b,s,s,p,w,p,w,o,p,k,v,d,0,0,0.002038121364291028
f,y,y,f,f,f,c,b,h,e,b,k,k,p,p,p,w,o,l,h,v,g,1,1,0.9999242535002252
f,y,e,f,s,f,c,n,b,t,,k,s,w,p,p,w,o,e,w,v,d,1,1,0.9996115504117145
x,s,g,f,n,f,w,b,w,e,,s,s,w,w,p,w,t,p,w,s,g,0,0,0.0020358479287949016
f,y,b,t,n,f,c,b,w,e,,s,s,w,w,p,w,t,e,w,c,w,0,0,0.02987109016342115
f,y,n,f,f,f,c,n,b,t,,s,k,p,p,p,w,o,e,w,v,l,1,1,0.9999138700941355
f,s,g,t,f,f,c,b,h,t,b,f,s,w,w,p,w,o,p,h,s,g,1,1,0.9965050113370656
f,f,g,t,n,f,c,b,n,t,b,s,s,g,g,p,w,o,p,k,y,d,0,0,0.00015210077061995807
x,y,e,t,n,f,c,b,n,t,b,s,s,p,g,p,w,o,p,n,y,d,0,0,0.00034660021571892614
f,y,n,f,f,f,c,n,b,t,,s,s,w,p,p,w,o,e,w,v,l,1,1,0.9997611111189774
b,y,w,t,l,f,c,b,n,e,c,s,s,w,w,p,w,o,p,n,s,g,0,0,0.006441501156112587
f,f,e,t,n,f,c,b,n,t,b,s,s,w,g,p,w,o,p,k,v,d,0,0,0.0007517023674976174
x,y,y,f,f,f,c,b,g,e,b,k,k,n,p,p,w,o,l,h,v,g,1,1,0.9998870360811046
x,f,n,f,n,f,w,b,p,t,e,s,f,w,w,p,w,o,e,n,s,g,0,0,4.3491880603384245e-06
x,s,b,t,n,f,c,b,e,e,,s,s,w,e,p,w,t,e,w,c,w,0,0,0.011074842941637386
k,y,e,f,s,f,c,n,b,t,,k,s,w,p,p,w,o,e,w,v,d,1,1,0.999456761327247
f,f,g,f,n,f,w,b,k,t,e,f,s,w,w,p,w,o,e,n,a,g,0,0,2.7616636408349692e-05
f,y,n,t,n,f,c,b,n,t,b,s,s,p,p,p,w,o,p,k,y,d,0,0,0.0006515402374516181
f,s,n,t,n,f,c,b,w,e,b,s,s,w,w,p,w,t,p,w,y,p,0,0,0.005018944021629403
f,f,w,f,n,f,w,b,h,t,e,f,s,w,w,p,w,o,e,n,s,g,0,0,9.035676383662649e-05
x,y,n,t,n,f,c,b,n,t,b,s,s,p,g,p,w,o,p,k,v,d,0,0,0.001309305191528103
x,f,y,t,a,f,w,n,w,t,b,s,s,w,w,p,w,o,p,n,v,d,0,0,0.01559102583144678
f,f,y,f,f,f,c,b,p,e,b,k,k,p,n,p,w,o,l,h,y,p,1,1,0.9952040486044784
x,f,p,f,c,f,w,n,n,e,b,s,s,w,w,p,w,o,p,k,s,d,1,1,0.9582026991725956
f,s,n,f,n,f,w,b,k,t,e,s,f,w,w,p,w,o,e,k,a,g,0,0,1.0945560264945981e-05
f,s,e,f,f,f,c,n,b,t,,k,s,w,w,p,w,o,e,w,v,l,1,1,0.9999815336216298
f,f,g,f,n,f,w,b,p,t,e,s,s,w,w,p,w,o,e,n,a,g,0,0,1.4342583564116778e-05
x,f,y,f,f,f,c,b,p,e,b,k,k,p,b,p,w,o,l,h,v,g,1,1,0.9997020843613755
x,y,g,t,n,f,c,b,u,t,b,s,s,p,g,p,w,o,p,k,y,d,0,0,0.0006885762868630461
f,s,e,f,s,f,c,n,b,t,,s,s,p,p,p,w,o,e,w,v,l,1,1,0.9990578285098668
x,f,w,f,n,f,w,b,n,t,e,s,f,w,w,p,w,o,e,n,s,g,0,0,8.422566650899394e-06
b,s,w,f,n,f,w,b,p,e,,s,k,w,w,p,w,t,p,w,s,g,0,0,0.005579241991324608
b,s,y,t,a,f,c,b,k,e,c,s,s,w,w,p,w,o,p,k,n,m,0,0,0.0018239432003263082
x,y,e,t,n,f,c,b,u,t,b,s,s,w,p,p,w,o,p,n,v,d,0,0,0.002725446635862789
k,f,w,f,n,f,w,b,g,e,,k,s,w,w,p,w,t,p,w,s,g,0,0,0.012650380547429937
x,f,e,t,n,f,c,b,n,t,b,s,s,w,p,p,w,o,p,n,v,d,0,0,0.0009465334741329083
x,f,e,t,n,f,c,b,p,t,b,s,s,g,p,p,w,o,p,k,v,d,0,0,0.0011901533833909386
x,s,w,t,l,f,c,b,w,e,c,s,s,w,w,p,w,o,p,k,n,g,0,0,0.00318765061084603
f,y,e,f,f,f,c,n,b,t,,k,s,p,w,p,w,o,e,w,v,p,1,1,0.9999724234356648
b,s,w,t,a,f,c,b,w,e,c,s,s,w,w,p,w,o,p,n,s,m,0,0,0.013439359195892371
b,f,w,f,n,f,w,b,w,e,,s,s,w,w,p,w,t,p,w,s,g,0,0,0.0015894541013204728
x,y,g,t,n,f,c,b,p,t,b,s,s,g,g,p,w,o,p,n,y,d,0,0,0.00024427670123407745
f,f,g,f,f,f,c,b,p,e,b,k,k,b,b,p,w,o,l,h,v,g,1,1,0.9998389835720545
x,f,e,t,n,f,c,b,p,t,b,s,s,p,g,p,w,o,p,k,v,d,0,0,0.0011643351038576064
f,f,g,t,n,f,c,b,w,t,b,s,s,p,p,p,w,o,p,n,v,d,0,0,0.002654117607081206
f,y,y,f,f,f,c,b,p,e,b,k,k,b,n,p,w,o,l,h,v,g,1,1,0.9997565951652182
x,y,w,t,p,f,c,n,w,e,e,s,s,w,w,p,w,o,p,k,v,u,1,1,0.9952499383920429
x,f,w,f,n,f,w,b,k,t,e,s,f,w,w,p,w,o,e,k,a,g,0,0,9.195086049728584e-06
b,s,g,f,n,f,w,b,p,e,,s,s,w,w,p,w,t,p,w,s,g,0,0,0.002127265949204236
x,f,n,t,n,f,c,b,w,t,b,s,s,p,w,p,w,o,p,n,y,d,0,0,0.00024373981634230238
x,y,g,f,f,f,c,b,h,e,b,k,k,p,b,p,w,o,l,h,y,g,1,1,0.9997326441438894
x,f,e,t,n,f,c,b,u,t,b,s,s,w,p,p,w,o,p,k,y,d,0,0,0.00039382462016737766
k,f,g,f,n,f,w,b,w,e,,k,k,w,w,p,w,t,p,w,n,g,0,0,0.003672331947790262
x,s,g,f,n,f,w,b,g,e,,s,k,w,w,p,w,t,p,w,s,g,0,0,0.004723781088106608
f,f,e,t,n,f,c,b,n,t,b,s,s,p,g,p,w,o,p,k,y,d,0,0,0.00025810407246679894
x,s,e,f,s,f,c,n,b,t,,k,k,p,p,p,w,o,e,w,v,p,1,1,0.9998804333654262
x,s,n,f,f,f,c,n,b,t,,s,s,w,p,p,w,o,e,w,v,l,1,1,0.999762673607241
k,s,p,t,n,f,c,b,w,e,,s,s,e,w,p,w,t,e,w,c,w,0,0,0.016522059592110373
x,y,g,t,n,f,c,b,p,t,b,s,s,p,p,p,w,o,p,k,y,d,0,0,0.001072683508594897
x,y,y,f,f,f,c,b,g,e,b,k,k,p,n,p,w,o,l,h,y,d,1,1,0.9978986910541007
f,s,n,f,n,f,w,b,n,t,e,f,s,w,w,p,w,o,e,k,a,g,0,0,4.427375676307359e-05
x,s,w,t,f,f,c,b,w,t,b,f,s,w,w,p,w,o,p,h,v,g,1,1,0.9971705568935719
k,y,p,t,n,f,c,b,e,e,,s,s,w,w,p,w,t,e,w,c,w,0,0,0.01412107659004248
f,y,e,f,y,f,c,n,b,t,,k,k,w,w,p,w,o,e,w,v,l,1,1,0.9998741091151381
f,y,e,t,n,f,c,b,n,t,b,s,s,p,p,p,w,o,p,n,y,d,0,0,0.0007608182256465055
f,y,y,f,f,f,c,b,p,e,b,k,k,b,n,p,w,o,l,h,v,p,1,1,0.9994806982855593
f,y,e,t,n,f,c,b,p,t,b,s,s,w,g,p,w,o,p,n,v,d,0,0,0.0014112656392938569
f,s,w,t,p,f,c,n,w,e,e,s,s,w,w,p,w,o,p,k,v,u,1,1,0.9965462087741653
x,s,e,f,f,f,c,n,b,t,,s,k,p,p,p,w,o,e,w,v,d,1,1,0.9998713985387926
f,y,g,f,f,f,c,b,p,e,b,k,k,b,p,p,w,o,l,h,v,g,1,1,0.9999219618749583
f,s,e,f,y,f,c,n,b,t,,k,s,w,w,p,w,o,e,w,v,l,1,1,0.9998042910712697
x,y,e,f,y,f,c,n,b,t,,s,k,w,w,p,w,o,e,w,v,p,1,1,0.9972653059216525
x,f,g,f,n,f,w,b,n,t,e,s,f,w,w,p,w,o,e,k,a,g,0,0,5.497590074223165e-06
f,y,n,f,s,f,c,n,b,t,,s,s,p,p,p,w,o,e,w,v,p,1,1,0.996833328513537
x,y,y,t,a,f,c,b,w,e,r,s,y,w,w,p,w,o,p,n,y,g,0,0,0.004221299482215232
f,f,g,f,f,f,c,b,h,e,b,k,k,b,p,p,w,o,l,h,v,p,1,1,0.9997954666118019
x,f,g,f,f,f,c,b,p,e,b,k,k,n,b,p,w,o,l,h,y,g,1,1,0.9989388425492072
f,s,b,t,f,f,c,b,p,t,b,s,s,w,w,p,w,o,p,h,v,u,1,1,0.9956576197211303
f,y,e,t,n,f,c,b,n,t,b,s,s,g,p,p,w,o,p,k,v,d,0,0,0.0023276599808884206
x,f,g,f,n,f,w,b,h,t,e,f,f,w,w,p,w,o,e,n,s,g,0,0,2.260517204669792e-05
x,y,w,t,l,f,c,b,k,e,c,s,s,w,w,p,w,o,p,k,s,g,0,0,0.007457248594229148
f,y,n,t,n,f,c,b,u,t,b,s,s,p,p,p,w,o,p,k,y,d,0,0,0.0009384722145440027
b,y,w,t,l,f,c,b,g,e,c,s,s,w,w,p,w,o,p,k,s,m,0,0,0.01769330929576271
f,y,n,f,y,f,c,n,b,t,,s,s,w,w,p,w,o,e,w,v,d,1,1,0.9926211613288968
x,y,n,f,y,f,c,n,b,t,,k,s,w,w,p,w,o,e,w,v,p,1,1,0.9992293434290835
x,s,n,t,p,f,c,n,n,e,e,s,s,w,w,p,w,o,p,n,s,u,1,1,0.9770827071976866
f,y,e,f,s,f,c,n,b,t,,s,s,w,p,p,w,o,e,w,v,p,1,1,0.9967759370301874
x,s,w,t,f,f,c,b,p,t,b,s,f,w,w,p,w,o,p,h,s,u,1,1,0.974868968137797
x,y,w,t,p,f,c,n,k,e,e,s,s,w,w,p,w,o,p,n,s,u,1,1,0.9898544941098654
f,s,n,f,f,f,c,n,b,t,,k,k,w,p,p,w,o,e,w,v,p,1,1,0.9999779989046318
f,s,e,f,s,f,c,n,b,t,,k,s,w,w,p,w,o,e,w,v,d,1,1,0.9995671701578368
x,s,w,t,a,f,c,b,w,e,c,s,s,w,w,p,w,o,p,k,s,m,0,0,0.013389166863430549
b,s,w,f,n,f,w,b,p,e,,k,k,w,w,p,w,t,p,w,n,g,0,0,0.015370070619772259
x,f,n,t,n,f,c,b,n,t,b,s,s,p,w,p,w,o,p,n,y,d,0,0,0.00016648360068471395
f,y,u,f,n,f,c,n,h,e,,s,f,w,w,p,w,o,f,h,v,d,0,0,0.09179229394394617
f,y,n,f,y,f,c,n,b,t,,s,k,w,w,p,w,o,e,w,v,p,1,1,0.9965226141390842
k,s,e,f,f,f,c,n,b,t,,k,k,p,p,p,w,o,e,w,v,p,1,1,0.999986357547277
x,f,p,f,c,f,c,n,n,e,b,s,s,w,w,p,w,o,p,k,v,d,1,1,0.9970563108719132
f,y,y,f,f,f,c,b,h,e,b,k,k,p,b,p,w,o,l,h,v,g,1,1,0.9999219289262617
x,y,e,f,y,f,c,n,b,t,,s,s,w,w,p,w,o,e,w,v,p,1,1,0.9950056408224424
x,f,e,t,n,f,c,b,u,t,b,s,s,p,w,p,w,o,p,k,v,d,0,0,0.0020056745902508884
x,y,n,f,s,f,c,n,b,t,,s,s,w,p,p,w,o,e,w,v,d,1,1,0.9934891569871704
f,y,y,f,f,f,c,b,h,e,b,k,k,p,p,p,w,o,l,h,v,d,1,1,0.999811892220215
k,y,e,f,f,f,c,n,b,t,,k,s,w,w,p,w,o,e,w,v,l,1,1,0.9999695904970298
x,f,y,f,f,f,c,b,h,e,b,k,k,n,n,p,w,o,l,h,v,d,1,1,0.998891766181849
f,y,y,t,l,f,c,b,p,e,r,s,y,w,w,p,w,o,p,n,s,g,0,0,0.012675846530733685
x,f,y,f,f,f,c,b,h,e,b,k,k,b,p,p,w,o,l,h,v,d,1,1,0.9995802342107849
f,f,w,t,l,f,w,n,n,t,b,s,s,w,w,p,w,o,p,n,v,d,0,0,0.025685231109069256
f,f,e,t,n,f,c,b,p,t,b,s,s,g,g,p,w,o,p,n,y,d,0,0,0.00013188381789635206
f,f,n,f,n,f,w,b,n,t,e,f,s,w,w,p,w,o,e,n,s,g,0,0,2.0014639362045693e-05
x,s,w,f,c,f,c,n,n,e,b,s,s,w,w,p,w,o,p,n,s,d,1,1,0.9966379394443386
x,y,y,t,a,f,c,b,w,e,c,s,s,w,w,p,w,o,p,n,n,m,0,0,0.0011966147684338952
x,s,g,t,f,f,c,b,h,t,b,s,f,w,w,p,w,o,p,h,s,g,1,1,0.9810622880504
x,y,y,f,f,f,c,b,h,e,b,k,k,p,n,p,w,o,l,h,y,d,1,1,0.997993716792166
x,y,y,t,a,f,c,b,w,e,c,s,s,w,w,p,w,o,p,k,s,g,0,0,0.0045180786768085944
f,s,e,f,s,f,c,n,b,t,,k,k,w,w,p,w,o,e,w,v,d,1,1,0.9997634917489331
f,s,e,f,s,f,c,n,b,t,,k,k,p,w,p,w,o,e,w,v,p,1,1,0.9998658915698799
x,f,g,f,c,f,c,n,n,e,b,s,s,w,w,p,w,o,p,n,v,d,1,1,0.9915322622562528
x,f,g,t,n,f,c,b,u,t,b,s,s,p,p,p,w,o,p,k,v,d,0,0,0.0028453371018714404
x,y,e,f,f,f,c,n,b,t,,k,k,p,w,p,w,o,e,w,v,d,1,1,0.9999794917528891
f,y,e,t,n,f,c,b,w,t,b,s,s,w,g,p,w,o,p,k,y,d,0,0,0.0004991113087361496
f,f,y,f,f,f,c,b,p,e,b,k,k,b,n,p,w,o,l,h,y,p,1,1,0.9954276075444187
x,s,p,f,c,f,c,n,g,e,b,s,s,w,w,p,w,o,p,k,v,d,1,1,0.9993274081424983
x,y,g,f,f,f,c,b,p,e,b,k,k,b,b,p,w,o,l,h,v,p,1,1,0.9997992518855591
f,f,w,f,n,f,w,b,n,t,e,f,s,w,w,p,w,o,e,n,s,g,0,0,4.635457703838994e-05
f,s,g,f,n,f,w,b,h,t,e,s,s,w,w,p,w,o,e,k,a,g,0,0,7.022500836737142e-05
x,s,g,f,n,f,w,b,p,t,e,f,f,w,w,p,w,o,e,n,a,g,0,0,2.407176636315646e-05
x,y,g,t,n,f,c,b,p,t,b,s,s,w,g,p,w,o,p,n,v,d,0,0,0.0013059396836591424
k,s,e,f,y,f,c,n,b,t,,s,s,p,p,p,w,o,e,w,v,p,1,1,0.9974423952479616
k,s,w,f,n,f,w,b,p,e,,s,s,w,w,p,w,t,p,w,n,g,0,0,0.0005751230263624319
x,y,n,t,l,f,c,b,n,e,r,s,y,w,w,p,w,o,p,n,y,p,0,0,0.0012190261146713124
x,s,w,f,c,f,w,n,n,e,b,s,s,w,w,p,w,o,p,k,v,d,1,1,0.9786453518255416
f,s,g,f,n,f,w,b,n,t,e,s,s,w,w,p,w,o,e,n,a,g,0,0,2.8267239965416152e-05
f,y,n,t,l,f,c,b,p,e,r,s,y,w,w,p,w,o,p,k,s,p,0,0,0.007126575090829646
k,y,n,f,y,f,c,n,b,t,,k,k,p,p,p,w,o,e,w,v,p,1,1,0.9997466444868998
x,s,b,t,f,f,c,b,p,t,b,s,f,w,w,p,w,o,p,h,s,u,1,1,0.9840266917083607
x,y,g,f,f,f,c,b,h,e,b,k,k,b,b,p,w,o,l,h,y,d,1,1,0.9993673039305544
k,y,n,f,y,f,c,n,b,t,,k,k,w,p,p,w,o,e,w,v,d,1,1,0.9995532330585133
b,s,n,f,n,a,c,b,y,e,,s,s,o,o,p,o,o,p,y,c,l,0,0,0.010544072590473201
x,s,e,f,s,f,c,n,b,t,,s,k,p,w,p,w,o,e,w,v,p,1,1,0.9984826041147268
k,y,e,f,y,f,c,n,b,t,,k,k,p,w,p,w,o,e,w,v,p,1,1,0.9997766797474891
f,s,w,f,n,f,w,b,h,t,e,s,s,w,w,p,w,o,e,k,a,g,0,0,0.00010096727669873464
f,s,g,t,f,f,c,b,p,t,b,s,f,w,w,p,w,o,p,h,s,u,1,1,0.9692844303820888
x,y,n,f,y,f,c,n,b,t,,s,s,w,w,p,w,o,e,w,v,l,1,1,0.9961283939037576
x,y,n,t,p,f,c,n,p,e,e,s,s,w,w,p,w,o,p,k,s,u,1,1,0.9822054857884427
f,y,e,f,y,f,c,n,b,t,,s,k,w,w,p,w,o,e,w,v,d,1,1,0.9972789387051106
f,f,g,f,n,f,w,b,p,t,e,f,s,w,w,p,w,o,e,n,s,g,0,0,3.855778422419483e-05
f,y,n,f,s,f,c,n,b,t,,s,s,p,w,p,w,o,e,w,v,l,1,1,0.9978365533457277
f,f,e,t,n,f,c,b,n,t,b,s,s,w,p,p,w,o,p,k,y,d,0,0,0.00031973420177002046
f,s,w,f,n,f,w,b,k,t,e,f,f,w,w,p,w,o,e,k,s,g,0,0,6.814980882078063e-05
f,f,g,t,n,f,c,b,n,t,b,s,s,w,w,p,w,o,p,n,v,d,0,0,0.0009133253309164015
f,s,n,f,f,f,c,n,b,t,,s,s,w,w,p,w,o,e,w,v,p,1,1,0.9994884544705437
x,s,b,t,f,f,c,b,p,t,b,s,f,w,w,p,w,o,p,h,v,u,1,1,0.9880198138080715
f,f,g,f,f,f,c,b,g,e,b,k,k,p,p,p,w,o,l,h,y,g,1,1,0.9995350286909788
x,f,n,t,n,f,c,b,w,t,b,s,s,g,g,p,w,o,p,n,y,d,0,0,9.274559298414613e-05
x,s,w,t,l,f,c,b,w,e,c,s,s,w,w,p,w,o,p,k,s,m,0,0,0.012873544916714968
x,s,w,f,n,f,w,b,w,e,,k,k,w,w,p,w,t,p,w,s,g,0,0,0.04943729394853883
f,y,n,t,n,f,c,b,w,t,b,s,s,p,w,p,w,o,p,k,v,d,0,0,0.00320277208934736
f,f,n,f,n,f,w,b,k,t,e,f,s,w,w,p,w,o,e,k,a,g,0,0,2.1850362620139048e-05
x,y,n,t,l,f,c,b,w,e,r,s,y,w,w,p,w,o,p,n,s,g,0,0,0.01242339021856668
x,f,y,f,f,f,c,b,h,e,b,k,k,b,n,p,w,o,l,h,v,g,1,1,0.9996503416672587
x,s,n,f,s,f,c,n,b,t,,s,s,w,w,p,w,o,e,w,v,d,1,1,0.9927503679986617
x,s,n,f,n,a,c,b,y,e,,s,s,o,o,p,n,o,p,n,v,l,0,0,0.001446332101698235
f,s,w,t,n,f,c,b,r,e,b,s,s,w,w,p,w,t,p,r,v,m,1,1,0.9577757313340513
x,f,w,f,n,f,w,b,h,t,e,f,s,w,w,p,w,o,e,k,a,g,0,0,7.250005118933233e-05
b,y,w,t,l,f,c,b,w,e,c,s,s,w,w,p,w,o,p,k,s,g,0,0,0.01195360832036901
f,y,e,t,n,f,c,b,p,t,b,s,s,w,g,p,w,o,p,k,v,d,0,0,0.0017979599720187134
x,s,g,t,f,f,c,b,h,t,b,s,s,w,w,p,w,o,p,h,s,u,1,1,0.9905236505189634
f,y,n,f,y,f,c,n,b,t,,k,s,p,w,p,w,o,e,w,v,d,1,1,0.9994938871551066
x,y,n,f,f,f,c,n,b,t,,s,s,w,p,p,w,o,e,w,v,d,1,1,0.9993751514742535
x,y,e,f,y,f,c,n,b,t,,k,s,p,p,p,w,o,e,w,v,d,1,1,0.9996967809359157
f,s,e,f,f,f,c,n,b,t,,k,s,p,p,p,w,o,e,w,v,d,1,1,0.9999792219470172
x,s,w,t,a,f,w,n,n,t,b,s,s,w,w,p,w,o,p,n,v,d,0,0,0.05238647104816743
f,f,y,f,f,f,c,b,h,e,b,k,k,n,b,p,w,o,l,h,v,p,1,1,0.9995940950370966
f,y,y,f,f,f,c,b,g,e,b,k,k,n,p,p,w,o,l,h,v,p,1,1,0.999793912908416
x,y,y,t,l,f,c,b,w,e,c,s,s,w,w,p,w,o,p,n,n,g,0,0,0.0009819393187841625
s,f,g,f,n,f,c,n,k,e,e,s,s,w,w,p,w,o,p,n,y,u,0,0,0.00630707544070893
f,y,n,f,y,f,c,n,b,t,,s,k,w,p,p,w,o,e,w,v,p,1,1,0.9973472227427858
f,s,b,t,f,f,c,b,w,t,b,f,f,w,w,p,w,o,p,h,s,u,1,1,0.9943063027261936
b,s,w,f,n,f,w,b,p,e,,k,k,w,w,p,w,t,p,w,s,g,0,0,0.05154729025238568
x,f,g,f,f,f,c,b,h,e,b,k,k,p,b,p,w,o,l,h,y,p,1,1,0.998858722838794
k,y,e,f,s,f,c,n,b,t,,s,s,p,p,p,w,o,e,w,v,d,1,1,0.9965377896099633
x,y,n,t,l,f,c,b,w,e,r,s,y,w,w,p,w,o,p,n,s,p,0,0,0.005860118600556642
f,y,g,f,f,f,c,b,g,e,b,k,k,b,n,p,w,o,l,h,y,g,1,1,0.999542038524303
k,y,n,f,f,f,c,n,b,t,,k,s,p,p,p,w,o,e,w,v,p,1,1,0.9999562405660899
x,s,n,f,s,f,c,n,b,t,,s,s,w,p,p,w,o,e,w,v,p,1,1,0.9952399685630794
f,y,g,f,f,f,c,b,h,e,b,k,k,p,b,p,w,o,l,h,v,d,1,1,0.9998714220846645
b,s,y,t,l,f,c,b,g,e,c,s,s,w,w,p,w,o,p,k,s,g,0,0,0.008280991933451928
f,f,e,t,n,f,c,b,u,t,b,s,s,g,g,p,w,o,p,n,y,d,0,0,0.00015887897150883228
f,s,e,f,y,f,c,n,b,t,,k,s,p,p,p,w,o,e,w,v,d,1,1,0.9997797965478732
x,f,g,t,n,f,c,b,n,t,b,s,s,g,p,p,w,o,p,k,v,d,0,0,0.0010771131017512836
f,y,n,t,p,f,c,n,p,e,e,s,s,w,w,p,w,o,p,n,s,g,1,1,0.9835191097482332
x,y,y,f,f,f,c,b,g,e,b,k,k,p,b,p,w,o,l,h,y,d,1,1,0.9989519614007236
b,y,b,t,n,f,c,b,g,e,b,s,s,w,w,p,w,t,p,r,v,g,1,1,0.9339553149217761
f,y,u,f,n,f,c,n,w,e,,s,f,w,w,p,w,o,f,h,y,d,0,0,0.01690060408857113
x,s,g,f,n,f,w,b,k,t,e,s,f,w,w,p,w,o,e,n,s,g,0,0,1.6062092299088226e-05
x,y,e,t,n,f,c,b,u,t,b,s,s,w,g,p,w,o,p,n,v,d,0,0,0.001453510241663874
f,f,n,t,n,f,c,b,w,t,b,s,s,w,g,p,w,o,p,k,y,d,0,0,0.00016754984298200575
x,y,w,f,n,f,c,n,w,e,,s,f,w,w,p,w,o,f,h,y,d,0,0,0.03178787109494955
f,s,n,f,y,f,c,n,b,t,,k,s,w,p,p,w,o,e,w,v,p,1,1,0.9995732921962679
f,y,g,f,f,f,c,b,g,e,b,k,k,b,n,p,w,o,l,h,y,p,1,1,0.9990231815142605
x,f,n,t,n,f,c,b,w,t,b,s,s,w,p,p,w,o,p,n,v,d,0,0,0.0009311178198322896
x,y,p,t,n,f,c,b,e,e,,s,s,e,w,p,w,t,e,w,c,w,0,0,0.011046018952855091
k,s,e,f,s,f,c,n,b,t,,k,s,w,w,p,w,o,e,w,v,l,1,1,0.9997293404551936
x,s,n,f,s,f,c,n,b,t,,s,s,p,w,p,w,o,e,w,v,l,1,1,0.9978506766285663
x,f,n,f,n,f,c,n,n,e,e,s,s,w,w,p,w,o,p,n,v,u,0,0,0.020161332935978136
x,f,w,t,a,f,w,n,n,t,b,s,s,w,w,p,w,o,p,n,v,d,0,0,0.022916034028380362
k,s,n,f,n,a,c,b,o,e,,s,s,o,o,p,o,o,p,o,c,l,0,0,0.004477889540338383
f,y,n,t,a,f,c,b,w,e,r,s,y,w,w,p,w,o,p,k,y,p,0,0,0.0027644566369210938
x,s,n,t,p,f,c,n,w,e,e,s,s,w,w,p,w,o,p,k,v,g,1,1,0.9920932154872278
x,y,y,t,l,f,c,b,k,e,c,s,s,w,w,p,w,o,p,n,s,m,0,0,0.003174627168303614
k,s,e,f,s,f,c,n,b,t,,s,k,p,p,p,w,o,e,w,v,l,1,1,0.9992798987541293
x,s,y,t,l,f,c,b,w,e,c,s,s,w,w,p,w,o,p,n,s,m,0,0,0.004697254379848636
f,s,n,f,n,f,w,b,k,t,e,s,s,w,w,p,w,o,e,k,s,g,0,0,3.5331265436685447e-05
f,y,e,t,n,f,c,b,p,t,b,s,s,p,p,p,w,o,p,n,v,d,0,0,0.004005018451221797
k,y,e,f,f,f,c,n,b,t,,k,s,w,p,p,w,o,e,w,v,p,1,1,0.9999554449579136
f,y,y,f,f,f,c,b,p,e,b,k,k,n,p,p,w,o,l,h,y,d,1,1,0.9983542832174636
k,g,w,t,n,f,w,n,w,e,b,s,s,w,w,p,w,o,p,w,c,l,1,1,0.6044224356546387
f,f,g,f,f,f,c,b,h,e,b,k,k,b,b,p,w,o,l,h,y,d,1,1,0.9989175408495862
x,y,e,t,n,f,c,b,w,t,b,s,s,w,p,p,w,o,p,k,y,d,0,0,0.0008009040014821749
f,f,g,f,n,f,w,b,n,t,e,s,f,w,w,p,w,o,e,n,s,g,0,0,6.8517558014450526e-06
f,f,g,t,n,f,c,b,n,t,b,s,s,p,g,p,w,o,p,n,v,d,0,0,0.0009671468410524194
f,y,n,t,n,f,c,b,n,t,b,s,s,p,p,p,w,o,p,n,y,d,0,0,0.0005112846204268844
f,y,n,t,l,f,c,b,p,e,r,s,y,w,w,p,w,o,p,k,s,g,0,0,0.015086739303732007
k,y,n,f,y,f,c,n,b,t,,k,s,w,w,p,w,o,e,w,v,l,1,1,0.9995204358400737
f,s,e,f,s,f,c,n,b,t,,s,k,p,p,p,w,o,e,w,v,l,1,1,0.9994850566583932
x,s,w,t,p,f,c,n,k,e,e,s,s,w,w,p,w,o,p,k,s,g,1,1,0.9942353078891741
f,y,g,f,f,f,c,b,h,e,b,k,k,b,n,p,w,o,l,h,y,p,1,1,0.9990674028843509
x,f,n,t,n,f,c,b,n,t,b,s,s,p,p,p,w,o,p,k,v,d,0,0,0.0012279441038969298
k,y,y,f,n,f,w,n,w,e,c,y,y,y,y,p,y,o,e,w,c,l,1,1,0.7425933320442498
x,s,g,t,f,f,c,b,h,t,b,f,s,w,w,p,w,o,p,h,v,g,1,1,0.9969450342167444
k,f,g,f,n,f,w,b,p,e,,k,s,w,w,p,w,t,p,w,s,g,0,0,0.005694041099189044
f,y,g,f,f,f,c,b,p,e,b,k,k,p,p,p,w,o,l,h,y,p,1,1,0.9992289853160317
f,y,n,f,y,f,c,n,b,t,,k,s,w,p,p,w,o,e,w,v,p,1,1,0.9994976490495107
x,y,n,f,s,f,c,n,b,t,,k,k,w,p,p,w,o,e,w,v,d,1,1,0.9996305358742114
b,s,y,t,a,f,c,b,w,e,c,s,s,w,w,p,w,o,p,k,s,g,0,0,0.006789810451552434
f,f,g,f,f,f,c,b,h,e,b,k,k,n,b,p,w,o,l,h,y,p,1,1,0.9988122982508902
f,f,e,t,n,f,c,b,u,t,b,s,s,w,w,p,w,o,p,k,v,d,0,0,0.001548695708713263
x,f,w,f,n,f,w,b,h,t,e,s,f,w,w,p,w,o,e,k,s,g,0,0,2.0925008515578576e-05
x,s,n,f,s,f,c,n,b,t,,k,k,w,p,p,w,o,e,w,v,l,1,1,0.9998596944854599
x,y,n,t,n,f,c,b,w,t,b,s,s,p,p,p,w,o,p,k,v,d,0,0,0.0035909492457518784
f,y,y,t,a,f,c,b,w,e,r,s,y,w,w,p,w,o,p,k,s,p,0,0,0.009673359917650864
k,y,e,f,y,f,c,n,b,t,,k,k,p,p,p,w,o,e,w,v,p,1,1,0.9998297685303414
f,y,g,f,f,f,c,b,p,e,b,k,k,n,p,p,w,o,l,h,v,g,1,1,0.9999003398252972
k,y,n,f,f,f,c,n,b,t,,k,k,w,p,p,w,o,e,w,v,p,1,1,0.9999637697857138
x,s,e,t,n,f,c,b,e,e,,s,s,e,w,p,w,t,e,w,c,w,0,0,0.005325298685401684
x,y,n,f,s,f,c,n,b,t,,k,k,p,w,p,w,o,e,w,v,l,1,1,0.9998569979463723
k,s,e,f,s,f,c,n,b,t,,k,s,p,p,p,w,o,e,w,v,d,1,1,0.9996954681254924
f,f,n,f,n,f,w,b,n,t,e,f,s,w,w,p,w,o,e,n,a,g,0,0,1.4738029544346416e-05
b,f,g,f,n,f,w,b,g,e,,s,k,w,w,p,w,t,p,w,s,g,0,0,0.002569419750707284
x,f,w,f,n,f,w,b,w,e,,k,s,w,w,p,w,t,p,w,s,g,0,0,0.011910600297390744
f,y,e,t,n,f,c,b,n,t,b,s,s,g,p,p,w,o,p,k,y,d,0,0,0.000528061554507278
x,s,b,t,f,f,c,b,h,t,b,f,s,w,w,p,w,o,p,h,v,g,1,1,0.9986597851593894
f,y,n,t,n,f,c,b,p,t,b,s,s,w,w,p,w,o,p,n,y,d,0,0,0.0003076139482324396
x,y,y,t,l,f,c,b,n,e,c,s,s,w,w,p,w,o,p,n,s,m,0,0,0.002730256396302725
f,y,e,f,s,f,c,n,b,t,,k,k,w,p,p,w,o,e,w,v,l,1,1,0.9999051104416735
f,s,w,f,n,f,w,b,p,t,e,s,f,w,w,p,w,o,e,k,a,g,0,0,2.606292321886618e-05
x,y,y,f,f,f,c,b,p,e,b,k,k,n,p,p,w,o,l,h,v,g,1,1,0.9998242309737363
x,s,n,f,n,f,w,b,p,t,e,f,s,w,w,p,w,o,e,n,a,g,0,0,3.55197612985103e-05
x,y,b,t,n,f,c,b,e,e,,s,s,e,e,p,w,t,e,w,c,w,0,0,0.006164534257005487
b,s,w,t,l,f,c,b,g,e,c,s,s,w,w,p,w,o,p,k,s,m,0,0,0.02076623933150768
x,s,n,f,s,f,c,n,b,t,,s,k,w,w,p,w,o,e,w,v,l,1,1,0.9982198428573202
k,y,n,f,y,f,c,n,b,t,,k,k,w,p,p,w,o,e,w,v,p,1,1,0.999616093230204
x,f,n,t,n,f,c,b,w,t,b,s,s,w,p,p,w,o,p,k,v,d,0,0,0.0011864053898843717
f,f,n,f,n,f,w,b,k,t,e,s,s,w,w,p,w,o,e,k,a,g,0,0,1.1037705086983648e-05
k,f,c,f,n,f,w,n,w,e,b,s,s,w,n,p,w,o,e,w,v,l,0,0,0.022745863270956058
x,s,w,t,a,f,w,n,n,t,b,s,s,w,w,p,w,o,p,u,v,d,0,0,0.06315065477035876
k,y,e,f,s,f,c,n,b,t,,s,k,p,p,p,w,o,e,w,v,l,1,1,0.999152289410451
x,f,y,f,f,f,c,b,g,e,b,k,k,n,b,p,w,o,l,h,v,g,1,1,0.9997669296745961
x,f,g,t,n,f,c,b,u,t,b,s,s,g,p,p,w,o,p,k,y,d,0,0,0.0003516930657766367
f,s,n,f,y,f,c,n,b,t,,k,k,p,p,p,w,o,e,w,v,p,1,1,0.9998461346613576
f,s,e,f,f,f,c,n,b,t,,k,k,w,w,p,w,o,e,w,v,l,1,1,0.999989911440058
x,y,y,t,a,f,c,b,k,e,c,s,s,w,w,p,w,o,p,n,n,g,0,0,0.0008119609192100992
f,y,y,f,f,f,c,b,g,e,b,k,k,n,b,p,w,o,l,h,v,d,1,1,0.9997528024876818
x,y,n,t,l,f,c,b,n,e,r,s,y,w,w,p,w,o,p,n,s,g,0,0,0.008518543571249843
x,y,y,t,a,f,c,b,n,e,r,s,y,w,w,p,w,o,p,k,s,p,0,0,0.005671283479955071
f,s,g,f,n,f,w,b,n,t,e,f,s,w,w,p,w,o,e,n,a,g,0,0,5.595719525675289e-05
x,y,e,t,n,f,c,b,n,t,b,s,s,w,w,p,w,o,p,k,y,d,0,0,0.0004171068723427946
f,y,n,f,f,f,c,n,b,t,,s,s,w,w,p,w,o,e,w,v,d,1,1,0.9992991999376675
b,s,y,t,l,f,c,b,n,e,c,s,s,w,w,p,w,o,p,k,s,g,0,0,0.004466849490462623
x,f,w,f,n,f,w,b,k,t,e,f,f,w,w,p,w,o,e,k,s,g,0,0,2.4719760114937303e-05
x,f,e,t,n,f,c,b,p,t,b,s,s,p,g,p,w,o,p,n,v,d,0,0,0.0009137922147306258
k,y,e,f,y,f,c,n,b,t,,s,k,p,p,p,w,o,e,w,v,d,1,1,0.9980842065646612
x,f,e,t,n,f,c,b,p,t,b,s,s,w,p,p,w,o,p,n,v,d,0,0,0.0011318104094135539
b,s,n,f,n,a,c,b,o,e,,s,s,o,o,p,n,o,p,o,c,l,0,0,0.006793847356581491
f,y,g,t,n,f,c,b,u,t,b,s,s,w,p,p,w,o,p,k,v,d,0,0,0.004389733793173812
x,s,w,f,n,f,w,b,p,e,,s,k,w,w,p,w,t,p,w,s,g,0,0,0.004366344755043402
k,s,n,f,n,a,c,b,y,e,,s,s,o,o,p,n,o,p,o,v,l,0,0,0.004513106422104929
x,s,y,t,a,f,c,b,n,e,c,s,s,w,w,p,w,o,p,k,s,m,0,0,0.00425666508199135
b,s,w,t,l,f,c,b,n,e,c,s,s,w,w,p,w,o,p,n,n,g,0,0,0.002187583965450659
f,y,n,t,n,f,c,b,w,t,b,s,s,w,p,p,w,o,p,k,y,d,0,0,0.0006294877401858103
x,y,n,t,l,f,c,b,n,e,r,s,y,w,w,p,w,o,p,n,s,p,0,0,0.004009824687324659
x,f,y,f,f,f,c,b,h,e,b,k,k,p,n,p,w,o,l,h,y,g,1,1,0.9983821470153268
x,y,g,t,n,f,c,b,n,t,b,s,s,g,w,p,w,o,p,k,y,d,0,0,0.0003724854991287293
x,s,g,f,n,f,w,b,k,t,e,f,s,w,w,p,w,o,e,n,s,g,0,0,7.557566497747007e-05
x,y,n,f,n,f,c,b,w,e,b,y,y,n,n,p,w,t,p,w,y,p,0,0,0.025339189714001502
x,f,g,f,f,f,c,b,h,e,b,k,k,p,p,p,w,o,l,h,y,p,1,1,0.9988926694218828
x,f,g,f,n,f,w,b,p,t,e,f,f,w,w,p,w,o,e,k,s,g,0,0,1.7675858496795316e-05
x,y,y,f,f,f,c,b,p,e,b,k,k,p,p,p,w,o,l,h,y,g,1,1,0.9993626704024433
x,s,g,f,n,f,w,b,n,t,e,f,s,w,w,p,w,o,e,k,a,g,0,0,6.097254000281201e-05
x,s,e,f,f,f,c,n,b,t,,s,s,p,p,p,w,o,e,w,v,l,1,1,0.999894773609672
x,y,e,t,n,f,c,b,w,t,b,s,s,g,g,p,w,o,p,n,v,d,0,0,0.0012190426724969737
x,s,w,f,c,f,c,n,n,e,b,s,s,w,w,p,w,o,p,k,v,d,1,1,0.9980267561459977
f,f,g,f,n,f,w,b,n,t,e,s,f,w,w,p,w,o,e,k,s,g,0,0,8.732538712530777e-06
x,s,b,t,f,f,c,b,h,t,b,f,s,w,w,p,w,o,p,h,s,g,1,1,0.9982066403384483
x,f,g,t,n,f,c,b,u,t,b,s,s,p,g,p,w,o,p,k,y,d,0,0,0.00034405743922410315
f,s,n,f,f,f,c,n,b,t,,k,s,p,p,p,w,o,e,w,v,l,1,1,0.9999861755801521
x,y,g,t,n,f,c,b,n,t,b,s,s,p,g,p,w,o,p,k,y,d,0,0,0.000478011861565961
x,f,g,t,n,f,c,b,u,t,b,s,s,g,p,p,w,o,p,n,v,d,0,0,0.001217490839741127
x,y,e,f,y,f,c,n,b,t,,k,k,w,p,p,w,o,e,w,v,p,1,1,0.9997842713249137
x,f,n,f,n,f,w,b,h,t,e,s,s,w,w,p,w,o,e,n,a,g,0,0,1.2407494748436928e-05
f,s,n,t,n,f,c,b,e,e,,s,s,w,w,p,w,t,e,w,c,w,0,0,0.0064103410859774855
x,y,g,f,f,f,c,b,p,e,b,k,k,n,b,p,w,o,l,h,v,g,1,1,0.9998798565017436
x,y,y,f,f,f,c,b,h,e,b,k,k,n,p,p,w,o,l,h,v,d,1,1,0.999732190205443
f,y,n,t,p,f,c,n,w,e,e,s,s,w,w,p,w,o,p,k,v,u,1,1,0.9906377695811324
f,f,g,f,f,f,c,b,p,e,b,k,k,b,p,p,w,o,l,h,y,g,1,1,0.9993105073414695
f,f,w,t,l,f,w,n,w,t,b,s,s,w,w,p,w,o,p,n,v,d,0,0,0.03716421741976061
k,y,n,f,y,f,c,n,b,t,,s,s,p,p,p,w,o,e,w,v,d,1,1,0.9947976560878832
f,f,y,f,f,f,c,b,g,e,b,k,k,b,n,p,w,o,l,h,v,p,1,1,0.9993319698566121
x,s,e,f,y,f,c,n,b,t,,s,k,p,p,p,w,o,e,w,v,d,1,1,0.998638505288566
x,y,n,t,n,f,c,b,n,t,b,s,s,p,p,p,w,o,p,k,y,d,0,0,0.0005570874233306398
f,y,n,t,p,f,c,n,w,e,e,s,s,w,w,p,w,o,p,k,s,g,1,1,0.9893745140805877
f,s,w,t,a,f,w,n,w,t,b,s,s,w,w,p,w,o,p,u,v,d,0,0,0.10349264109776152
x,s,w,t,p,f,c,n,k,e,e,s,s,w,w,p,w,o,p,n,v,g,1,1,0.9945103378726855
x,y,n,f,f,f,c,n,b,t,,s,s,p,w,p,w,o,e,w,v,p,1,1,0.9995351413735187
x,f,n,t,n,f,c,b,n,t,b,s,s,g,w,p,w,o,p,n,v,d,0,0,0.00040017562830671694
x,f,y,f,f,f,c,b,g,e,b,k,k,p,p,p,w,o,l,h,y,g,1,1,0.9991801664202468
x,s,e,f,f,f,c,n,b,t,,s,k,w,p,p,w,o,e,w,v,d,1,1,0.9998051191160238
f,f,e,t,n,f,c,b,u,t,b,s,s,p,w,p,w,o,p,n,v,d,0,0,0.0018409907408671118
x,f,p,f,c,f,w,n,g,e,b,s,s,w,w,p,w,o,p,n,v,d,1,1,0.97817232562414
x,s,y,t,a,f,c,b,w,e,c,s,s,w,w,p,w,o,p,n,n,g,0,0,0.0012027641223204069
x,y,n,t,n,f,c,b,w,t,b,s,s,w,w,p,w,o,p,n,y,d,0,0,0.0003219668650546425
b,s,w,t,l,f,c,b,k,e,c,s,s,w,w,p,w,o,p,k,s,g,0,0,0.011190209789867532
f,f,e,t,n,f,c,b,n,t,b,s,s,g,w,p,w,o,p,n,v,d,0,0,0.0006964780498680907
f,f,y,f,f,f,c,b,g,e,b,k,k,b,b,p,w,o,l,h,v,d,1,1,0.9996125374243998
x,y,w,t,a,f,c,b,w,e,c,s,s,w,w,p,w,o,p,n,n,m,0,0,0.002590864604312649
x,f,n,t,n,f,c,b,n,t,b,s,s,w,p,p,w,o,p,n,y,d,0,0,0.00014412534734891622
b,f,g,f,n,f,w,b,w,e,,k,s,w,w,p,w,t,p,w,s,g,0,0,0.010611786647368367
k,y,e,f,s,f,c,n,b,t,,k,s,p,p,p,w,o,e,w,v,p,1,1,0.9996919237956711
k,y,e,f,s,f,c,n,b,t,,s,s,w,w,p,w,o,e,w,v,p,1,1,0.9940997484730875
x,f,e,t,n,f,c,b,p,t,b,s,s,g,w,p,w,o,p,k,y,d,0,0,0.00020563726462507004
x,f,n,t,n,f,c,b,w,t,b,s,s,w,w,p,w,o,p,k,y,d,0,0,0.0002049890419287647
x,f,y,f,f,f,c,b,h,e,b,k,k,p,b,p,w,o,l,h,v,p,1,1,0.999609972881306
f,y,n,t,n,f,c,b,u,t,b,s,s,w,w,p,w,o,p,k,v,d,0,0,0.0020819881771635576
f,y,w,t,p,f,c,n,p,e,e,s,s,w,w,p,w,o,p,k,s,u,1,1,0.9933568532383609
x,s,e,f,f,f,c,n,b,t,,k,s,w,p,p,w,o,e,w,v,l,1,1,0.9999835361951329
x,s,n,f,f,f,c,n,b,t,,k,k,w,p,p,w,o,e,w,v,l,1,1,0.9999866124232076
x,y,e,t,n,f,c,b,w,t,b,s,s,g,w,p,w,o,p,n,v,d,0,0,0.0017436228994171428
f,y,g,t,n,f,c,b,n,t,b,s,s,p,w,p,w,o,p,n,v,d,0,0,0.002765937595458952
k,s,w,f,n,f,w,b,p,e,,k,k,w,w,p,w,t,p,w,s,g,0,0,0.03430666438187431
b,s,y,t,l,f,c,b,k,e,c,s,s,w,w,p,w,o,p,n,n,g,0,0,0.001174873526830163
f,f,y,f,f,f,c,b,h,e,b,k,k,b,b,p,w,o,l,h,y,p,1,1,0.9985978813233195
x,y,g,f,f,f,c,b,p,e,b,k,k,b,p,p,w,o,l,h,v,p,1,1,0.9998052284690746
b,f,n,f,n,f,c,n,w,e,,k,y,w,y,p,w,o,e,w,v,d,1,1,0.975643930881197
f,y,e,f,y,f,c,n,b,t,,s,k,w,p,p,w,o,e,w,v,p,1,1,0.9982161744215893
x,s,n,f,f,f,c,n,b,t,,s,s,p,p,p,w,o,e,w,v,p,1,1,0.9996989967038171
x,s,g,t,f,f,c,b,p,t,b,f,f,w,w,p,w,o,p,h,v,u,1,1,0.9862069694752057
f,y,y,f,f,f,c,b,g,e,b,k,k,p,b,p,w,o,l,h,y,p,1,1,0.9992298832237174
x,y,g,f,f,f,c,b,h,e,b,k,k,n,p,p,w,o,l,h,v,p,1,1,0.9998473843409779
x,f,n,t,n,f,c,b,n,t,b,s,s,p,g,p,w,o,p,k,y,d,0,0,0.00014827127261297313
x,f,g,f,f,f,c,b,g,e,b,k,k,p,b,p,w,o,l,h,v,d,1,1,0.9996846781773483
x,y,y,t,l,f,c,b,w,e,c,s,s,w,w,p,w,o,p,k,s,m,0,0,0.005082831978264326
f,s,e,f,y,f,c,n,b,t,,k,k,w,w,p,w,o,e,w,v,d,1,1,0.9997608209480323
x,f,g,t,n,f,c,b,n,t,b,s,s,w,p,p,w,o,p,n,v,d,0,0,0.0010243058367394049
k,y,e,f,f,f,c,n,b,t,,k,k,w,p,p,w,o,e,w,v,l,1,1,0.9999873366235642
f,y,e,t,n,f,c,b,p,t,b,s,s,p,w,p,w,o,p,k,v,d,0,0,0.003891188687403923
b,s,w,f,n,f,w,b,g,e,,k,k,w,w,p,w,t,p,w,n,g,0,0,0.023714264015924434
x,y,n,t,n,f,c,b,p,t,b,s,s,g,g,p,w,o,p,n,y,d,0,0,0.000151658997149952
x,y,e,t,n,f,c,b,e,e,,s,s,w,w,p,w,t,e,w,c,w,0,0,0.0069249132702064575
f,f,y,f,f,f,c,b,h,e,b,k,k,b,n,p,w,o,l,h,v,g,1,1,0.9997010442048327
f,f,g,t,n,f,c,b,u,t,b,s,s,p,w,p,w,o,p,k,y,d,0,0,0.0005757726382730967
x,f,w,f,c,f,w,n,n,e,b,s,s,w,w,p,w,o,p,n,s,d,1,1,0.9193237977193293
k,s,n,f,n,a,c,b,n,e,,s,s,o,o,p,n,o,p,o,c,l,0,0,0.0030264876061110407
f,s,b,t,f,f,c,b,p,t,b,f,f,w,w,p,w,o,p,h,v,u,1,1,0.9947906192185307
x,y,g,t,n,f,c,b,u,t,b,s,s,p,g,p,w,o,p,k,v,d,0,0,0.003033537882231255
x,y,y,t,l,f,c,b,k,e,c,s,s,w,w,p,w,o,p,n,s,g,0,0,0.002711525639293708
x,f,n,f,n,f,w,b,p,t,e,f,s,w,w,p,w,o,e,n,s,g,0,0,2.0464771301107594e-05
f,s,w,t,a,f,w,n,p,t,b,s,s,w,w,p,w,o,p,u,v,d,0,0,0.08616902207338714
x,s,g,f,n,f,w,b,h,t,e,f,f,w,w,p,w,o,e,k,a,g,0,0,5.000403595392501e-05
x,y,g,f,f,f,c,b,p,e,b,k,k,p,p,p,w,o,l,h,y,p,1,1,0.9990982943804045
f,y,g,f,f,f,c,b,p,e,b,k,k,n,b,p,w,o,l,h,v,p,1,1,0.9997808160533843
k,s,n,f,s,f,c,n,b,t,,k,s,p,w,p,w,o,e,w,v,l,1,1,0.9997341724812623
f,y,e,f,f,f,c,n,b,t,,s,k,w,p,p,w,o,e,w,v,d,1,1,0.9998038360218713
f,f,e,t,n,f,c,b,n,t,b,s,s,g,p,p,w,o,p,k,y,d,0,0,0.00026383264944078807
f,y,g,t,n,f,c,b,p,t,b,s,s,w,g,p,w,o,p,n,v,d,0,0,0.0015271645662107002
f,f,g,t,n,f,c,b,n,t,b,s,s,g,p,p,w,o,p,n,v,d,0,0,0.000988596942732156
f,f,y,f,f,f,c,b,h,e,b,k,k,p,p,p,w,o,l,h,y,p,1,1,0.9985728352531336
k,y,n,f,s,f,c,n,b,t,,k,k,w,p,p,w,o,e,w,v,p,1,1,0.9996203795243627
f,y,n,f,y,f,c,n,b,t,,s,k,p,w,p,w,o,e,w,v,l,1,1,0.998803566182009
f,f,g,f,f,f,c,b,h,e,b,k,k,b,n,p,w,o,l,h,y,p,1,1,0.9981346547620431
f,y,e,t,n,f,c,b,p,t,b,s,s,p,p,p,w,o,p,k,y,d,0,0,0.0011592188470172327
f,s,n,t,p,f,c,n,n,e,e,s,s,w,w,p,w,o,p,k,v,g,1,1,0.9901220730289934
x,y,e,f,f,f,c,n,b,t,,k,s,p,p,p,w,o,e,w,v,l,1,1,0.999987209450941
f,f,y,f,f,f,c,b,h,e,b,k,k,n,p,p,w,o,l,h,v,d,1,1,0.9995416939696629
x,f,e,t,n,f,c,b,p,t,b,s,s,p,w,p,w,o,p,n,y,d,0,0,0.0002963192963208096
x,f,y,f,f,f,c,b,h,e,b,k,k,n,p,p,w,o,l,h,v,d,1,1,0.9994639803174982
k,s,e,f,y,f,c,n,b,t,,s,k,p,p,p,w,o,e,w,v,d,1,1,0.9983723368670594
f,y,n,f,s,f,c,n,b,t,,s,k,w,w,p,w,o,e,w,v,d,1,1,0.9960002785038388
x,f,g,t,n,f,c,b,p,t,b,s,s,w,p,p,w,o,p,k,v,d,0,0,0.0015604656389336092
x,s,g,t,f,f,c,b,h,t,b,f,s,w,w,p,w,o,p,h,s,g,1,1,0.9959144807207382
x,s,e,f,y,f,c,n,b,t,,k,s,w,w,p,w,o,e,w,v,d,1,1,0.9994880591806132
x,s,n,f,n,f,w,b,k,t,e,s,f,w,w,p,w,o,e,n,a,g,0,0,7.342452881110957e-06
x,y,y,t,l,f,c,b,g,e,c,s,s,w,w,p,w,o,p,k,s,m,0,0,0.006451599656361114
x,f,n,f,n,f,c,n,n,e,e,s,s,w,w,p,w,o,p,k,v,u,0,0,0.025554172844605462
f,y,g,t,n,f,c,b,p,t,b,s,s,w,p,p,w,o,p,k,y,d,0,0,0.0008281037098852368
f,s,e,f,y,f,c,n,b,t,,k,k,w,w,p,w,o,e,w,v,p,1,1,0.9997944794798377
k,y,e,f,s,f,c,n,b,t,,k,k,w,w,p,w,o,e,w,v,d,1,1,0.9996105850251515
x,y,e,t,n,f,c,b,w,t,b,s,s,w,p,p,w,o,p,n,y,d,0,0,0.0006285154013181473
b,s,y,t,a,f,c,b,n,e,c,s,s,w,w,p,w,o,p,k,n,m,0,0,0.0015683379508516174
f,s,e,f,s,f,c,n,b,t,,k,k,w,p,p,w,o,e,w,v,d,1,1,0.9998197150819742
x,f,e,t,n,f,c,b,u,t,b,s,s,w,p,p,w,o,p,n,v,d,0,0,0.001363200388813761
k,s,n,f,n,a,c,b,n,e,,s,s,o,o,p,o,o,p,o,v,l,0,0,0.0019687219123034343
k,s,e,f,y,f,c,n,b,t,,s,s,w,w,p,w,o,e,w,v,l,1,1,0.9973548290246155
x,y,w,t,l,f,c,b,g,e,c,s,s,w,w,p,w,o,p,n,n,m,0,0,0.0031628081520404857
x,y,n,f,y,f,c,n,b,t,,s,k,p,w,p,w,o,e,w,v,d,1,1,0.996875388866606
f,f,e,t,n,f,c,b,u,t,b,s,s,p,g,p,w,o,p,k,v,d,0,0,0.0016398976154026752
f,y,n,f,n,f,c,b,w,e,b,y,y,n,n,p,w,t,p,w,y,d,0,0,0.0254632481912353
k,y,n,f,s,f,c,n,b,t,,k,s,w,w,p,w,o,e,w,v,p,1,1,0.9990888578140417
f,y,g,f,f,f,c,b,g,e,b,k,k,n,n,p,w,o,l,h,y,p,1,1,0.9987528446840801
x,s,n,f,s,f,c,n,b,t,,k,k,p,w,p,w,o,e,w,v,d,1,1,0.999728315763851
f,f,g,t,n,f,c,b,n,t,b,s,s,g,g,p,w,o,p,k,v,d,0,0,0.0006713105849931073
k,s,n,f,f,f,c,n,b,t,,s,s,w,p,p,w,o,e,w,v,p,1,1,0.9994546421757812
x,y,n,t,n,f,c,b,u,t,b,s,s,g,w,p,w,o,p,n,v,d,0,0,0.00115345043475499
x,y,n,t,n,f,c,b,w,t,b,s,s,g,w,p,w,o,p,n,y,d,0,0,0.00026567506303234453
x,f,g,f,c,f,w,n,g,e,b,s,s,w,w,p,w,o,p,n,v,d,1,1,0.9517958178664205
x,s,n,f,y,f,c,n,b,t,,k,k,w,w,p,w,o,e,w,v,l,1,1,0.999813858093728
x,s,n,f,n,f,w,b,n,t,e,s,s,w,w,p,w,o,e,n,s,g,0,0,2.037438182063978e-05
x,y,n,t,a,f,c,b,n,e,r,s,y,w,w,p,w,o,p,k,y,g,0,0,0.0034425265176335554
f,y,n,t,n,f,c,b,w,t,b,s,s,g,p,p,w,o,p,n,y,d,0,0,0.00040762365546729234
f,s,e,f,y,f,c,n,b,t,,s,s,p,w,p,w,o,e,w,v,d,1,1,0.9972087270881391
k,s,n,f,s,f,c,n,b,t,,k,s,w,w,p,w,o,e,w,v,l,1,1,0.9995971971291706
f,y,y,f,f,f,c,b,g,e,b,k,k,n,n,p,w,o,l,h,v,g,1,1,0.999800224380933
x,s,w,t,l,f,c,b,g,e,c,s,s,w,w,p,w,o,p,k,s,g,0,0,0.01395408370874694
x,y,e,t,n,f,c,b,p,t,b,s,s,g,w,p,w,o,p,k,v,d,0,0,0.0018150584774116604
x,s,p,f,c,f,w,n,u,e,b,s,s,w,w,p,w,o,p,n,v,d,1,1,0.9879197290307679
x,y,n,f,s,f,c,n,b,t,,s,k,p,w,p,w,o,e,w,v,l,1,1,0.9986164710536023
f,s,w,f,n,f,w,b,n,t,e,f,f,w,w,p,w,o,e,k,a,g,0,0,4.31401858199715e-05
x,f,n,t,n,f,c,b,w,t,b,s,s,p,g,p,w,o,p,n,y,d,0,0,0.00017033211956243394
x,f,n,t,n,f,c,b,u,t,b,s,s,p,p,p,w,o,p,n,v,d,0,0,0.0013879519955197215
f,y,e,t,n,f,c,b,u,t,b,s,s,w,p,p,w,o,p,n,v,d,0,0,0.0031863673776293087
f,y,e,f,y,f,c,n,b,t,,s,s,w,p,p,w,o,e,w,v,l,1,1,0.9983012065894785
x,s,w,f,n,f,w,b,k,t,e,f,f,w,w,p,w,o,e,n,a,g,0,0,3.366437751629865e-05
f,s,w,f,n,f,w,b,n,t,e,f,f,w,w,p,w,o,e,n,s,g,0,0,4.596761393096502e-05
b,s,w,t,l,f,c,b,n,e,c,s,s,w,w,p,w,o,p,n,s,g,0,0,0.00757531530414672
f,y,n,f,s,f,c,n,b,t,,k,k,w,w,p,w,o,e,w,v,l,1,1,0.9998147248785453
x,s,n,f,n,a,c,b,y,e,,s,s,o,o,p,n,o,p,o,v,l,0,0,0.005392079391010642
k,s,e,f,s,f,c,n,b,t,,s,s,p,w,p,w,o,e,w,v,d,1,1,0.9961435878742121
f,y,e,t,n,f,c,b,n,t,b,s,s,p,p,p,w,o,p,k,v,d,0,0,0.004266890761825711
x,y,y,f,f,f,c,b,p,e,b,k,k,p,b,p,w,o,l,h,v,d,1,1,0.9996304405095567
x,y,n,f,f,f,c,n,b,t,,k,s,w,p,p,w,o,e,w,v,d,1,1,0.9999354593951902
f,f,g,f,n,f,w,b,h,t,e,f,f,w,w,p,w,o,e,k,a,g,0,0,2.481387628915893e-05
k,y,w,t,n,f,w,n,w,e,b,s,s,w,w,p,w,o,p,w,c,l,1,0,0.38756755974339624
x,s,w,f,n,f,w,b,n,t,e,f,f,w,w,p,w,o,e,n,s,g,0,0,3.930030528227427e-05
x,s,n,f,f,f,c,n,b,t,,k,s,p,w,p,w,o,e,w,v,d,1,1,0.999952544108465
f,s,g,t,f,f,c,b,h,t,b,f,f,w,w,p,w,o,p,h,v,u,1,1,0.9927173505130352
x,s,n,f,f,f,c,n,b,t,,k,k,p,w,p,w,o,e,w,v,d,1,1,0.9999740735355032
x,f,g,t,n,f,c,b,n,t,b,s,s,g,g,p,w,o,p,k,v,d,0,0,0.0005739933393292954
b,s,w,t,l,f,c,b,k,e,c,s,s,w,w,p,w,o,p,n,n,m,0,0,0.002978406534985507
f,s,n,t,p,f,c,n,p,e,e,s,s,w,w,p,w,o,p,n,v,g,1,1,0.9894802503600981
f,y,y,f,f,f,c,b,g,e,b,k,k,b,n,p,w,o,l,h,y,d,1,1,0.9982869458365906
f,s,n,t,p,f,c,n,w,e,e,s,s,w,w,p,w,o,p,n,s,g,1,1,0.9885079319137484
k,y,e,f,f,f,c,n,b,t,,k,k,p,p,p,w,o,e,w,v,l,1,1,0.9999916439840445
f,f,e,t,n,f,c,b,p,t,b,s,s,p,p,p,w,o,p,k,y,d,0,0,0.0005793575532743333
f,f,e,t,n,f,c,b,w,t,b,s,s,p,w,p,w,o,p,n,v,d,0,0,0.0018707783382110388
x,s,w,t,f,f,c,b,p,t,b,s,s,w,w,p,w,o,p,h,s,g,1,1,0.990877862630726
f,y,e,t,n,f,c,b,u,t,b,s,s,p,w,p,w,o,p,n,y,d,0,0,0.0008354914665869977
f,f,w,f,n,f,w,b,n,t,e,f,s,w,w,p,w,o,e,n,a,g,0,0,3.413400850143296e-05
f,s,n,f,f,f,c,n,b,t,,s,k,w,w,p,w,o,e,w,v,l,1,1,0.9998545605740413
x,y,e,t,n,f,c,b,n,t,b,s,s,p,w,p,w,o,p,k,y,d,0,0,0.0006319840295459856
f,s,b,t,f,f,c,b,w,t,b,s,s,w,w,p,w,o,p,h,s,u,1,1,0.9952535237319414
f,s,n,f,n,a,c,b,n,e,,s,s,o,o,p,n,o,p,y,c,l,0,0,0.0041713358532660515
x,y,n,t,n,f,c,b,n,t,b,s,s,w,g,p,w,o,p,k,v,d,0,0,0.0008643352418358312
x,y,c,f,m,a,c,b,w,e,c,k,y,c,c,p,w,n,n,w,c,d,1,1,0.9616849229786577
x,f,y,f,f,f,c,b,h,e,b,k,k,p,p,p,w,o,l,h,v,p,1,1,0.9996215824622329
f,s,n,f,n,a,c,b,o,e,,s,s,o,o,p,o,o,p,b,v,l,0,0,0.00402724720031187
f,s,n,f,s,f,c,n,b,t,,k,k,p,p,p,w,o,e,w,v,d,1,1,0.999822933955222
x,s,e,f,y,f,c,n,b,t,,s,s,p,w,p,w,o,e,w,v,d,1,1,0.9967367103980977
f,f,g,t,n,f,c,b,u,t,b,s,s,w,g,p,w,o,p,n,y,d,0,0,0.0002083805778930192
x,y,n,t,n,f,c,b,p,t,b,s,s,g,w,p,w,o,p,n,v,d,0,0,0.0009576293246746115
x,f,p,f,c,f,c,n,p,e,b,s,s,w,w,p,w,o,p,n,s,d,1,1,0.9958057128760535
s,f,g,f,n,f,c,n,k,e,e,s,s,w,w,p,w,o,p,n,v,u,0,0,0.02726393329157873
k,s,e,f,f,f,c,n,b,t,,k,k,p,w,p,w,o,e,w,v,p,1,1,0.9999821021059988
k,y,c,f,n,f,w,n,w,e,b,s,s,w,n,p,w,o,e,w,v,l,0,0,0.04452315025578305
x,y,n,t,p,f,c,n,k,e,e,s,s,w,w,p,w,o,p,k,v,g,1,1,0.9883275092043844
b,f,w,f,n,f,w,b,p,e,,s,k,w,w,p,w,t,p,w,n,g,0,0,0.0006831885251419079
f,f,g,f,f,f,c,b,g,e,b,k,k,p,p,p,w,o,l,h,y,p,1,1,0.9990082376241223
x,y,n,f,y,f,c,n,b,t,,s,k,w,p,p,w,o,e,w,v,p,1,1,0.9968985534453016
x,y,y,f,f,f,c,b,h,e,b,k,k,n,b,p,w,o,l,h,v,d,1,1,0.9997239730543979
x,f,g,f,c,f,c,n,u,e,b,s,s,w,w,p,w,o,p,k,s,d,1,1,0.9938125633769256
x,y,g,t,n,f,c,b,u,t,b,s,s,w,p,p,w,o,p,k,y,d,0,0,0.0008529069449437602
x,f,n,f,n,f,w,b,p,t,e,s,f,w,w,p,w,o,e,k,a,g,0,0,4.0816628212800434e-06
x,y,n,f,s,f,c,n,b,t,,k,k,p,w,p,w,o,e,w,v,p,1,1,0.9997251536300026
f,f,g,f,n,f,w,b,k,t,e,f,f,w,w,p,w,o,e,k,a,g,0,0,1.480794035146734e-05
x,y,g,t,n,f,c,b,u,t,b,s,s,g,p,p,w,o,p,k,y,d,0,0,0.0007038523965374695
x,y,g,t,n,f,c,b,n,t,b,s,s,g,p,p,w,o,p,n,v,d,0,0,0.0016909303186889858
f,y,y,f,f,f,c,b,g,e,b,k,k,p,b,p,w,o,l,h,v,p,1,1,0.99982549908214
x,s,b,t,f,f,c,b,w,t,b,f,f,w,w,p,w,o,p,h,s,g,1,1,0.994346667979389
x,s,n,f,n,f,w,b,h,t,e,s,f,w,w,p,w,o,e,n,a,g,0,0,1.2303914807361066e-05
x,y,y,t,l,f,c,b,p,e,r,s,y,w,w,p,w,o,p,n,s,g,0,0,0.010857186006565156
x,s,n,f,n,f,w,b,p,t,e,f,s,w,w,p,w,o,e,k,a,g,0,0,4.52694548257456e-05
b,y,n,f,n,f,c,b,w,e,b,y,y,n,n,p,w,t,p,w,y,d,0,0,0.0277846969033354
x,s,n,f,n,a,c,b,n,e,,s,s,o,o,p,o,o,p,b,c,l,0,0,0.0036204996887575194
k,y,n,f,f,f,c,n,b,t,,s,s,p,w,p,w,o,e,w,v,l,1,1,0.9997107612151456
f,y,g,t,n,f,c,b,n,t,b,s,s,g,p,p,w,o,p,k,v,d,0,0,0.0025186271576435044
x,s,w,f,c,f,c,n,g,e,b,s,s,w,w,p,w,o,p,n,s,d,1,1,0.9981906046812807
f,y,g,f,f,f,c,b,p,e,b,k,k,n,b,p,w,o,l,h,y,p,1,1,0.9990328332259895
f,y,y,t,a,f,c,b,n,e,r,s,y,w,w,p,w,o,p,n,s,g,0,0,0.011047316135671625
x,y,w,t,a,f,c,b,k,e,c,s,s,w,w,p,w,o,p,k,s,g,0,0,0.007757637402217881
f,f,g,t,n,f,c,b,w,t,b,s,s,p,p,p,w,o,p,k,v,d,0,0,0.003380207275894091
x,s,y,t,l,f,c,b,w,e,c,s,s,w,w,p,w,o,p,n,n,m,0,0,0.0013536714187720564
x,s,g,f,n,f,w,b,p,t,e,s,s,w,w,p,w,o,e,k,s,g,0,0,5.002457141372808e-05
f,y,e,f,f,f,c,n,b,t,,k,k,p,w,p,w,o,e,w,v,d,1,1,0.999982466407826
k,s,n,f,y,f,c,n,b,t,,k,k,p,w,p,w,o,e,w,v,p,1,1,0.9997176943333772
f,f,e,t,n,f,c,b,n,t,b,s,s,p,p,p,w,o,p,k,v,d,0,0,0.0021358423327698197
b,s,w,t,l,f,c,b,g,e,c,s,s,w,w,p,w,o,p,n,n,g,0,0,0.004063456613384386
x,s,p,f,c,f,c,n,n,e,b,s,s,w,w,p,w,o,p,k,s,d,1,1,0.9983260040507627
f,y,e,t,n,f,c,b,p,t,b,s,s,g,w,p,w,o,p,k,y,d,0,0,0.00048140628374515506
x,y,g,f,f,f,c,b,g,e,b,k,k,b,n,p,w,o,l,h,v,g,1,1,0.9998786565190592
x,y,w,t,a,f,c,b,n,e,c,s,s,w,w,p,w,o,p,k,n,g,0,0,0.0019266551426192241
f,y,e,f,m,a,c,b,y,e,c,k,y,c,c,p,w,n,n,w,c,d,1,1,0.9881223370558815
k,s,n,f,n,a,c,b,y,e,,s,s,o,o,p,o,o,p,o,v,l,0,0,0.004540051721795104
b,s,w,t,n,f,c,b,r,e,b,s,s,w,w,p,w,t,p,r,v,g,1,1,0.9549165812219711
x,s,e,f,f,f,c,n,b,t,,s,k,p,w,p,w,o,e,w,v,p,1,1,0.9998550335356929
f,s,e,f,s,f,c,n,b,t,,s,s,w,p,p,w,o,e,w,v,p,1,1,0.9972602875340852
f,y,n,t,n,f,c,b,n,t,b,s,s,g,p,p,w,o,p,k,v,d,0,0,0.0015650375785572494
x,y,n,t,n,f,c,b,p,t,b,s,s,g,p,p,w,o,p,n,v,d,0,0,0.0012559693696135585
x,y,e,f,m,a,c,b,y,e,c,k,y,c,c,p,w,n,n,w,c,d,1,1,0.9861351349905756
f,y,e,f,y,f,c,n,b,t,,s,k,w,p,p,w,o,e,w,v,l,1,1,0.9990712063774767
x,s,n,f,n,f,w,b,n,t,e,f,s,w,w,p,w,o,e,n,s,g,0,0,4.033298186547186e-05
x,s,e,f,f,f,c,n,b,t,,k,s,p,p,p,w,o,e,w,v,l,1,1,0.9999891362311863
x,y,n,t,p,f,c,n,k,e,e,s,s,w,w,p,w,o,p,k,v,u,1,1,0.9862776562490249
x,f,w,f,n,f,w,b,k,t,e,f,s,w,w,p,w,o,e,n,a,g,0,0,3.394777342590869e-05
x,f,g,t,n,f,c,b,w,t,b,s,s,p,w,p,w,o,p,k,y,d,0,0,0.0005002747511667745
f,y,e,t,n,f,c,b,u,t,b,s,s,g,g,p,w,o,p,k,v,d,0,0,0.0017872547897024107
x,s,e,f,s,f,c,n,b,t,,k,k,w,p,p,w,o,e,w,v,l,1,1,0.999905731169754
f,y,n,f,s,f,c,n,b,t,,k,s,p,w,p,w,o,e,w,v,l,1,1,0.9997762286680127
x,y,y,f,f,f,c,b,g,e,b,k,k,p,b,p,w,o,l,h,v,g,1,1,0.9999043509907372
x,y,y,f,f,f,c,b,h,e,b,k,k,p,n,p,w,o,l,h,y,p,1,1,0.9982756225833428
x,y,g,t,n,f,c,b,p,t,b,s,s,w,w,p,w,o,p,k,y,d,0,0,0.0005398085582620387
x,s,e,f,s,f,c,n,b,t,,k,k,w,p,p,w,o,e,w,v,d,1,1,0.999789134734927
x,y,w,t,a,f,c,b,g,e,c,s,s,w,w,p,w,o,p,n,n,g,0,0,0.0028107859385828144
x,f,g,f,n,f,w,b,n,t,e,f,s,w,w,p,w,o,e,n,s,g,0,0,2.7563835890793825e-05
f,y,g,t,n,f,c,b,w,t,b,s,s,p,p,p,w,o,p,n,y,d,0,0,0.0012050466220377934
x,f,p,f,c,f,w,n,u,e,b,s,s,w,w,p,w,o,p,k,v,d,1,1,0.9778851634657993
x,s,w,t,f,f,c,b,p,t,b,f,s,w,w,p,w,o,p,h,v,g,1,1,0.9965382490932103
f,f,w,f,n,f,w,b,h,t,e,s,s,w,w,p,w,o,e,n,s,g,0,0,4.5645243559905094e-05
f,s,n,t,p,f,c,n,k,e,e,s,s,w,w,p,w,o,p,n,s,u,1,1,0.983053985747105
x,s,g,f,c,f,c,n,g,e,b,s,s,w,w,p,w,o,p,n,s,d,1,1,0.9974004884200861
k,y,n,f,f,f,c,n,b,t,,s,k,w,w,p,w,o,e,w,v,d,1,1,0.999464409326979
x,s,b,t,f,f,c,b,w,t,b,f,f,w,w,p,w,o,p,h,v,u,1,1,0.9950217625069865
f,f,y,f,f,f,c,b,h,e,b,k,k,n,n,p,w,o,l,h,v,p,1,1,0.9991856377291725
k,y,e,f,f,f,c,n,b,t,,k,k,p,p,p,w,o,e,w,v,p,1,1,0.9999839379521199
x,y,y,t,l,f,c,b,k,e,c,s,s,w,w,p,w,o,p,k,s,g,0,0,0.003453266103732594
b,f,w,f,n,f,w,b,g,e,,k,s,w,w,p,w,t,p,w,n,g,0,0,0.005598324202543106
f,y,n,f,s,f,c,n,b,t,,k,s,p,p,p,w,o,e,w,v,p,1,1,0.9996721668090024
x,y,g,f,f,f,c,b,h,e,b,k,k,b,b,p,w,o,l,h,v,g,1,1,0.9999422789430688
x,f,n,t,n,f,c,b,n,t,b,s,s,g,p,p,w,o,p,n,y,d,0,0,0.00011892316872229456
k,s,n,f,s,f,c,n,b,t,,s,k,w,w,p,w,o,e,w,v,d,1,1,0.995251930354512
x,s,e,f,f,f,c,n,b,t,,k,k,p,p,p,w,o,e,w,v,l,1,1,0.9999940649215215
k,s,n,f,y,f,c,n,b,t,,s,s,w,w,p,w,o,e,w,v,p,1,1,0.9924690003871408
f,y,n,t,n,f,c,b,u,t,b,s,s,p,g,p,w,o,p,n,y,d,0,0,0.00039241547688235665
f,s,n,t,p,f,c,n,p,e,e,s,s,w,w,p,w,o,p,k,s,u,1,1,0.9870150844801296
x,y,g,f,f,f,c,b,g,e,b,k,k,n,n,p,w,o,l,h,y,g,1,1,0.9993160664734535
k,s,e,f,y,f,c,n,b,t,,k,k,p,w,p,w,o,e,w,v,p,1,1,0.9998103149028881
f,f,y,f,f,f,c,b,p,e,b,k,k,p,n,p,w,o,l,h,y,d,1,1,0.9944227991806298
x,s,w,t,a,f,w,n,w,t,b,s,s,w,w,p,w,o,p,u,v,d,0,0,0.08982958497485428
x,s,n,f,f,f,c,n,b,t,,k,k,w,p,p,w,o,e,w,v,p,1,1,0.999974266336638
f,y,n,f,y,f,c,n,b,t,,k,k,w,p,p,w,o,e,w,v,p,1,1,0.9997254951453239
f,y,e,f,y,f,c,n,b,t,,k,s,w,w,p,w,o,e,w,v,l,1,1,0.9997695880100494
f,f,e,t,n,f,c,b,w,t,b,s,s,g,w,p,w,o,p,n,v,d,0,0,0.0010194258386378148
x,y,e,t,n,f,c,b,p,t,b,s,s,w,g,p,w,o,p,n,v,d,0,0,0.0012068095696575092
x,s,n,t,p,f,c,n,w,e,e,s,s,w,w,p,w,o,p,k,s,g,1,1,0.9894432943098522
x,f,y,f,f,f,c,b,h,e,b,k,k,n,b,p,w,o,l,h,y,g,1,1,0.9990181610948463
b,y,y,t,a,f,c,b,w,e,c,s,s,w,w,p,w,o,p,k,n,m,0,0,0.0019496328521200386
x,y,g,f,f,f,c,b,h,e,b,k,k,b,n,p,w,o,l,h,v,p,1,1,0.9997528087002804
f,f,n,t,n,f,c,b,n,t,b,s,s,g,g,p,w,o,p,k,y,d,0,0,9.442834244147996e-05
k,y,b,t,n,f,c,b,e,e,,s,s,e,w,p,w,t,e,w,c,w,0,0,0.009309636971003916
f,y,n,t,n,f,c,b,p,t,b,s,s,g,w,p,w,o,p,k,v,d,0,0,0.0014268942481555698
k,y,n,f,f,f,c,n,b,t,,s,k,p,p,p,w,o,e,w,v,l,1,1,0.9998795345995434
x,y,y,f,f,f,c,b,p,e,b,k,k,p,n,p,w,o,l,h,y,g,1,1,0.9986824480226145
b,y,n,f,n,f,c,n,w,e,,k,y,w,n,p,w,o,e,w,v,d,1,1,0.950258906162489
x,f,p,f,c,f,w,n,u,e,b,s,s,w,w,p,w,o,p,n,s,d,1,1,0.962847921537106
f,f,e,t,n,f,c,b,u,t,b,s,s,w,g,p,w,o,p,k,v,d,0,0,0.0010826969821078533
x,f,g,t,n,f,c,b,w,t,b,s,s,p,g,p,w,o,p,n,y,d,0,0,0.00027435031559281845
x,y,g,f,f,f,c,b,p,e,b,k,k,p,p,p,w,o,l,h,v,g,1,1,0.99990423939465
x,y,w,t,a,f,c,b,k,e,c,s,s,w,w,p,w,o,p,n,s,g,0,0,0.006097000808406159
x,f,g,f,c,f,w,n,u,e,b,s,s,w,w,p,w,o,p,k,v,d,1,1,0.9511789688971315
x,f,g,t,n,f,c,b,p,t,b,s,s,p,g,p,w,o,p,n,y,d,0,0,0.000224107796932932
f,s,w,t,f,f,c,b,p,t,b,f,f,w,w,p,w,o,p,h,v,u,1,1,0.9917522837552354
x,s,w,f,n,f,w,b,n,t,e,s,s,w,w,p,w,o,e,k,s,g,0,0,6.013993073252042e-05
f,f,n,f,n,f,w,b,p,t,e,f,f,w,w,p,w,o,e,k,a,g,0,0,9.451011359853464e-06
x,f,y,f,f,f,c,b,p,e,b,k,k,b,n,p,w,o,l,h,y,p,1,1,0.9946560096910008
x,s,y,t,l,f,w,n,w,t,b,s,s,w,w,p,w,o,p,u,v,d,0,0,0.04191055371238572
f,f,g,t,n,f,c,b,w,t,b,s,s,w,p,p,w,o,p,n,y,d,0,0,0.0003974952187519408
k,y,e,f,s,f,c,n,b,t,,k,k,p,p,p,w,o,e,w,v,d,1,1,0.9998041005277759
x,y,g,t,n,f,c,b,n,t,b,s,s,w,p,p,w,o,p,k,v,d,0,0,0.0026094575817975306
f,y,n,t,n,f,c,b,w,e,,s,s,w,e,p,w,t,e,w,c,w,0,0,0.004599532890468153
k,s,n,f,f,f,c,n,b,t,,k,s,w,w,p,w,o,e,w,v,d,1,1,0.9999140017011429
f,y,w,f,n,f,c,n,h,e,,s,f,w,w,p,w,o,f,h,y,d,0,0,0.04863997410144519
f,y,b,t,n,f,c,b,r,e,b,s,s,w,w,p,w,t,p,r,v,m,1,1,0.9683506788560072
b,s,w,t,a,f,c,b,n,e,c,s,s,w,w,p,w,o,p,n,s,g,0,0,0.00788042225067414
x,s,g,f,c,f,w,n,g,e,b,s,s,w,w,p,w,o,p,k,v,d,1,1,0.9834209139015173
f,y,g,f,f,f,c,b,h,e,b,k,k,p,n,p,w,o,l,h,y,d,1,1,0.9988615447509758
f,s,n,f,f,f,c,n,b,t,,s,k,p,p,p,w,o,e,w,v,d,1,1,0.9998363566475111
f,f,e,t,n,f,c,b,w,t,b,s,s,g,p,p,w,o,p,k,v,d,0,0,0.0017033699511274302
b,s,n,f,n,a,c,b,n,e,,s,s,o,o,p,o,o,p,b,v,l,0,0,0.002993754159302452
b,s,w,t,a,f,c,b,n,e,c,s,s,w,w,p,w,o,p,n,s,m,0,0,0.009218159875820383
x,f,g,f,f,f,c,b,g,e,b,k,k,n,b,p,w,o,l,h,v,d,1,1,0.9996161870176883
f,f,e,t,n,f,c,b,w,t,b,s,s,p,w,p,w,o,p,k,v,d,0,0,0.0023830811326861897
x,y,g,f,f,f,c,b,h,e,b,k,k,p,b,p,w,o,l,h,v,g,1,1,0.9999394433468883
f,s,n,t,p,f,c,n,k,e,e,s,s,w,w,p,w,o,p,k,v,g,1,1,0.9914967391057609
x,y,e,t,n,f,c,b,u,t,b,s,s,g,g,p,w,o,p,k,v,d,0,0,0.0015284109409023066
b,s,y,t,a,f,c,b,w,e,c,s,s,w,w,p,w,o,p,n,s,g,0,0,0.005335237493660506
x,y,g,t,n,f,c,b,u,t,b,s,s,w,p,p,w,o,p,k,v,d,0,0,0.0037553971010350624
f,f,e,t,n,f,c,b,p,t,b,s,s,w,g,p,w,o,p,n,v,d,0,0,0.0007054152264085504
f,f,n,t,n,f,c,b,u,t,b,s,s,w,w,p,w,o,p,n,v,d,0,0,0.000816992683240446
f,f,y,f,f,f,c,b,g,e,b,k,k,n,b,p,w,o,l,h,y,g,1,1,0.9991206437018543
f,f,w,f,n,f,w,b,n,t,e,f,f,w,w,p,w,o,e,k,s,g,0,0,2.4855372222735316e-05
f,s,n,f,f,f,c,n,b,t,,s,k,p,w,p,w,o,e,w,v,l,1,1,0.9999040264609237
x,s,n,f,n,f,c,b,w,e,b,y,y,n,n,p,w,t,p,w,y,d,0,0,0.025626633759760282
x,f,n,t,n,f,c,b,u,t,b,s,s,g,w,p,w,o,p,k,y,d,0,0,0.00016644810567516223
x,y,n,t,l,f,c,b,n,e,r,s,y,w,w,p,w,o,p,k,y,g,0,0,0.0033086689206725745
f,s,w,f,n,f,w,b,h,t,e,f,s,w,w,p,w,o,e,k,s,g,0,0,0.00027139497954905656
x,f,g,f,c,f,w,n,n,e,b,s,s,w,w,p,w,o,p,n,s,d,1,1,0.8879601279564139
f,y,g,t,n,f,c,b,w,e,b,s,s,w,w,p,w,t,p,w,v,p,0,0,0.029574802714255603
x,y,y,t,l,f,c,b,k,e,c,s,s,w,w,p,w,o,p,k,s,m,0,0,0.0040425359960476
x,y,g,t,n,f,c,b,w,t,b,s,s,g,w,p,w,o,p,n,y,d,0,0,0.00042789224529924996
f,f,e,t,n,f,c,b,p,t,b,s,s,g,g,p,w,o,p,k,v,d,0,0,0.0007417945497554002
f,y,g,f,f,f,c,b,h,e,b,k,k,n,n,p,w,o,l,h,v,p,1,1,0.999730108879676
f,f,g,f,f,f,c,b,g,e,b,k,k,n,n,p,w,o,l,h,y,g,1,1,0.9988299229935632
x,s,g,f,c,f,w,n,u,e,b,s,s,w,w,p,w,o,p,k,v,d,1,1,0.9786887470541501
x,y,e,f,s,f,c,n,b,t,,s,k,p,w,p,w,o,e,w,v,p,1,1,0.9982139584939784
x,f,g,f,n,f,c,n,n,e,e,s,s,w,w,p,w,o,p,n,y,u,0,0,0.007449952718533217
f,y,y,t,a,f,c,b,n,e,r,s,y,w,w,p,w,o,p,n,y,g,0,0,0.0033750905131903017
x,y,n,f,f,f,c,n,b,t,,k,k,w,p,p,w,o,e,w,v,d,1,1,0.9999647394113695
f,f,g,f,n,f,w,b,n,t,e,s,f,w,w,p,w,o,e,k,a,g,0,0,6.430294765909324e-06
f,f,n,t,n,f,c,b,w,t,b,s,s,g,w,p,w,o,p,n,y,d,0,0,0.00015523401470332476
x,s,w,f,c,f,c,n,p,e,b,s,s,w,w,p,w,o,p,n,s,d,1,1,0.9971872794208863
x,y,w,t,a,f,c,b,g,e,c,s,s,w,w,p,w,o,p,n,n,m,0,0,0.0032907841972348592
f,y,n,f,s,f,c,n,b,t,,k,k,p,w,p,w,o,e,w,v,p,1,1,0.9997650105381912
f,y,n,f,s,f,c,n,b,t,,s,s,w,p,p,w,o,e,w,v,p,1,1,0.995208772592455
k,s,n,f,n,a,c,b,o,e,,s,s,o,o,p,n,o,p,y,c,l,0,0,0.004391632688667822
x,f,w,f,n,f,w,b,h,t,e,f,s,w,w,p,w,o,e,n,a,g,0,0,5.68860311139568e-05
f,y,w,t,p,f,c,n,p,e,e,s,s,w,w,p,w,o,p,n,s,u,1,1,0.9915487280540795
k,f,g,f,n,f,w,b,g,e,,k,k,w,w,p,w,t,p,w,s,g,0,0,0.016049440546644998
f,y,g,t,n,f,c,b,n,t,b,s,s,p,p,p,w,o,p,n,y,d,0,0,0.0008233437842072621
f,s,n,f,y,f,c,n,b,t,,s,k,p,p,p,w,o,e,w,v,l,1,1,0.999225090305055
x,f,y,f,f,f,c,b,h,e,b,k,k,n,p,p,w,o,l,h,v,p,1,1,0.999539392575605
f,f,w,t,l,f,w,n,p,t,b,s,s,w,w,p,w,o,p,u,v,d,0,0,0.03702028803838996
f,y,g,t,n,f,c,b,n,t,b,s,s,g,w,p,w,o,p,k,y,d,0,0,0.0004356531501924802
f,s,e,f,y,f,c,n,b,t,,s,k,w,w,p,w,o,e,w,v,d,1,1,0.9976878986227198
x,y,g,t,n,f,c,b,p,t,b,s,s,g,g,p,w,o,p,n,v,d,0,0,0.0010777982565335486
k,s,n,f,f,f,c,n,b,t,,s,s,w,p,p,w,o,e,w,v,l,1,1,0.9997162145058307
f,f,e,t,n,f,c,b,p,t,b,s,s,p,w,p,w,o,p,k,v,d,0,0,0.0019474132641805635
k,y,e,f,s,f,c,n,b,t,,s,k,w,p,p,w,o,e,w,v,l,1,1,0.998715867027467
f,f,g,t,n,f,c,b,p,t,b,s,s,g,g,p,w,o,p,k,v,d,0,0,0.0008027579606958522
f,f,n,f,n,f,w,n,w,e,b,f,f,w,n,p,w,o,e,w,v,l,0,0,0.031654452160985426
f,f,g,f,f,f,c,b,h,e,b,k,k,n,p,p,w,o,l,h,y,d,1,1,0.9986591050396768
f,s,n,f,f,f,c,n,b,t,,k,s,w,p,p,w,o,e,w,v,l,1,1,0.9999790494249903
x,y,n,f,y,f,c,n,b,t,,s,s,p,w,p,w,o,e,w,v,p,1,1,0.9950943902242286
f,f,g,t,n,f,c,b,w,t,b,s,s,w,g,p,w,o,p,n,v,d,0,0,0.0009344220849972049
f,y,e,f,s,f,c,n,b,t,,k,s,p,p,p,w,o,e,w,v,l,1,1,0.9998853922666823
x,s,b,t,f,f,c,b,p,t,b,s,s,w,w,p,w,o,p,h,s,g,1,1,0.9942364497586453
b,s,w,t,n,f,c,b,g,e,b,s,s,w,w,p,w,t,p,r,v,g,1,1,0.9129213459546136
x,f,g,f,f,f,c,b,h,e,b,k,k,n,b,p,w,o,l,h,y,p,1,1,0.9986110749010655
x,s,n,f,n,f,w,b,p,t,e,s,s,w,w,p,w,o,e,n,a,g,0,0,1.794291970598573e-05
f,y,n,t,a,f,c,b,n,e,r,s,y,w,w,p,w,o,p,k,s,p,0,0,0.006206506092140761
x,y,n,f,y,f,c,n,b,t,,k,s,w,p,p,w,o,e,w,v,p,1,1,0.9994124712153182
f,f,w,f,n,f,w,b,p,t,e,f,s,w,w,p,w,o,e,k,s,g,0,0,7.065449293805691e-05
x,y,w,t,p,f,c,n,p,e,e,s,s,w,w,p,w,o,p,k,v,g,1,1,0.9950646013312768
x,s,w,t,l,f,c,b,w,e,c,s,s,w,w,p,w,o,p,n,n,m,0,0,0.0029303807748541607
x,y,n,t,n,f,c,b,p,t,b,s,s,g,w,p,w,o,p,k,v,d,0,0,0.0012201767619340713
f,f,g,f,f,f,c,b,h,e,b,k,k,b,p,p,w,o,l,h,y,p,1,1,0.9990974348573277
f,y,c,f,m,f,c,b,y,e,c,k,y,c,c,p,w,n,n,w,c,d,1,1,0.9881451820175587
x,y,n,f,s,f,c,n,b,t,,k,s,w,p,p,w,o,e,w,v,d,1,1,0.9993239244408764
f,s,e,f,f,f,c,n,b,t,,k,k,w,p,p,w,o,e,w,v,p,1,1,0.9999852184212827
f,f,n,t,n,f,c,b,p,t,b,s,s,g,w,p,w,o,p,n,y,d,0,0,0.00012680282099756528
x,y,y,f,f,f,c,b,p,e,b,k,k,n,b,p,w,o,l,h,y,p,1,1,0.9982953531618686
x,y,g,t,n,f,c,b,u,t,b,s,s,g,g,p,w,o,p,n,y,d,0,0,0.00029427065974545804
k,s,n,f,f,f,c,n,b,t,,s,k,p,w,p,w,o,e,w,v,d,1,1,0.9996997564949379
f,s,w,t,f,f,c,b,p,t,b,s,s,w,w,p,w,o,p,h,s,g,1,1,0.992190689397181
x,f,n,t,n,f,c,b,u,t,b,s,s,w,p,p,w,o,p,k,y,d,0,0,0.00026462591521672987
x,y,y,t,a,f,c,b,k,e,c,s,s,w,w,p,w,o,p,n,n,m,0,0,0.0009509450948841072
f,s,b,t,f,f,c,b,w,t,b,f,f,w,w,p,w,o,p,h,v,g,1,1,0.9963822077902674
b,s,w,t,l,f,c,b,w,e,c,s,s,w,w,p,w,o,p,k,n,g,0,0,0.004074466329254015
f,y,n,t,p,f,c,n,k,e,e,s,s,w,w,p,w,o,p,k,v,g,1,1,0.9900036712895324
k,y,y,f,n,f,c,n,w,e,,k,y,w,n,p,w,o,e,w,v,d,1,1,0.930261879838177
x,y,e,f,y,f,c,n,b,t,,s,s,p,p,p,w,o,e,w,v,d,1,1,0.9970704615611514
f,f,n,f,n,f,w,b,p,t,e,s,s,w,w,p,w,o,e,k,s,g,0,0,1.5410719837421146e-05
k,f,n,f,n,f,c,n,w,e,,k,y,w,n,p,w,o,e,w,v,d,1,1,0.8618291934769698
k,s,e,f,f,f,c,n,b,t,,s,s,w,w,p,w,o,e,w,v,l,1,1,0.9997498563337988
f,y,n,t,l,f,c,b,n,e,r,s,y,w,w,p,w,o,p,n,y,p,0,0,0.0014255489410506153
x,f,g,t,n,f,c,b,n,t,b,s,s,w,g,p,w,o,p,k,y,d,0,0,0.0001575995358636947
f,s,w,t,f,f,c,b,p,t,b,f,f,w,w,p,w,o,p,h,s,g,1,1,0.9906379896243283
x,s,w,t,l,f,c,b,g,e,c,s,s,w,w,p,w,o,p,k,s,m,0,0,0.01630590762704289
x,y,n,f,s,f,c,n,b,t,,s,s,w,p,p,w,o,e,w,v,l,1,1,0.9970791037308123
f,y,y,f,f,f,c,b,p,e,b,k,k,p,n,p,w,o,l,h,y,g,1,1,0.9988733427124356
f,y,p,t,n,f,c,b,w,e,,s,s,e,w,p,w,t,e,w,c,w,0,0,0.019567309061510083
f,s,n,f,n,f,w,b,h,t,e,s,s,w,w,p,w,o,e,k,s,g,0,0,5.920428302632906e-05
k,y,n,f,s,f,c,n,b,t,,s,s,p,w,p,w,o,e,w,v,p,1,1,0.9942045017543438
f,s,b,t,f,f,c,b,w,t,b,f,s,w,w,p,w,o,p,h,s,u,1,1,0.9975966997312532
x,y,c,f,m,a,c,b,y,e,c,k,y,c,c,p,w,n,n,w,c,d,1,1,0.9753902557768699
f,f,g,f,f,f,c,b,p,e,b,k,k,n,p,p,w,o,l,h,y,d,1,1,0.9978162798596332
f,s,b,t,f,f,c,b,h,t,b,f,f,w,w,p,w,o,p,h,s,g,1,1,0.996362303632423
x,f,n,t,n,f,c,b,n,t,b,s,s,p,p,p,w,o,p,k,y,d,0,0,0.00027833873807391496
f,s,b,t,f,f,c,b,w,t,b,s,f,w,w,p,w,o,p,h,v,g,1,1,0.9928633941270077
x,f,g,t,n,f,c,b,n,t,b,s,s,p,g,p,w,o,p,n,y,d,0,0,0.00018739355900179993
x,f,w,f,n,f,w,b,h,t,e,s,f,w,w,p,w,o,e,k,a,g,0,0,1.5408394933227098e-05
f,y,w,t,p,f,c,n,k,e,e,s,s,w,w,p,w,o,p,k,v,u,1,1,0.9948903741214754
k,s,e,t,n,f,c,b,w,e,,s,s,e,w,p,w,t,e,w,c,w,0,0,0.006793021859739326
k,s,n,f,y,f,c,n,b,t,,k,k,p,p,p,w,o,e,w,v,p,1,1,0.9997848023991741
f,y,y,f,f,f,c,b,p,e,b,k,k,n,p,p,w,o,l,h,v,d,1,1,0.9996268438023765
x,y,e,f,f,f,c,n,b,t,,k,k,p,p,p,w,o,e,w,v,l,1,1,0.999993012279614
x,f,g,t,n,f,c,b,u,t,b,s,s,g,g,p,w,o,p,k,v,d,0,0,0.0008268026719587938
b,y,w,t,n,f,c,b,w,e,b,s,s,w,w,p,w,t,p,r,v,m,1,1,0.8913755932647838
f,f,g,t,n,f,c,b,p,t,b,s,s,w,g,p,w,o,p,k,v,d,0,0,0.0009727373134552608
f,y,n,t,n,f,c,b,p,t,b,s,s,g,w,p,w,o,p,n,v,d,0,0,0.0011199169444499905
b,s,y,t,a,f,c,b,w,e,c,s,s,w,w,p,w,o,p,k,n,g,0,0,0.001959644342468963
x,s,n,f,y,f,c,n,b,t,,s,k,w,p,p,w,o,e,w,v,p,1,1,0.9973645320073099
k,s,n,f,n,a,c,b,n,e,,s,s,o,o,p,o,o,p,b,c,l,0,0,0.0030294356387358325
k,s,n,f,f,f,c,n,b,t,,k,k,w,p,p,w,o,e,w,v,l,1,1,0.9999839909643043
x,s,e,f,s,f,c,n,b,t,,s,k,p,p,p,w,o,e,w,v,p,1,1,0.9988429708662905
f,y,n,t,n,f,c,b,w,t,b,s,s,g,w,p,w,o,p,k,v,d,0,0,0.0017463173404047693
x,y,y,t,l,f,c,b,w,e,c,s,s,w,w,p,w,o,p,n,s,m,0,0,0.003992473009415155
x,y,n,t,l,f,c,b,w,e,r,s,y,w,w,p,w,o,p,n,y,g,0,0,0.0037991693125179835
b,s,y,t,l,f,c,b,k,e,c,s,s,w,w,p,w,o,p,k,n,g,0,0,0.0014968922512804102
k,s,n,f,f,f,c,n,b,t,,k,k,p,w,p,w,o,e,w,v,l,1,1,0.9999861412103815
k,s,p,t,n,f,c,b,e,e,,s,s,w,e,p,w,t,e,w,c,w,0,0,0.00922266501565882
x,f,g,f,n,f,w,b,h,t,e,s,f,w,w,p,w,o,e,n,a,g,0,0,8.408504982580228e-06
x,f,w,f,n,f,w,b,p,e,,s,s,w,w,p,w,t,p,w,s,g,0,0,0.0010154083622872425
x,y,n,t,p,f,c,n,k,e,e,s,s,w,w,p,w,o,p,n,s,u,1,1,0.9768116695500307
k,y,e,f,y,f,c,n,b,t,,s,s,p,w,p,w,o,e,w,v,d,1,1,0.9954117005838498
k,y,e,f,f,f,c,n,b,t,,s,s,p,p,p,w,o,e,w,v,p,1,1,0.999715275033439
k,s,n,f,f,f,c,n,b,t,,s,k,p,p,p,w,o,e,w,v,d,1,1,0.9997711276634503
f,s,n,f,n,a,c,b,o,e,,s,s,o,o,p,o,o,p,b,c,l,0,0,0.006221035342994411
k,s,n,t,n,f,c,b,w,e,,s,s,w,w,p,w,t,e,w,c,w,0,0,0.006997226861256331
x,f,g,f,n,f,w,b,w,e,,s,s,w,w,p,w,t,p,w,s,g,0,0,0.0008647177410918024
f,f,e,t,n,f,c,b,n,t,b,s,s,g,p,p,w,o,p,k,v,d,0,0,0.0011640053671501125
f,y,g,f,f,f,c,b,p,e,b,k,k,p,b,p,w,o,l,h,y,d,1,1,0.9990752869089017
f,y,g,t,n,f,c,b,p,t,b,s,s,w,w,p,w,o,p,k,v,d,0,0,0.0027818968015001647
f,y,w,t,p,f,c,n,k,e,e,s,s,w,w,p,w,o,p,n,v,u,1,1,0.9934969086583499
f,y,e,t,n,f,c,b,p,t,b,s,s,p,p,p,w,o,p,k,v,d,0,0,0.005098786086556516
f,f,e,t,n,f,c,b,w,t,b,s,s,w,p,p,w,o,p,k,y,d,0,0,0.0004680726065516815
f,s,w,f,n,f,w,b,p,t,e,s,f,w,w,p,w,o,e,n,s,g,0,0,2.7771130574547728e-05
f,f,w,f,n,f,w,b,n,t,e,f,f,w,w,p,w,o,e,n,a,g,0,0,1.4360670944124106e-05
k,s,n,f,f,f,c,n,b,t,,k,s,p,w,p,w,o,e,w,v,l,1,1,0.9999746325686673
x,y,g,f,f,f,c,b,h,e,b,k,k,b,n,p,w,o,l,h,v,d,1,1,0.9997123276200879
f,y,y,f,f,f,c,b,h,e,b,k,k,n,p,p,w,o,l,h,v,p,1,1,0.9998032495109118
x,f,g,f,c,f,c,n,g,e,b,s,s,w,w,p,w,o,p,n,v,d,1,1,0.9954320217727836
k,s,e,f,y,f,c,n,b,t,,s,k,w,p,p,w,o,e,w,v,p,1,1,0.9978815387120945
f,f,y,f,f,f,c,b,p,e,b,k,k,n,n,p,w,o,l,h,v,p,1,1,0.9986733272331377
f,y,e,t,n,f,c,b,n,t,b,s,s,g,g,p,w,o,p,n,y,d,0,0,0.00022075241523336964
x,s,e,t,n,f,c,b,w,e,,s,s,e,e,p,w,t,e,w,c,w,0,0,0.004494257908016484
s,f,g,f,n,f,c,n,g,e,e,s,s,w,w,p,w,o,p,n,v,u,0,0,0.04291501525065318
k,s,e,f,s,f,c,n,b,t,,k,s,w,w,p,w,o,e,w,v,p,1,1,0.9994798603528401
x,s,e,f,y,f,c,n,b,t,,k,k,p,w,p,w,o,e,w,v,l,1,1,0.9999174702716237
x,y,y,t,a,f,c,b,n,e,r,s,y,w,w,p,w,o,p,n,s,g,0,0,0.009460069420126505
x,y,n,t,a,f,c,b,w,e,r,s,y,w,w,p,w,o,p,k,y,p,0,0,0.0023644222010082323
x,s,n,f,s,f,c,n,b,t,,s,k,p,w,p,w,o,e,w,v,p,1,1,0.9977431444128109
x,y,e,t,n,f,c,b,n,t,b,s,s,g,w,p,w,o,p,n,v,d,0,0,0.0011915276098874612
x,s,n,f,n,f,w,b,k,t,e,s,f,w,w,p,w,o,e,k,a,g,0,0,9.357929157263549e-06
x,f,n,t,n,f,c,b,n,t,b,s,s,g,p,p,w,o,p,k,v,d,0,0,0.0006689361009918626
f,f,y,f,f,f,c,b,h,e,b,k,k,p,b,p,w,o,l,h,v,p,1,1,0.9996665271801685
k,y,e,f,y,f,c,n,b,t,,s,s,w,p,p,w,o,e,w,v,p,1,1,0.9954456667692109
x,f,g,f,f,f,c,b,p,e,b,k,k,b,b,p,w,o,l,h,v,p,1,1,0.9995981768698428
b,s,n,f,n,a,c,b,n,e,,s,s,o,o,p,n,o,p,y,v,l,0,0,0.0029506844400959908
x,y,n,t,n,f,c,b,u,t,b,s,s,g,g,p,w,o,p,k,v,d,0,0,0.0010273806750878448
f,y,e,f,y,f,c,n,b,t,,s,k,p,w,p,w,o,e,w,v,d,1,1,0.9982028333591922
k,y,n,f,f,f,c,n,b,t,,k,k,w,w,p,w,o,e,w,v,p,1,1,0.9999524689599943
x,f,g,f,n,f,w,b,g,e,,s,s,w,w,p,w,t,p,w,n,g,0,0,0.00031585307097816703
x,f,g,f,n,f,w,b,n,t,e,f,f,w,w,p,w,o,e,n,s,g,0,0,1.1596460186390446e-05
x,y,g,t,n,f,c,b,w,t,b,s,s,p,p,p,w,o,p,n,v,d,0,0,0.004534323807816837
f,f,e,t,n,f,c,b,p,t,b,s,s,w,g,p,w,o,p,n,y,d,0,0,0.00015983217614350633
x,f,g,f,n,f,w,b,w,e,,k,s,w,w,p,w,t,p,w,s,g,0,0,0.008313988175087278
f,y,n,t,n,f,c,b,u,t,b,s,s,p,g,p,w,o,p,k,v,d,0,0,0.0022045260662458747
x,y,y,f,f,f,c,b,p,e,b,k,k,b,n,p,w,o,l,h,y,d,1,1,0.9968864903049841
f,y,g,t,n,f,c,b,w,e,b,s,s,w,w,p,w,t,p,w,y,p,0,0,0.006854174386952251
f,f,e,t,n,f,c,b,w,t,b,s,s,w,w,p,w,o,p,n,v,d,0,0,0.0012352266452668613
x,y,n,t,n,f,c,b,p,t,b,s,s,g,p,p,w,o,p,n,y,d,0,0,0.00028469741761002657
f,y,n,f,f,f,c,n,b,t,,s,s,p,p,p,w,o,e,w,v,d,1,1,0.9996474002634975
f,y,y,f,f,f,c,b,h,e,b,k,k,b,p,p,w,o,l,h,v,g,1,1,0.9999278003173693
x,s,n,f,f,f,c,n,b,t,,s,k,p,p,p,w,o,e,w,v,p,1,1,0.9998355346652659
x,y,g,f,f,f,c,b,g,e,b,k,k,p,n,p,w,o,l,h,y,d,1,1,0.9986055510988197
f,f,n,f,n,f,w,b,h,t,e,f,f,w,w,p,w,o,e,n,s,g,0,0,1.641403444591133e-05
x,s,w,f,n,f,w,b,w,e,,s,k,w,w,p,w,t,p,w,s,g,0,0,0.005340271202837603
x,y,n,t,p,f,c,n,n,e,e,s,s,w,w,p,w,o,p,k,v,u,1,1,0.9840728090599172
x,f,n,f,n,f,w,b,k,t,e,f,s,w,w,p,w,o,e,n,s,g,0,0,1.990543800010795e-05
k,y,c,f,m,f,c,b,w,e,c,k,y,c,c,p,w,n,n,w,c,d,1,1,0.9741864523044103
f,y,n,t,p,f,c,n,n,e,e,s,s,w,w,p,w,o,p,n,v,u,1,1,0.9826699365991839
f,f,n,t,n,f,c,b,n,t,b,s,s,w,p,p,w,o,p,n,y,d,0,0,0.00016857325805444892
f,s,n,f,s,f,c,n,b,t,,k,k,w,w,p,w,o,e,w,v,p,1,1,0.9996975443539017
x,f,g,t,n,f,c,b,w,t,b,s,s,g,p,p,w,o,p,n,v,d,0,0,0.0012372025886941106
x,f,g,f,f,f,c,b,p,e,b,k,k,p,b,p,w,o,l,h,y,p,1,1,0.9981411347217831
f,y,n,t,n,f,c,b,w,e,b,s,s,w,w,p,w,t,p,w,v,p,0,0,0.01856803274908109
f,y,e,f,s,f,c,n,b,t,,k,s,w,w,p,w,o,e,w,v,p,1,1,0.9995621332711475
f,s,n,f,n,a,c,b,y,e,,s,s,o,o,p,o,o,p,b,c,l,0,0,0.009730892639686083
b,s,w,t,a,f,c,b,w,e,c,s,s,w,w,p,w,o,p,k,n,g,0,0,0.004239173736937074
x,y,n,t,n,f,c,b,n,t,b,s,s,p,g,p,w,o,p,n,y,d,0,0,0.0002328904113674727
f,y,n,t,n,f,c,b,w,t,b,s,s,g,g,p,w,o,p,k,y,d,0,0,0.0002767467692979321
f,s,e,f,s,f,c,n,b,t,,s,k,p,w,p,w,o,e,w,v,p,1,1,0.9987024157462937
x,f,y,f,f,f,c,b,g,e,b,k,k,p,n,p,w,o,l,h,y,p,1,1,0.9963907134201422
f,y,g,t,n,f,c,b,u,t,b,s,s,g,w,p,w,o,p,n,v,d,0,0,0.0021710473497454303
f,s,w,t,p,f,c,n,p,e,e,s,s,w,w,p,w,o,p,k,s,u,1,1,0.9943519416954042
f,f,n,t,n,f,c,b,n,t,b,s,s,g,g,p,w,o,p,n,v,d,0,0,0.00032709921402165843
x,y,y,f,f,f,c,b,h,e,b,k,k,p,n,p,w,o,l,h,v,g,1,1,0.999816737259129
k,y,e,f,f,f,c,n,b,t,,s,k,p,w,p,w,o,e,w,v,l,1,1,0.9998938174291284
k,y,e,f,f,f,c,n,b,t,,k,k,p,w,p,w,o,e,w,v,l,1,1,0.9999890375039227
x,y,n,f,y,f,c,n,b,t,,s,k,p,p,p,w,o,e,w,v,l,1,1,0.9989331763289724
f,s,n,t,p,f,c,n,n,e,e,s,s,w,w,p,w,o,p,n,s,g,1,1,0.983263049602178
k,y,n,f,s,f,c,n,b,t,,k,s,w,w,p,w,o,e,w,v,d,1,1,0.9989397606720144
f,y,g,f,f,f,c,b,h,e,b,k,k,n,b,p,w,o,l,h,y,g,1,1,0.9997217588064717
x,f,n,t,n,f,c,b,p,t,b,s,s,w,g,p,w,o,p,k,v,d,0,0,0.0005165124902930759
f,s,n,t,p,f,c,n,p,e,e,s,s,w,w,p,w,o,p,k,v,g,1,1,0.9917272280863587
x,s,n,f,n,f,w,b,n,t,e,f,s,w,w,p,w,o,e,k,a,g,0,0,3.785212197208375e-05
f,y,n,t,n,f,c,b,w,t,b,s,s,g,w,p,w,o,p,n,v,d,0,0,0.0013707147399343036
x,s,n,t,n,f,c,b,e,e,,s,s,e,w,p,w,t,e,w,c,w,0,0,0.0035840737800884952
x,f,w,f,n,f,w,b,n,t,e,s,f,w,w,p,w,o,e,n,a,g,0,0,6.202043140910845e-06
f,y,y,f,f,f,c,b,p,e,b,k,k,p,n,p,w,o,l,h,y,d,1,1,0.9972064305650133
k,y,e,f,y,f,c,n,b,t,,s,k,w,p,p,w,o,e,w,v,d,1,1,0.9970995049736412
k,y,n,f,f,f,c,n,b,t,,s,k,w,p,p,w,o,e,w,v,d,1,1,0.9995917022452115
f,s,w,f,n,f,w,b,p,t,e,f,s,w,w,p,w,o,e,n,s,g,0,0,0.000130663587739079
f,f,g,t,n,f,c,b,w,t,b,s,s,g,w,p,w,o,p,n,y,d,0,0,0.0002500344255350812
f,s,p,t,n,f,c,b,w,e,b,s,s,w,w,p,w,t,p,r,v,m,1,1,0.9330798402803583
x,f,e,t,n,f,c,b,w,t,b,s,s,g,g,p,w,o,p,n,y,d,0,0,0.00013803849895905853
k,y,n,f,s,f,c,n,b,t,,s,k,w,p,p,w,o,e,w,v,d,1,1,0.9957368870913935
f,y,e,t,n,f,c,b,u,t,b,s,s,p,w,p,w,o,p,n,v,d,0,0,0.0036789339946155433
x,s,g,f,n,f,w,b,w,e,,k,s,w,w,p,w,t,p,w,n,g,0,0,0.005643781611353662
f,f,n,t,n,f,c,b,p,t,b,s,s,g,p,p,w,o,p,n,y,d,0,0,0.00016635009765731993
f,f,n,f,n,f,w,b,k,t,e,s,s,w,w,p,w,o,e,n,s,g,0,0,1.1761146227209987e-05
f,s,n,f,s,f,c,n,b,t,,k,k,w,p,p,w,o,e,w,v,p,1,1,0.9997694412512833
f,f,g,f,n,f,w,b,h,t,e,f,s,w,w,p,w,o,e,k,a,g,0,0,5.8979477809862374e-05
x,y,y,f,f,f,c,b,g,e,b,k,k,n,b,p,w,o,l,h,v,p,1,1,0.9997515609163162
b,s,y,t,a,f,c,b,g,e,c,s,s,w,w,p,w,o,p,n,n,m,0,0,0.0022884160894507824
x,y,g,t,n,f,c,b,n,t,b,s,s,p,p,p,w,o,p,n,y,d,0,0,0.0007040024121608701
f,s,e,f,f,f,c,n,b,t,,s,k,p,p,p,w,o,e,w,v,d,1,1,0.9998900500410574
f,s,b,t,f,f,c,b,p,t,b,f,s,w,w,p,w,o,p,h,v,u,1,1,0.9978017477133649
x,y,n,t,a,f,c,b,p,e,r,s,y,w,w,p,w,o,p,k,s,g,0,0,0.013444428157515141
x,y,e,t,n,f,c,b,u,t,b,s,s,g,p,p,w,o,p,k,v,d,0,0,0.0028657032663597882
x,y,n,t,n,f,c,b,u,t,b,s,s,w,w,p,w,o,p,n,y,d,0,0,0.0003168324973317518
f,f,g,t,n,f,c,b,u,t,b,s,s,p,w,p,w,o,p,n,v,d,0,0,0.001992110054463089
k,s,n,f,s,f,c,n,b,t,,s,s,p,w,p,w,o,e,w,v,l,1,1,0.997430886129797
f,f,g,t,n,f,c,b,w,t,b,s,s,w,p,p,w,o,p,n,v,d,0,0,0.0017529127041810565
x,f,e,t,n,f,c,b,n,t,b,s,s,w,w,p,w,o,p,n,y,d,0,0,0.00016351110093519453
f,s,n,f,n,f,w,b,p,t,e,s,s,w,w,p,w,o,e,k,s,g,0,0,3.6324041376030186e-05
f,s,g,t,f,f,c,b,p,t,b,s,s,w,w,p,w,o,p,h,s,g,1,1,0.9888099361066539
