cap-shape,cap-surface,cap-color,bruises,odor,gill-attachment,gill-spacing,gill-size,gill-color,stalk-shape,stalk-root,stalk-surface-above-ring,stalk-surface-below-ring,stalk-color-above-ring,stalk-color-below-ring,veil-type,veil-color,ring-number,ring-type,spore-print-color,population,habitat,odor_is_none,odor_is_high_risk,bruises_yes,gill_is_narrow,stalk_root_missing,odor_x_spore,odor_x_bruises,actual,predicted,predicted_proba_poisonous
x,y,g,f,f,f,c,b,p,e,b,k,k,p,n,p,w,o,l,h,y,d,False,True,False,False,False,f__h,f__f,1,1,0.9991743381247612
x,s,w,f,c,f,c,n,u,e,b,s,s,w,w,p,w,o,p,n,s,d,False,True,False,True,False,c__n,c__f,1,1,0.9992369443406415
x,f,w,f,n,f,w,b,p,t,e,s,s,w,w,p,w,o,e,n,s,g,True,False,False,False,False,n__n,n__f,0,0,9.418514111227389e-06
f,s,e,f,f,f,c,n,b,t,,k,s,w,w,p,w,o,e,w,v,p,False,True,False,True,True,f__w,f__f,1,1,0.9999671553393469
x,f,y,f,f,f,c,b,g,e,b,k,k,p,n,p,w,o,l,h,y,g,False,True,False,False,False,f__h,f__f,1,1,0.999703727975447
f,f,w,t,a,f,w,n,p,t,b,s,s,w,w,p,w,o,p,u,v,d,False,False,True,True,False,a__u,a__t,0,0,0.01760507472707293
f,y,y,t,a,f,c,b,n,e,r,s,y,w,w,p,w,o,p,k,y,p,False,False,True,False,False,a__k,a__t,0,0,0.0014310430744967283
f,f,n,f,n,f,w,b,k,t,e,f,f,w,w,p,w,o,e,n,s,g,True,False,False,False,False,n__n,n__f,0,0,8.009140318677314e-06
f,f,n,t,n,f,c,b,u,t,b,s,s,p,p,p,w,o,p,n,y,d,True,False,True,False,False,n__n,n__t,0,0,0.0002545822812873858
f,s,w,t,p,f,c,n,w,e,e,s,s,w,w,p,w,o,p,k,v,g,False,True,True,True,False,p__k,p__t,1,1,0.9996432429554758
f,y,y,f,f,f,c,b,g,e,b,k,k,p,n,p,w,o,l,h,y,p,False,True,False,False,False,f__h,f__f,1,1,0.9996975044823083
f,y,g,f,f,f,c,b,g,e,b,k,k,b,b,p,w,o,l,h,y,g,False,True,False,False,False,f__h,f__f,1,1,0.9998811842589947
f,y,g,t,n,f,c,b,n,t,b,s,s,w,g,p,w,o,p,k,v,d,True,False,True,False,False,n__k,n__t,0,0,0.0013474352925657515
f,y,e,t,n,f,c,b,n,t,b,s,s,w,g,p,w,o,p,k,y,d,True,False,True,False,False,n__k,n__t,0,0,0.00035275056495167196
x,f,n,t,n,f,c,b,u,t,b,s,s,p,p,p,w,o,p,k,y,d,True,False,True,False,False,n__k,n__t,0,0,0.00019598180807291654
f,s,e,f,y,f,c,n,b,t,,s,s,p,p,p,w,o,e,w,v,p,False,True,False,True,True,y__w,y__f,1,1,0.9987804899651058
f,y,g,f,f,f,c,b,g,e,b,k,k,p,n,p,w,o,l,h,v,g,False,True,False,False,False,f__h,f__f,1,1,0.9999531076284991
x,f,g,f,n,f,w,b,g,e,,k,s,w,w,p,w,t,p,w,s,g,True,False,False,False,True,n__w,n__f,0,0,0.0017719135229978188
f,y,g,t,n,f,c,b,n,t,b,s,s,p,g,p,w,o,p,n,v,d,True,False,True,False,False,n__n,n__t,0,0,0.0010690942995581093
f,y,y,f,n,f,w,n,y,e,c,y,y,y,y,p,y,o,e,w,c,l,True,False,False,True,False,n__w,n__f,1,1,0.9005433063311222
x,f,g,f,f,f,c,b,h,e,b,k,k,p,p,p,w,o,l,h,v,d,False,True,False,False,False,f__h,f__f,1,1,0.9998052221488383
x,s,n,f,n,f,w,b,n,t,e,s,f,w,w,p,w,o,e,n,a,g,True,False,False,False,False,n__n,n__f,0,0,4.120294552395696e-06
f,f,g,f,f,f,c,b,p,e,b,k,k,p,n,p,w,o,l,h,y,g,False,True,False,False,False,f__h,f__f,1,1,0.9995391012777205
x,f,g,t,n,f,c,b,u,t,b,s,s,g,g,p,w,o,p,n,y,d,True,False,True,False,False,n__n,n__t,0,0,0.00011981593671126192
f,f,y,f,f,f,c,b,g,e,b,k,k,p,p,p,w,o,l,h,y,g,False,True,False,False,False,f__h,f__f,1,1,0.999842139411541
x,f,g,t,n,f,c,b,n,t,b,s,s,w,w,p,w,o,p,k,v,d,True,False,True,False,False,n__k,n__t,0,0,0.0007359469969364916
x,y,n,f,f,f,c,n,b,t,,k,s,p,w,p,w,o,e,w,v,l,False,True,False,True,True,f__w,f__f,1,1,0.9999634038752436
x,y,g,f,f,f,c,b,p,e,b,k,k,b,p,p,w,o,l,h,y,g,False,True,False,False,False,f__h,f__f,1,1,0.9996823133494519
x,y,e,t,n,f,c,b,u,t,b,s,s,p,w,p,w,o,p,k,v,d,True,False,True,False,False,n__k,n__t,0,0,0.0012409098634096974
f,y,e,f,y,f,c,n,b,t,,s,s,w,p,p,w,o,e,w,v,p,False,True,False,True,True,y__w,y__f,1,1,0.9988042873036698
f,y,w,t,p,f,c,n,k,e,e,s,s,w,w,p,w,o,p,k,v,g,False,True,True,True,False,p__k,p__t,1,1,0.9994818320794742
f,y,n,t,p,f,c,n,k,e,e,s,s,w,w,p,w,o,p,n,v,u,False,True,True,True,False,p__n,p__t,1,1,0.9979089498321507
x,y,n,t,n,f,c,b,n,t,b,s,s,w,w,p,w,o,p,k,y,d,True,False,True,False,False,n__k,n__t,0,0,0.00026656599496663265
f,y,g,f,f,f,c,b,p,e,b,k,k,n,p,p,w,o,l,h,y,g,False,True,False,False,False,f__h,f__f,1,1,0.9997482687499203
x,f,w,f,n,f,w,b,n,t,e,s,f,w,w,p,w,o,e,k,a,g,True,False,False,False,False,n__k,n__f,0,0,6.6330355923775414e-06
x,s,w,f,n,f,w,b,p,t,e,f,s,w,w,p,w,o,e,n,a,g,True,False,False,False,False,n__n,n__f,0,0,2.7948782627371314e-05
b,s,n,f,n,a,c,b,n,e,,s,s,o,o,p,o,o,p,y,v,l,True,False,False,False,True,n__y,n__f,0,0,0.001180524606446147
x,y,n,f,s,f,c,n,b,t,,k,k,w,p,p,w,o,e,w,v,l,False,True,False,True,True,s__w,s__f,1,1,0.9999593880801256
b,y,y,t,a,f,c,b,g,e,c,s,s,w,w,p,w,o,p,n,n,m,False,False,True,False,False,a__n,a__t,0,0,0.001611653583020833
f,s,n,f,y,f,c,n,b,t,,s,s,p,p,p,w,o,e,w,v,p,False,True,False,True,True,y__w,y__f,1,1,0.9985801642107982
f,s,n,f,n,f,w,b,p,t,e,s,f,w,w,p,w,o,e,k,s,g,True,False,False,False,False,n__k,n__f,0,0,8.193822305077249e-06
b,s,w,t,a,f,c,b,g,e,c,s,s,w,w,p,w,o,p,n,n,m,False,False,True,False,False,a__n,a__t,0,0,0.002685293418810655
f,y,y,f,f,f,c,b,h,e,b,k,k,p,n,p,w,o,l,h,y,g,False,True,False,False,False,f__h,f__f,1,1,0.9998563060805343
f,s,n,f,n,f,w,b,h,t,e,f,s,w,w,p,w,o,e,k,a,g,True,False,False,False,False,n__k,n__f,0,0,2.75755611167589e-05
f,y,e,t,n,f,c,b,p,t,b,s,s,w,g,p,w,o,p,n,y,d,True,False,True,False,False,n__n,n__t,0,0,0.00036648870121212254
b,s,p,t,n,f,c,b,g,e,b,s,s,w,w,p,w,t,p,r,v,m,True,False,True,False,False,n__r,n__t,1,1,0.9706320229333313
k,s,w,f,n,f,w,b,p,e,,k,s,w,w,p,w,t,p,w,n,g,True,False,False,False,True,n__w,n__f,0,0,0.002429548379506588
x,y,e,f,s,f,c,n,b,t,,s,s,w,w,p,w,o,e,w,v,l,False,True,False,True,True,s__w,s__f,1,1,0.9990377251867417
f,s,w,t,l,f,w,n,n,t,b,s,s,w,w,p,w,o,p,u,v,d,False,False,True,True,False,l__u,l__t,0,0,0.02564340831598453
x,s,n,f,n,a,c,b,o,e,,s,s,o,o,p,o,o,p,n,c,l,True,False,False,False,True,n__n,n__f,0,0,0.00014533516989420256
f,f,g,f,n,f,w,b,h,t,e,f,s,w,w,p,w,o,e,n,s,g,True,False,False,False,False,n__n,n__f,0,0,1.8007098786149812e-05
x,s,w,t,p,f,c,n,k,e,e,s,s,w,w,p,w,o,p,n,s,g,False,True,True,True,False,p__n,p__t,1,1,0.9986154679793003
f,y,y,t,a,f,c,b,n,e,r,s,y,w,w,p,w,o,p,n,y,p,False,False,True,False,False,a__n,a__t,0,0,0.0010843728822514341
x,s,n,f,f,f,c,n,b,t,,s,s,w,p,p,w,o,e,w,v,d,False,True,False,True,True,f__w,f__f,1,1,0.9994378658565028
x,s,e,f,f,f,c,n,b,t,,k,k,w,p,p,w,o,e,w,v,d,False,True,False,True,True,f__w,f__f,1,1,0.9999817383988268
x,s,n,f,n,a,c,b,y,e,,s,s,o,o,p,o,o,p,o,v,l,True,False,False,False,True,n__o,n__f,0,0,0.00108025646232966
x,y,g,f,f,f,c,b,p,e,b,k,k,b,p,p,w,o,l,h,v,d,False,True,False,False,False,f__h,f__f,1,1,0.9998221310451502
f,s,g,f,n,f,w,b,h,t,e,s,s,w,w,p,w,o,e,k,s,g,True,False,False,False,False,n__k,n__f,0,0,2.075478806902764e-05
f,y,g,f,f,f,c,b,h,e,b,k,k,n,p,p,w,o,l,h,v,g,False,True,False,False,False,f__h,f__f,1,1,0.9999527742804983
x,s,e,f,f,f,c,n,b,t,,k,s,p,w,p,w,o,e,w,v,d,False,True,False,True,True,f__w,f__f,1,1,0.9999559249310148
f,s,n,f,s,f,c,n,b,t,,k,s,p,p,p,w,o,e,w,v,p,False,True,False,True,True,s__w,s__f,1,1,0.9998902263329402
f,y,y,f,f,f,c,b,p,e,b,k,k,n,p,p,w,o,l,h,v,g,False,True,False,False,False,f__h,f__f,1,1,0.9999457485859385
x,s,w,t,a,f,c,b,n,e,c,s,s,w,w,p,w,o,p,n,s,m,False,False,True,False,False,a__n,a__t,0,0,0.0010199798214778138
f,y,g,f,f,f,c,b,h,e,b,k,k,b,p,p,w,o,l,h,v,p,False,True,False,False,False,f__h,f__f,1,1,0.9999019055028692
x,y,y,f,f,f,c,b,p,e,b,k,k,n,n,p,w,o,l,h,v,d,False,True,False,False,False,f__h,f__f,1,1,0.9997990327319676
x,f,e,t,n,f,c,b,p,t,b,s,s,w,p,p,w,o,p,k,y,d,True,False,True,False,False,n__k,n__t,0,0,0.00023537581216688576
x,f,n,t,n,f,c,b,n,t,b,s,s,w,p,p,w,o,p,n,v,d,True,False,True,False,False,n__n,n__t,0,0,0.0005402377982777784
f,y,g,t,n,f,c,b,p,t,b,s,s,w,w,p,w,o,p,n,y,d,True,False,True,False,False,n__n,n__t,0,0,0.0005117642580898958
x,f,g,t,n,f,c,b,p,t,b,s,s,g,p,p,w,o,p,k,v,d,True,False,True,False,False,n__k,n__t,0,0,0.0005896528170984146
f,f,y,f,f,f,c,b,h,e,b,k,k,n,p,p,w,o,l,h,v,p,False,True,False,False,False,f__h,f__f,1,1,0.9998606931278632
k,s,n,f,s,f,c,n,b,t,,k,k,w,p,p,w,o,e,w,v,d,False,True,False,True,True,s__w,s__f,1,1,0.999949639048097
k,y,n,f,s,f,c,n,b,t,,k,s,p,w,p,w,o,e,w,v,l,False,True,False,True,True,s__w,s__f,1,1,0.9999133352446823
x,f,g,f,n,f,w,b,g,e,,k,k,w,w,p,w,t,p,w,s,g,True,False,False,False,True,n__w,n__f,0,0,0.0036531743833275302
x,f,g,f,f,f,c,b,p,e,b,k,k,p,n,p,w,o,l,h,y,g,False,True,False,False,False,f__h,f__f,1,1,0.999325574953377
x,s,g,f,n,f,w,b,k,t,e,f,s,w,w,p,w,o,e,k,a,g,True,False,False,False,False,n__k,n__f,0,0,1.7727509434990498e-05
x,y,e,t,n,f,c,b,w,t,b,s,s,w,g,p,w,o,p,n,v,d,True,False,True,False,False,n__n,n__t,0,0,0.0013157388150105717
f,f,w,f,n,f,w,b,p,t,e,f,s,w,w,p,w,o,e,n,a,g,True,False,False,False,False,n__n,n__f,0,0,2.3129079523456432e-05
f,f,n,f,n,f,c,n,k,e,e,s,s,w,w,p,w,o,p,k,v,u,True,False,False,True,False,n__k,n__f,0,0,0.011344377847405288
b,f,g,f,n,f,w,b,g,e,,s,s,w,w,p,w,t,p,w,s,g,True,False,False,False,True,n__w,n__f,0,0,0.0003043360752832022
f,y,e,f,y,f,c,n,b,t,,s,s,w,w,p,w,o,e,w,v,d,False,True,False,True,True,y__w,y__f,1,1,0.9989767717226634
x,f,n,f,n,f,w,b,p,t,e,s,s,w,w,p,w,o,e,n,a,g,True,False,False,False,False,n__n,n__f,0,0,3.6172724499758285e-06
f,s,n,f,f,f,c,n,b,t,,s,k,p,p,p,w,o,e,w,v,l,False,True,False,True,True,f__w,f__f,1,1,0.9998647226168934
k,s,g,f,n,f,w,b,g,e,,k,s,w,w,p,w,t,p,w,n,g,True,False,False,False,True,n__w,n__f,0,0,0.0021011002387563795
f,s,w,t,f,f,c,b,p,t,b,f,s,w,w,p,w,o,p,h,s,u,False,True,True,False,False,f__h,f__t,1,1,0.9975558136078029
x,y,e,f,f,f,c,n,b,t,,s,k,p,w,p,w,o,e,w,v,p,False,True,False,True,True,f__w,f__f,1,1,0.9996342913683617
b,s,w,t,a,f,c,b,g,e,c,s,s,w,w,p,w,o,p,k,n,m,False,False,True,False,False,a__k,a__t,0,0,0.0035419574971504624
f,s,e,f,f,f,c,n,b,t,,k,s,w,w,p,w,o,e,w,v,d,False,True,False,True,True,f__w,f__f,1,1,0.9999730877720532
f,y,e,f,y,f,c,n,b,t,,s,s,p,w,p,w,o,e,w,v,d,False,True,False,True,True,y__w,y__f,1,1,0.9988551476361247
b,y,w,t,a,f,c,b,n,e,c,s,s,w,w,p,w,o,p,n,s,g,False,False,True,False,False,a__n,a__t,0,0,0.0017736814701726686
x,f,g,t,n,f,c,b,w,t,b,s,s,w,p,p,w,o,p,k,v,d,True,False,True,False,False,n__k,n__t,0,0,0.001341022337437786
x,y,n,t,n,f,c,b,p,t,b,s,s,w,p,p,w,o,p,n,y,d,True,False,True,False,False,n__n,n__t,0,0,0.0002891892621803109
x,s,n,f,y,f,c,n,b,t,,s,k,w,p,p,w,o,e,w,v,l,False,True,False,True,True,y__w,y__f,1,1,0.9995208059820213
f,y,e,t,n,f,c,b,u,t,b,s,s,p,w,p,w,o,p,k,v,d,True,False,True,False,False,n__k,n__t,0,0,0.0018151454861473737
b,s,b,t,n,f,c,b,g,e,b,s,s,w,w,p,w,t,p,r,v,g,True,False,True,False,False,n__r,n__t,1,1,0.9697016896004272
x,s,n,f,n,a,c,b,o,e,,s,s,o,o,p,n,o,p,b,c,l,True,False,False,False,True,n__b,n__f,0,0,0.0008161799697102241
x,f,p,f,c,f,w,n,p,e,b,s,s,w,w,p,w,o,p,n,v,d,False,True,False,True,False,c__n,c__f,1,1,0.9943947364703332
f,y,n,t,n,f,c,b,e,e,,s,s,e,w,p,w,t,e,w,c,w,True,False,True,False,True,n__w,n__t,0,0,0.0029830454978524547
f,y,e,f,s,f,c,n,b,t,,k,k,p,p,p,w,o,e,w,v,p,False,True,False,True,True,s__w,s__f,1,1,0.9999499276394109
x,y,n,t,n,f,c,b,u,t,b,s,s,g,w,p,w,o,p,k,y,d,True,False,True,False,False,n__k,n__t,0,0,0.00022188529331321316
f,s,b,t,n,f,c,b,g,e,b,s,s,w,w,p,w,t,p,r,v,g,True,False,True,False,False,n__r,n__t,1,1,0.9552198135625422
f,y,y,f,f,f,c,b,g,e,b,k,k,b,b,p,w,o,l,h,v,g,False,True,False,False,False,f__h,f__f,1,1,0.9999743963066091
x,s,e,f,s,f,c,n,b,t,,s,k,w,p,p,w,o,e,w,v,p,False,True,False,True,True,s__w,s__f,1,1,0.9992362194787668
k,s,b,t,n,f,c,b,w,e,,s,s,w,e,p,w,t,e,w,c,w,True,False,True,False,True,n__w,n__t,0,0,0.011089334903161954
x,s,n,t,p,f,c,n,p,e,e,s,s,w,w,p,w,o,p,k,s,g,False,True,True,True,False,p__k,p__t,1,1,0.9965092103275356
f,f,w,f,n,f,w,b,p,t,e,f,f,w,w,p,w,o,e,k,a,g,True,False,False,False,False,n__k,n__f,0,0,1.964466190531493e-05
f,f,w,f,n,f,w,b,p,t,e,s,f,w,w,p,w,o,e,n,s,g,True,False,False,False,False,n__n,n__f,0,0,1.039212915338304e-05
x,y,w,t,l,f,c,b,n,e,c,s,s,w,w,p,w,o,p,k,n,m,False,False,True,False,False,l__k,l__t,0,0,0.0007202769175045467
f,y,g,f,f,f,c,b,p,e,b,k,k,b,n,p,w,o,l,h,y,d,False,True,False,False,False,f__h,f__f,1,1,0.9994506686717425
x,f,g,f,f,f,c,b,g,e,b,k,k,p,b,p,w,o,l,h,v,p,False,True,False,False,False,f__h,f__f,1,1,0.9998032780059487
f,s,n,f,f,f,c,n,b,t,,s,s,p,p,p,w,o,e,w,v,p,False,True,False,True,True,f__w,f__f,1,1,0.9994754548708998
x,y,g,f,f,f,c,b,g,e,b,k,k,b,p,p,w,o,l,h,y,p,False,True,False,False,False,f__h,f__f,1,1,0.9995577096373194
f,y,e,t,n,f,c,b,w,t,b,s,s,p,w,p,w,o,p,n,v,d,True,False,True,False,False,n__n,n__t,0,0,0.0022142687426305397
x,s,y,t,l,f,w,n,w,t,b,s,s,w,w,p,w,o,p,n,v,d,False,False,True,True,False,l__n,l__t,0,0,0.010719404955721441
k,y,e,f,s,f,c,n,b,t,,s,s,p,w,p,w,o,e,w,v,d,False,True,False,True,True,s__w,s__f,1,1,0.9985357465187061
f,y,n,f,f,f,c,n,b,t,,k,s,p,p,p,w,o,e,w,v,d,False,True,False,True,True,f__w,f__f,1,1,0.9999631542360957
f,f,w,f,n,f,w,b,p,t,e,s,s,w,w,p,w,o,e,n,a,g,True,False,False,False,False,n__n,n__f,0,0,1.3379122116823635e-05
f,s,g,f,n,f,w,b,h,t,e,f,s,w,w,p,w,o,e,k,a,g,True,False,False,False,False,n__k,n__f,0,0,3.4823557170415025e-05
f,y,n,f,y,f,c,n,b,t,,k,s,p,p,p,w,o,e,w,v,p,False,True,False,True,True,y__w,y__f,1,1,0.9998781816197515
x,s,n,f,n,a,c,b,n,e,,s,s,o,o,p,o,o,p,n,v,l,True,False,False,False,True,n__n,n__f,0,0,9.592776404401978e-05
x,y,e,f,f,f,c,n,b,t,,s,s,w,p,p,w,o,e,w,v,l,False,True,False,True,True,f__w,f__f,1,1,0.9996557342920861
x,s,n,f,y,f,c,n,b,t,,k,k,w,w,p,w,o,e,w,v,p,False,True,False,True,True,y__w,y__f,1,1,0.9999265815316982
x,s,g,t,f,f,c,b,p,t,b,s,s,w,w,p,w,o,p,h,v,g,False,True,True,False,False,f__h,f__t,1,1,0.9951107865155755
f,s,n,f,n,a,c,b,y,e,,s,s,o,o,p,n,o,p,o,c,l,True,False,False,False,True,n__o,n__f,0,0,0.0015533080231195883
f,s,w,t,p,f,c,n,k,e,e,s,s,w,w,p,w,o,p,k,v,u,False,True,True,True,False,p__k,p__t,1,1,0.999329768699104
k,y,e,f,s,f,c,n,b,t,,k,s,p,p,p,w,o,e,w,v,d,False,True,False,True,True,s__w,s__f,1,1,0.9998903354613664
f,f,e,t,n,f,c,b,u,t,b,s,s,p,w,p,w,o,p,k,v,d,True,False,True,False,False,n__k,n__t,0,0,0.0011267930516934482
x,s,n,f,f,f,c,n,b,t,,k,s,w,p,p,w,o,e,w,v,d,False,True,False,True,True,f__w,f__f,1,1,0.9999560747048315
f,s,n,f,n,a,c,b,o,e,,s,s,o,o,p,o,o,p,y,c,l,True,False,False,False,True,n__y,n__f,0,0,0.0011921078592102168
x,f,w,f,c,f,c,n,g,e,b,s,s,w,w,p,w,o,p,n,v,d,False,True,False,True,False,c__n,c__f,1,1,0.9995241422832879
f,s,n,f,f,f,c,n,b,t,,k,k,w,p,p,w,o,e,w,v,d,False,True,False,True,True,f__w,f__f,1,1,0.9999854702093104
f,s,w,f,n,f,w,b,h,t,e,s,f,w,w,p,w,o,e,n,s,g,True,False,False,False,False,n__n,n__f,0,0,2.7791467522168256e-05
f,f,g,t,n,f,c,b,n,t,b,s,s,w,p,p,w,o,p,n,v,d,True,False,True,False,False,n__n,n__t,0,0,0.0009980651131249669
k,s,n,f,y,f,c,n,b,t,,k,s,p,w,p,w,o,e,w,v,p,False,True,False,True,True,y__w,y__f,1,1,0.999849964982058
f,y,g,f,f,f,c,b,g,e,b,k,k,n,b,p,w,o,l,h,y,p,False,True,False,False,False,f__h,f__f,1,1,0.9996681585949966
f,s,n,f,s,f,c,n,b,t,,s,s,w,w,p,w,o,e,w,v,p,False,True,False,True,True,s__w,s__f,1,1,0.9986899571374469
f,f,g,f,f,f,c,b,h,e,b,k,k,n,b,p,w,o,l,h,y,g,False,True,False,False,False,f__h,f__f,1,1,0.9997459135620331
f,y,n,f,y,f,c,n,b,t,,k,k,p,p,p,w,o,e,w,v,l,False,True,False,True,True,y__w,y__f,1,1,0.999968593082692
b,y,y,t,a,f,c,b,g,e,c,s,s,w,w,p,w,o,p,k,s,m,False,False,True,False,False,a__k,a__t,0,0,0.0035807630718948744
f,f,g,t,n,f,c,b,u,t,b,s,s,g,w,p,w,o,p,n,v,d,True,False,True,False,False,n__n,n__t,0,0,0.0007957246053985241
x,s,w,t,p,f,c,n,w,e,e,s,s,w,w,p,w,o,p,k,s,g,False,True,True,True,False,p__k,p__t,1,1,0.9990716170818351
f,s,w,t,f,f,c,b,h,t,b,f,s,w,w,p,w,o,p,h,s,u,False,True,True,False,False,f__h,f__t,1,1,0.9983822660971221
k,s,e,f,y,f,c,n,b,t,,k,k,w,p,p,w,o,e,w,v,d,False,True,False,True,True,y__w,y__f,1,1,0.9999562562628154
x,y,e,t,n,f,c,b,u,t,b,s,s,p,p,p,w,o,p,n,y,d,True,False,True,False,False,n__n,n__t,0,0,0.00032649947174487293
f,f,y,t,l,f,w,n,w,t,b,s,s,w,w,p,w,o,p,u,v,d,False,False,True,True,False,l__u,l__t,0,0,0.01680382416973599
x,y,e,t,n,f,c,b,w,e,,s,s,w,w,p,w,t,e,w,c,w,True,False,True,False,True,n__w,n__t,0,0,0.006475317815914152
x,y,y,t,l,f,c,b,k,e,c,s,s,w,w,p,w,o,p,k,n,g,False,False,True,False,False,l__k,l__t,0,0,0.0005433209808867931
f,y,y,f,f,f,c,b,h,e,b,k,k,b,n,p,w,o,l,h,y,p,False,True,False,False,False,f__h,f__f,1,1,0.9996630960366336
f,f,e,t,n,f,c,b,n,t,b,s,s,p,g,p,w,o,p,k,v,d,True,False,True,False,False,n__k,n__t,0,0,0.0006892638278997287
b,s,w,t,l,f,c,b,n,e,c,s,s,w,w,p,w,o,p,k,s,m,False,False,True,False,False,l__k,l__t,0,0,0.0029198678884420834
k,y,e,f,f,f,c,n,b,t,,k,s,p,w,p,w,o,e,w,v,p,False,True,False,True,True,f__w,f__f,1,1,0.9999478190758924
b,f,g,f,n,f,w,b,p,e,,k,s,w,w,p,w,t,p,w,n,g,True,False,False,False,True,n__w,n__f,0,0,0.0013343312813384467
x,f,n,t,n,f,c,b,n,t,b,s,s,w,w,p,w,o,p,n,y,d,True,False,True,False,False,n__n,n__t,0,0,0.00014679356012233048
f,y,g,t,n,f,c,b,w,t,b,s,s,g,p,p,w,o,p,k,y,d,True,False,True,False,False,n__k,n__t,0,0,0.00058858091528118
f,y,r,f,n,f,c,n,u,e,,s,f,w,w,p,w,o,f,h,v,d,True,False,False,True,True,n__h,n__f,0,0,0.022235454533412108
x,s,n,t,p,f,c,n,k,e,e,s,s,w,w,p,w,o,p,n,v,g,False,True,True,True,False,p__n,p__t,1,1,0.9980343877034571
f,y,e,t,n,f,c,b,n,t,b,s,s,p,g,p,w,o,p,k,y,d,True,False,True,False,False,n__k,n__t,0,0,0.00031524933588435443
k,f,w,f,n,f,w,b,w,e,,s,k,w,w,p,w,t,p,w,s,g,True,False,False,False,True,n__w,n__f,0,0,0.0005585050812568279
f,f,y,f,f,f,c,b,p,e,b,k,k,n,n,p,w,o,l,h,y,g,False,True,False,False,False,f__h,f__f,1,1,0.9996046824061193
f,f,g,t,n,f,c,b,p,t,b,s,s,w,p,p,w,o,p,k,v,d,True,False,True,False,False,n__k,n__t,0,0,0.0013157875627197529
x,s,b,t,f,f,c,b,w,t,b,s,f,w,w,p,w,o,p,h,s,u,False,True,True,False,False,f__h,f__t,1,1,0.9943344489357357
x,y,e,f,f,f,c,n,b,t,,s,k,p,p,p,w,o,e,w,v,l,False,True,False,True,True,f__w,f__f,1,1,0.999813471588113
f,s,n,f,n,a,c,b,n,e,,s,s,o,o,p,o,o,p,b,v,l,True,False,False,False,True,n__b,n__f,0,0,0.000789874423739405
x,s,w,t,a,f,w,n,p,t,b,s,s,w,w,p,w,o,p,u,v,d,False,False,True,True,False,a__u,a__t,0,0,0.02119601084058932
f,f,y,f,f,f,c,b,g,e,b,k,k,b,b,p,w,o,l,h,v,p,False,True,False,False,False,f__h,f__f,1,1,0.9999005840951221
x,y,y,f,f,f,c,b,g,e,b,k,k,p,b,p,w,o,l,h,v,p,False,True,False,False,False,f__h,f__f,1,1,0.9999072785819009
f,f,g,f,n,f,w,b,k,t,e,f,s,w,w,p,w,o,e,k,s,g,True,False,False,False,False,n__k,n__f,0,0,1.5115281763273963e-05
b,f,w,f,n,f,w,b,g,e,,k,k,w,w,p,w,t,p,w,n,g,True,False,False,False,True,n__w,n__f,0,0,0.00946443051196833
f,f,g,t,n,f,c,b,p,t,b,s,s,w,w,p,w,o,p,k,y,d,True,False,True,False,False,n__k,n__t,0,0,0.00035772831140710667
x,s,n,f,y,f,c,n,b,t,,s,s,p,p,p,w,o,e,w,v,p,False,True,False,True,True,y__w,y__f,1,1,0.9979233021163993
x,y,w,t,l,f,c,b,g,e,c,s,s,w,w,p,w,o,p,k,s,m,False,False,True,False,False,l__k,l__t,0,0,0.0024553826071202997
f,s,g,f,n,f,w,b,h,t,e,s,f,w,w,p,w,o,e,n,a,g,True,False,False,False,False,n__n,n__f,0,0,1.3479256122060957e-05
x,y,g,f,f,f,c,b,p,e,b,k,k,n,b,p,w,o,l,h,v,p,False,True,False,False,False,f__h,f__f,1,1,0.9997616650821844
f,y,e,t,n,f,c,b,p,t,b,s,s,g,g,p,w,o,p,k,v,d,True,False,True,False,False,n__k,n__t,0,0,0.0009535971663935296
f,y,n,f,y,f,c,n,b,t,,k,k,p,p,p,w,o,e,w,v,d,False,True,False,True,True,y__w,y__f,1,1,0.9999516741042167
k,s,n,f,s,f,c,n,b,t,,s,k,p,p,p,w,o,e,w,v,l,False,True,False,True,True,s__w,s__f,1,1,0.9995312616753115
f,y,g,f,f,f,c,b,h,e,b,k,k,n,b,p,w,o,l,h,y,p,False,True,False,False,False,f__h,f__f,1,1,0.9996203539266152
f,s,n,f,y,f,c,n,b,t,,s,s,w,p,p,w,o,e,w,v,d,False,True,False,True,True,y__w,y__f,1,1,0.9989599463875646
x,y,e,f,f,f,c,n,b,t,,s,k,p,p,p,w,o,e,w,v,p,False,True,False,True,True,f__w,f__f,1,1,0.9996497698486052
x,f,e,t,n,f,c,b,u,t,b,s,s,g,p,p,w,o,p,n,y,d,True,False,True,False,False,n__n,n__t,0,0,0.0001485726439388305
x,y,g,t,n,f,c,b,p,t,b,s,s,p,p,p,w,o,p,n,v,d,True,False,True,False,False,n__n,n__t,0,0,0.0011497164690172307
k,y,n,f,s,f,c,n,b,t,,k,s,p,p,p,w,o,e,w,v,p,False,True,False,True,True,s__w,s__f,1,1,0.9998441511095534
x,y,y,f,f,f,c,b,g,e,b,k,k,b,p,p,w,o,l,h,y,d,False,True,False,False,False,f__h,f__f,1,1,0.9997246336074197
k,s,w,f,n,f,w,b,g,e,,s,s,w,w,p,w,t,p,w,n,g,True,False,False,False,True,n__w,n__f,0,0,0.0003289612038103359
x,s,e,f,s,f,c,n,b,t,,s,s,p,p,p,w,o,e,w,v,l,False,True,False,True,True,s__w,s__f,1,1,0.9990600834007707
b,s,w,t,a,f,c,b,w,e,c,s,s,w,w,p,w,o,p,k,s,m,False,False,True,False,False,a__k,a__t,0,0,0.005141717557461647
f,s,g,t,f,f,c,b,w,t,b,f,f,w,w,p,w,o,p,h,s,u,False,True,True,False,False,f__h,f__t,1,1,0.9956588813238364
b,s,y,t,a,f,c,b,k,e,c,s,s,w,w,p,w,o,p,n,n,g,False,False,True,False,False,a__n,a__t,0,0,0.0010017662215184337
x,f,n,t,n,f,c,b,u,t,b,s,s,w,g,p,w,o,p,n,y,d,True,False,True,False,False,n__n,n__t,0,0,0.00014475578123411073
f,y,y,t,l,f,c,b,p,e,r,s,y,w,w,p,w,o,p,n,s,p,False,False,True,False,False,l__n,l__t,0,0,0.002477937033983333
f,y,u,f,n,f,c,n,h,e,,s,f,w,w,p,w,o,f,h,y,d,True,False,False,True,True,n__h,n__f,0,0,0.009575546494088887
x,y,g,f,f,f,c,b,g,e,b,k,k,b,b,p,w,o,l,h,y,p,False,True,False,False,False,f__h,f__f,1,1,0.999581222549108
x,y,n,f,s,f,c,n,b,t,,s,k,p,p,p,w,o,e,w,v,d,False,True,False,True,True,s__w,s__f,1,1,0.9991054087459813
f,f,n,t,n,f,c,b,w,t,b,s,s,p,g,p,w,o,p,k,v,d,True,False,True,False,False,n__k,n__t,0,0,0.0010331426325429726
x,f,g,t,n,f,c,b,n,t,b,s,s,w,p,p,w,o,p,n,y,d,True,False,True,False,False,n__n,n__t,0,0,0.0001935650802609054
x,y,e,f,f,f,c,n,b,t,,s,s,p,w,p,w,o,e,w,v,p,False,True,False,True,True,f__w,f__f,1,1,0.9992448849542728
f,y,e,t,n,f,c,b,w,t,b,s,s,w,w,p,w,o,p,k,y,d,True,False,True,False,False,n__k,n__t,0,0,0.0007928682170982531
f,y,y,f,f,f,c,b,p,e,b,k,k,p,n,p,w,o,l,h,y,p,False,True,False,False,False,f__h,f__f,1,1,0.999476786375994
k,y,c,f,n,f,w,n,w,e,b,f,s,w,n,p,w,o,e,w,v,l,True,False,False,True,False,n__w,n__f,0,0,0.05181256997570224
f,y,c,f,n,f,w,n,w,e,b,f,s,w,n,p,w,o,e,w,v,l,True,False,False,True,False,n__w,n__f,0,0,0.06604380105935527
b,s,w,t,a,f,c,b,n,e,c,s,s,w,w,p,w,o,p,n,n,m,False,False,True,False,False,a__n,a__t,0,0,0.001327836274909931
f,s,n,f,y,f,c,n,b,t,,k,k,w,w,p,w,o,e,w,v,p,False,True,False,True,True,y__w,y__f,1,1,0.9999498357357273
f,f,g,f,f,f,c,b,g,e,b,k,k,p,b,p,w,o,l,h,v,d,False,True,False,False,False,f__h,f__f,1,1,0.9998898582811915
x,s,y,t,a,f,c,b,g,e,c,s,s,w,w,p,w,o,p,n,n,m,False,False,True,False,False,a__n,a__t,0,0,0.0008058602389097967
x,y,g,t,n,f,c,b,u,t,b,s,s,w,g,p,w,o,p,k,y,d,True,False,True,False,False,n__k,n__t,0,0,0.00033193748415884374
x,s,w,f,n,f,w,b,p,t,e,s,s,w,w,p,w,o,e,n,a,g,True,False,False,False,False,n__n,n__f,0,0,1.6167134327627166e-05
x,f,n,f,n,f,w,b,n,t,e,f,s,w,w,p,w,o,e,n,s,g,True,False,False,False,False,n__n,n__f,0,0,5.504367868439659e-06
b,f,g,f,n,f,w,b,w,e,,k,k,w,w,p,w,t,p,w,s,g,True,False,False,False,True,n__w,n__f,0,0,0.006894530704227733
k,y,e,f,m,a,c,b,y,e,c,k,y,c,c,p,w,n,n,w,c,d,False,True,False,False,False,m__w,m__f,1,1,0.9981544392096356
x,f,w,f,c,f,c,n,u,e,b,s,s,w,w,p,w,o,p,k,s,d,False,True,False,True,False,c__k,c__f,1,1,0.9988049905133155
f,y,y,t,a,f,c,b,p,e,r,s,y,w,w,p,w,o,p,k,y,p,False,False,True,False,False,a__k,a__t,0,0,0.001674667840289823
x,f,g,f,f,f,c,b,g,e,b,k,k,n,n,p,w,o,l,h,v,d,False,True,False,False,False,f__h,f__f,1,1,0.9997535279987382
x,y,n,f,n,f,w,n,w,e,b,s,f,w,n,p,w,o,e,w,v,l,True,False,False,True,False,n__w,n__f,0,0,0.0270286886381603
k,y,e,f,f,f,c,n,b,t,,k,s,p,p,p,w,o,e,w,v,d,False,True,False,True,True,f__w,f__f,1,1,0.999959054088927
f,f,g,f,f,f,c,b,p,e,b,k,k,b,p,p,w,o,l,h,v,d,False,True,False,False,False,f__h,f__f,1,1,0.9998040983853262
f,f,n,t,n,f,c,b,n,t,b,s,s,w,p,p,w,o,p,k,y,d,True,False,True,False,False,n__k,n__t,0,0,0.00025272806169783984
f,y,n,t,n,f,c,b,n,t,b,s,s,g,g,p,w,o,p,n,y,d,True,False,True,False,False,n__n,n__t,0,0,0.0001762533365292593
b,y,w,t,n,f,w,n,w,e,b,s,s,w,w,p,w,o,p,w,c,l,True,False,True,True,False,n__w,n__t,1,1,0.7337839302138656
k,s,e,f,f,f,c,n,b,t,,k,s,w,w,p,w,o,e,w,v,d,False,True,False,True,True,f__w,f__f,1,1,0.9999651734201895
k,s,n,f,n,a,c,b,n,e,,s,s,o,o,p,n,o,p,b,c,l,True,False,False,False,True,n__b,n__f,0,0,0.000600055457468968
b,s,n,f,n,a,c,b,o,e,,s,s,o,o,p,o,o,p,n,v,l,True,False,False,False,True,n__n,n__f,0,0,0.0003240509880133636
x,y,g,f,f,f,c,b,h,e,b,k,k,n,p,p,w,o,l,h,y,g,False,True,False,False,False,f__h,f__f,1,1,0.9997563453385537
f,y,w,t,p,f,c,n,k,e,e,s,s,w,w,p,w,o,p,k,s,g,False,True,True,True,False,p__k,p__t,1,1,0.9990785383336711
f,f,g,t,n,f,c,b,w,t,b,s,s,p,g,p,w,o,p,k,v,d,True,False,True,False,False,n__k,n__t,0,0,0.0013043504194792188
x,f,g,f,n,f,w,b,k,t,e,s,s,w,w,p,w,o,e,n,a,g,True,False,False,False,False,n__n,n__f,0,0,5.146447037556582e-06
x,s,w,t,a,f,w,n,w,t,b,s,s,w,w,p,w,o,p,n,v,d,False,False,True,True,False,a__n,a__t,0,0,0.01642582464998461
x,f,y,f,f,f,c,b,h,e,b,k,k,b,p,p,w,o,l,h,y,p,False,True,False,False,False,f__h,f__f,1,1,0.9993803950969005
x,s,n,f,s,f,c,n,b,t,,s,s,p,w,p,w,o,e,w,v,d,False,True,False,True,True,s__w,s__f,1,1,0.9982427882318503
f,y,g,f,f,f,c,b,g,e,b,k,k,n,n,p,w,o,l,h,v,p,False,True,False,False,False,f__h,f__f,1,1,0.9998724885079007
x,s,g,t,f,f,c,b,w,t,b,f,s,w,w,p,w,o,p,h,v,u,False,True,True,False,False,f__h,f__t,1,1,0.9973031374485657
f,y,n,f,n,f,w,n,w,e,b,f,s,w,n,p,w,o,e,w,v,l,True,False,False,True,False,n__w,n__f,0,0,0.08528364073908756
k,s,n,f,f,f,c,n,b,t,,s,s,p,p,p,w,o,e,w,v,l,False,True,False,True,True,f__w,f__f,1,1,0.9996384747407436
f,f,e,t,n,f,c,b,p,t,b,s,s,p,g,p,w,o,p,n,y,d,True,False,True,False,False,n__n,n__t,0,0,0.0002032052975495044
k,s,n,f,n,a,c,b,n,e,,s,s,o,o,p,n,o,p,n,v,l,True,False,False,False,True,n__n,n__f,0,0,0.00010829483348021877
x,y,e,t,n,f,c,b,u,t,b,s,s,p,p,p,w,o,p,k,v,d,True,False,True,False,False,n__k,n__t,0,0,0.0012957010613059775
x,s,e,f,y,f,c,n,b,t,,s,s,w,w,p,w,o,e,w,v,l,False,True,False,True,True,y__w,y__f,1,1,0.9991127832405676
f,y,g,f,f,f,c,b,h,e,b,k,k,b,p,p,w,o,l,h,v,d,False,True,False,False,False,f__h,f__f,1,1,0.9999196224735165
x,f,n,f,n,f,w,b,h,t,e,s,f,w,w,p,w,o,e,k,a,g,True,False,False,False,False,n__k,n__f,0,0,4.645712812452043e-06
b,s,y,t,a,f,c,b,w,e,c,s,s,w,w,p,w,o,p,k,s,m,False,False,True,False,False,a__k,a__t,0,0,0.0033880258298432915
x,y,n,t,n,f,c,b,n,t,b,s,s,g,g,p,w,o,p,k,y,d,True,False,True,False,False,n__k,n__t,0,0,0.0001356803955493117
f,f,n,f,n,f,c,n,g,e,e,s,s,w,w,p,w,o,p,k,y,u,True,False,False,True,False,n__k,n__f,0,0,0.0049726869791337875
x,y,g,f,f,f,c,b,g,e,b,k,k,b,b,p,w,o,l,h,y,d,False,True,False,False,False,f__h,f__f,1,1,0.9996568385943388
x,s,g,f,n,f,w,b,h,t,e,f,f,w,w,p,w,o,e,n,s,g,True,False,False,False,False,n__n,n__f,0,0,1.6404110127682616e-05
x,y,e,f,s,f,c,n,b,t,,s,k,w,p,p,w,o,e,w,v,p,False,True,False,True,True,s__w,s__f,1,1,0.9991620901359703
f,y,g,t,n,f,c,b,p,t,b,s,s,p,g,p,w,o,p,k,v,d,True,False,True,False,False,n__k,n__t,0,0,0.0014093961664579646
x,s,g,f,n,f,w,b,k,t,e,f,s,w,w,p,w,o,e,n,a,g,True,False,False,False,False,n__n,n__f,0,0,1.5734954358448502e-05
x,f,y,f,f,f,c,b,h,e,b,k,k,b,n,p,w,o,l,h,v,p,False,True,False,False,False,f__h,f__f,1,1,0.999774533677339
x,f,y,f,f,f,c,b,p,e,b,k,k,p,n,p,w,o,l,h,v,d,False,True,False,False,False,f__h,f__f,1,1,0.9997130599655689
x,s,n,f,y,f,c,n,b,t,,k,k,p,w,p,w,o,e,w,v,l,False,True,False,True,True,y__w,y__f,1,1,0.9999562509746298
x,y,n,t,n,f,c,b,u,t,b,s,s,p,w,p,w,o,p,k,v,d,True,False,True,False,False,n__k,n__t,0,0,0.0010658019652528667
b,s,n,f,n,a,c,b,n,e,,s,s,o,o,p,n,o,p,b,c,l,True,False,False,False,True,n__b,n__f,0,0,0.0011644289571464785
b,s,w,t,l,f,c,b,n,e,c,s,s,w,w,p,w,o,p,n,n,m,False,False,True,False,False,l__n,l__t,0,0,0.0013098147395416788
f,s,w,t,p,f,c,n,k,e,e,s,s,w,w,p,w,o,p,k,s,g,False,True,True,True,False,p__k,p__t,1,1,0.9991600532363815
k,s,w,f,n,f,w,b,g,e,,k,k,w,w,p,w,t,p,w,s,g,True,False,False,False,True,n__w,n__f,0,0,0.014464185749828105
b,y,b,t,n,f,c,b,g,e,b,s,s,w,w,p,w,t,p,r,v,m,True,False,True,False,False,n__r,n__t,1,1,0.9710575260235762
f,y,p,t,n,f,c,b,e,e,,s,s,w,e,p,w,t,e,w,c,w,True,False,True,False,True,n__w,n__t,0,0,0.007429890327901363
f,y,e,f,f,f,c,n,b,t,,k,s,w,p,p,w,o,e,w,v,d,False,True,False,True,True,f__w,f__f,1,1,0.9999717237637835
x,f,g,f,f,f,c,b,g,e,b,k,k,p,b,p,w,o,l,h,y,g,False,True,False,False,False,f__h,f__f,1,1,0.9997120910583703
f,f,e,t,n,f,c,b,w,t,b,s,s,g,g,p,w,o,p,k,y,d,True,False,True,False,False,n__k,n__t,0,0,0.0002504525928086688
f,y,e,f,f,f,c,n,b,t,,k,k,p,p,p,w,o,e,w,v,l,False,True,False,True,True,f__w,f__f,1,1,0.9999900447925867
f,y,n,f,y,f,c,n,b,t,,k,s,w,p,p,w,o,e,w,v,l,False,True,False,True,True,y__w,y__f,1,1,0.9999420262934632
f,y,g,t,n,f,c,b,w,t,b,s,s,p,p,p,w,o,p,n,v,d,True,False,True,False,False,n__n,n__t,0,0,0.0025067065360470995
x,y,n,f,f,f,c,n,b,t,,s,s,p,w,p,w,o,e,w,v,d,False,True,False,True,True,f__w,f__f,1,1,0.9992794729176959
f,f,g,t,n,f,c,b,w,t,b,s,s,g,g,p,w,o,p,k,v,d,True,False,True,False,False,n__k,n__t,0,0,0.0009569540198812024
f,y,g,t,n,f,c,b,w,t,b,s,s,g,p,p,w,o,p,k,v,d,True,False,True,False,False,n__k,n__t,0,0,0.0020721514792140837
f,y,w,t,p,f,c,n,p,e,e,s,s,w,w,p,w,o,p,n,v,g,False,True,True,True,False,p__n,p__t,1,1,0.9993422634927744
x,f,e,t,n,f,c,b,w,t,b,s,s,p,p,p,w,o,p,n,v,d,True,False,True,False,False,n__n,n__t,0,0,0.00098122240246198
x,y,y,f,n,f,c,n,w,e,,k,y,w,n,p,w,o,e,w,v,d,True,False,False,True,True,n__w,n__f,1,1,0.925700357510745
x,f,w,f,c,f,w,n,n,e,b,s,s,w,w,p,w,o,p,k,v,d,False,True,False,True,False,c__k,c__f,1,1,0.9949479832541539
k,s,e,f,s,f,c,n,b,t,,s,s,p,w,p,w,o,e,w,v,p,False,True,False,True,True,s__w,s__f,1,1,0.9983714482653944
x,f,y,f,f,f,c,b,g,e,b,k,k,b,b,p,w,o,l,h,v,g,False,True,False,False,False,f__h,f__f,1,1,0.9999395946864148
x,s,w,f,c,f,c,n,u,e,b,s,s,w,w,p,w,o,p,k,v,d,False,True,False,True,False,c__k,c__f,1,1,0.9996198842203204
x,f,n,t,n,f,c,b,u,t,b,s,s,g,p,p,w,o,p,k,v,d,True,False,True,False,False,n__k,n__t,0,0,0.0005066254899023499
f,y,g,t,n,f,c,b,w,t,b,s,s,w,g,p,w,o,p,n,v,d,True,False,True,False,False,n__n,n__t,0,0,0.002086735066262682
x,f,e,t,n,f,c,b,n,t,b,s,s,w,w,p,w,o,p,k,v,d,True,False,True,False,False,n__k,n__t,0,0,0.0006786711137707967
f,f,y,f,n,f,c,n,w,e,,k,y,w,y,p,w,o,e,w,v,d,True,False,False,True,True,n__w,n__f,1,1,0.9719078104969172
k,s,e,f,f,f,c,n,b,t,,s,s,p,p,p,w,o,e,w,v,d,False,True,False,True,True,f__w,f__f,1,1,0.9995223494452827
x,f,g,t,n,f,c,b,u,t,b,s,s,g,w,p,w,o,p,n,y,d,True,False,True,False,False,n__n,n__t,0,0,0.00015429790393797573
f,f,y,f,f,f,c,b,h,e,b,k,k,b,p,p,w,o,l,h,y,g,False,True,False,False,False,f__h,f__f,1,1,0.9998241800950367
x,y,e,f,f,f,c,n,b,t,,s,s,p,p,p,w,o,e,w,v,d,False,True,False,True,True,f__w,f__f,1,1,0.9994073781846399
x,s,y,t,a,f,c,b,g,e,c,s,s,w,w,p,w,o,p,n,s,g,False,False,True,False,False,a__n,a__t,0,0,0.0011810888778475098
f,y,g,t,n,f,c,b,w,t,b,s,s,g,p,p,w,o,p,n,v,d,True,False,True,False,False,n__n,n__t,0,0,0.0018396684532859223
x,f,e,t,n,f,c,b,u,t,b,s,s,w,w,p,w,o,p,k,v,d,True,False,True,False,False,n__k,n__t,0,0,0.000861724121634326
f,y,e,t,n,f,c,b,u,t,b,s,s,p,p,p,w,o,p,k,y,d,True,False,True,False,False,n__k,n__t,0,0,0.0005382630288984064
x,f,g,f,n,f,w,b,h,t,e,s,s,w,w,p,w,o,e,k,s,g,True,False,False,False,False,n__k,n__f,0,0,8.018169815426263e-06
x,f,y,f,f,f,c,b,h,e,b,k,k,b,b,p,w,o,l,h,v,g,False,True,False,False,False,f__h,f__f,1,1,0.9999308900672713
b,s,n,f,n,a,c,b,y,e,,s,s,o,o,p,n,o,p,b,v,l,True,False,False,False,True,n__b,n__f,0,0,0.002363275796703884
x,y,n,t,n,f,c,b,p,t,b,s,s,w,w,p,w,o,p,n,y,d,True,False,True,False,False,n__n,n__t,0,0,0.00027694853819173673
x,s,g,f,n,f,w,b,k,t,e,f,f,w,w,p,w,o,e,n,s,g,True,False,False,False,False,n__n,n__f,0,0,1.2222009971462906e-05
f,s,n,f,s,f,c,n,b,t,,k,k,w,w,p,w,o,e,w,v,l,False,True,False,True,True,s__w,s__f,1,1,0.9999735901353499
x,f,g,t,n,f,c,b,u,t,b,s,s,w,p,p,w,o,p,k,y,d,True,False,True,False,False,n__k,n__t,0,0,0.0002769251178167077
x,s,p,f,c,f,c,n,u,e,b,s,s,w,w,p,w,o,p,n,s,d,False,True,False,True,False,c__n,c__f,1,1,0.999121713532099
x,y,g,f,f,f,c,b,p,e,b,k,k,n,n,p,w,o,l,h,v,p,False,True,False,False,False,f__h,f__f,1,1,0.9996771941010596
x,y,e,t,n,f,c,b,n,t,b,s,s,p,p,p,w,o,p,k,y,d,True,False,True,False,False,n__k,n__t,0,0,0.0002896630793749551
f,y,n,t,n,f,c,b,w,t,b,s,s,g,g,p,w,o,p,n,v,d,True,False,True,False,False,n__n,n__t,0,0,0.0010840952504119295
x,y,n,t,n,f,c,b,w,t,b,s,s,g,w,p,w,o,p,k,v,d,True,False,True,False,False,n__k,n__t,0,0,0.0010747168699797235
x,s,w,t,l,f,c,b,n,e,c,s,s,w,w,p,w,o,p,n,n,g,False,False,True,False,False,l__n,l__t,0,0,0.0005190149031209403
x,f,e,t,n,f,c,b,n,t,b,s,s,p,p,p,w,o,p,n,y,d,True,False,True,False,False,n__n,n__t,0,0,0.0001595144049042323
x,y,n,f,s,f,c,n,b,t,,k,s,p,w,p,w,o,e,w,v,l,False,True,False,True,True,s__w,s__f,1,1,0.999901984683425
f,y,n,f,s,f,c,n,b,t,,s,s,p,w,p,w,o,e,w,v,d,False,True,False,True,True,s__w,s__f,1,1,0.9986821827272211
x,f,w,f,n,f,w,b,g,e,,s,k,w,w,p,w,t,p,w,s,g,True,False,False,False,True,n__w,n__f,0,0,0.0005727148017032439
x,y,w,t,p,f,c,n,p,e,e,s,s,w,w,p,w,o,p,n,s,g,False,True,True,True,False,p__n,p__t,1,1,0.9982892085674482
x,f,w,t,l,f,w,n,p,t,b,s,s,w,w,p,w,o,p,u,v,d,False,False,True,True,False,l__u,l__t,0,0,0.01176123866359084
x,s,w,t,l,f,c,b,n,e,c,s,s,w,w,p,w,o,p,n,s,m,False,False,True,False,False,l__n,l__t,0,0,0.0010061323372167815
f,y,e,t,n,f,c,b,w,t,b,s,s,p,p,p,w,o,p,n,y,d,True,False,True,False,False,n__n,n__t,0,0,0.0006568037367615079
f,f,g,f,f,f,c,b,g,e,b,k,k,p,n,p,w,o,l,h,v,p,False,True,False,False,False,f__h,f__f,1,1,0.9998179340232612
x,f,g,f,f,f,c,b,h,e,b,k,k,n,p,p,w,o,l,h,v,p,False,True,False,False,False,f__h,f__f,1,1,0.9997316578956608
b,y,y,t,l,f,c,b,w,e,c,s,s,w,w,p,w,o,p,n,s,g,False,False,True,False,False,l__n,l__t,0,0,0.0020089471338882183
x,y,n,f,f,f,c,n,b,t,,k,k,p,w,p,w,o,e,w,v,d,False,True,False,True,True,f__w,f__f,1,1,0.9999727382344372
k,s,n,f,s,f,c,n,b,t,,k,k,w,w,p,w,o,e,w,v,p,False,True,False,True,True,s__w,s__f,1,1,0.9999358208389714
f,y,g,t,n,f,c,b,p,t,b,s,s,w,g,p,w,o,p,k,v,d,True,False,True,False,False,n__k,n__t,0,0,0.0015768489127228943
x,y,b,t,n,f,c,b,e,e,,s,s,w,e,p,w,t,e,w,c,w,True,False,True,False,True,n__w,n__t,0,0,0.005663997734289719
f,y,e,t,n,f,c,b,u,t,b,s,s,g,p,p,w,o,p,k,v,d,True,False,True,False,False,n__k,n__t,0,0,0.0013906896556075056
f,y,n,f,s,f,c,n,b,t,,k,s,w,w,p,w,o,e,w,v,p,False,True,False,True,True,s__w,s__f,1,1,0.9998876128765228
s,f,n,f,n,f,c,n,k,e,e,s,s,w,w,p,w,o,p,k,y,u,True,False,False,True,False,n__k,n__f,0,0,0.002765422877040958
x,f,n,t,n,f,c,b,w,t,b,s,s,w,g,p,w,o,p,n,y,d,True,False,True,False,False,n__n,n__t,0,0,0.00019901601596665722
x,y,g,f,f,f,c,b,g,e,b,k,k,n,n,p,w,o,l,h,v,p,False,True,False,False,False,f__h,f__f,1,1,0.9998133858254189
x,s,p,t,n,f,c,b,w,e,b,s,s,w,w,p,w,t,p,w,y,p,True,False,True,False,False,n__w,n__t,0,0,0.012230834349064015
x,y,e,t,n,f,c,b,n,t,b,s,s,g,p,p,w,o,p,k,v,d,True,False,True,False,False,n__k,n__t,0,0,0.0007486863641802396
f,f,e,t,n,f,c,b,p,t,b,s,s,w,p,p,w,o,p,k,v,d,True,False,True,False,False,n__k,n__t,0,0,0.0012134397497058187
k,s,e,f,y,f,c,n,b,t,,k,s,w,p,p,w,o,e,w,v,l,False,True,False,True,True,y__w,y__f,1,1,0.9999412788498524
x,s,e,f,f,f,c,n,b,t,,s,k,w,w,p,w,o,e,w,v,d,False,True,False,True,True,f__w,f__f,1,1,0.9997558933779939
x,y,n,t,n,f,c,b,u,t,b,s,s,g,p,p,w,o,p,n,v,d,True,False,True,False,False,n__n,n__t,0,0,0.0007247293035302553
f,y,g,t,n,f,c,b,u,t,b,s,s,w,w,p,w,o,p,n,v,d,True,False,True,False,False,n__n,n__t,0,0,0.001954832054919567
x,f,g,f,n,f,c,n,n,e,e,s,s,w,w,p,w,o,p,k,v,u,True,False,False,True,False,n__k,n__f,0,0,0.007451800568684576
f,s,w,t,p,f,c,n,p,e,e,s,s,w,w,p,w,o,p,k,v,g,False,True,True,True,False,p__k,p__t,1,1,0.9994679180061139
k,s,e,f,y,f,c,n,b,t,,s,k,w,p,p,w,o,e,w,v,l,False,True,False,True,True,y__w,y__f,1,1,0.9996361140654667
f,y,g,f,f,f,c,b,g,e,b,k,k,b,n,p,w,o,l,h,v,d,False,True,False,False,False,f__h,f__f,1,1,0.999909901535864
f,f,g,f,f,f,c,b,p,e,b,k,k,p,n,p,w,o,l,h,v,g,False,True,False,False,False,f__h,f__f,1,1,0.9998692359288882
f,y,n,t,a,f,c,b,n,e,r,s,y,w,w,p,w,o,p,n,y,g,False,False,True,False,False,a__n,a__t,0,0,0.0015706612822884054
x,y,n,t,l,f,c,b,p,e,r,s,y,w,w,p,w,o,p,k,s,g,False,False,True,False,False,l__k,l__t,0,0,0.0032461429181841563
x,f,y,f,f,f,c,b,h,e,b,k,k,n,n,p,w,o,l,h,v,p,False,True,False,False,False,f__h,f__f,1,1,0.999738545250724
f,y,n,f,y,f,c,n,b,t,,s,k,p,p,p,w,o,e,w,v,p,False,True,False,True,True,y__w,y__f,1,1,0.999245357703345
f,s,n,f,s,f,c,n,b,t,,s,s,p,p,p,w,o,e,w,v,d,False,True,False,True,True,s__w,s__f,1,1,0.9988495212234246
k,s,n,f,y,f,c,n,b,t,,k,s,w,w,p,w,o,e,w,v,l,False,True,False,True,True,y__w,y__f,1,1,0.9999285968609186
f,s,n,f,n,f,w,b,n,t,e,f,s,w,w,p,w,o,e,n,s,g,True,False,False,False,False,n__n,n__f,0,0,1.424794527655723e-05
x,y,w,t,a,f,c,b,k,e,c,s,s,w,w,p,w,o,p,k,n,g,False,False,True,False,False,a__k,a__t,0,0,0.0008346530448267408
f,f,e,t,n,f,c,b,w,t,b,s,s,g,g,p,w,o,p,k,v,d,True,False,True,False,False,n__k,n__t,0,0,0.0008824932126345446
f,f,n,f,n,f,w,b,k,t,e,f,f,w,w,p,w,o,e,n,a,g,True,False,False,False,False,n__n,n__f,0,0,7.773417208918663e-06
k,f,g,f,n,f,w,b,g,e,,s,k,w,w,p,w,t,p,w,s,g,True,False,False,False,True,n__w,n__f,0,0,0.0003237614926391244
x,y,g,f,f,f,c,b,g,e,b,k,k,b,b,p,w,o,l,h,v,d,False,True,False,False,False,f__h,f__f,1,1,0.9999026480340495
x,y,e,t,n,f,c,b,n,t,b,s,s,w,p,p,w,o,p,k,v,d,True,False,True,False,False,n__k,n__t,0,0,0.0011418606116364945
k,s,e,f,s,f,c,n,b,t,,s,s,p,p,p,w,o,e,w,v,d,False,True,False,True,True,s__w,s__f,1,1,0.9987216559116638
f,f,g,t,n,f,c,b,w,t,b,s,s,w,g,p,w,o,p,k,v,d,True,False,True,False,False,n__k,n__t,0,0,0.0014593407418289465
x,y,y,f,f,f,c,b,g,e,b,k,k,p,p,p,w,o,l,h,y,d,False,True,False,False,False,f__h,f__f,1,1,0.9997171379646534
x,f,n,f,n,f,w,b,n,t,e,f,f,w,w,p,w,o,e,n,a,g,True,False,False,False,False,n__n,n__f,0,0,4.027501010936214e-06
b,y,w,t,l,f,c,b,n,e,c,s,s,w,w,p,w,o,p,k,s,g,False,False,True,False,False,l__k,l__t,0,0,0.002315341090938013
x,f,g,f,f,f,c,b,p,e,b,k,k,n,n,p,w,o,l,h,y,p,False,True,False,False,False,f__h,f__f,1,1,0.9981680547022665
f,f,n,t,n,f,c,b,n,t,b,s,s,w,g,p,w,o,p,k,v,d,True,False,True,False,False,n__k,n__t,0,0,0.0006623494162164256
b,s,g,f,n,f,w,b,g,e,,k,k,w,w,p,w,t,p,w,n,g,True,False,False,False,True,n__w,n__f,0,0,0.008373794065573446
f,f,e,t,n,f,c,b,w,t,b,s,s,w,w,p,w,o,p,n,y,d,True,False,True,False,False,n__n,n__t,0,0,0.0004367229403573147
f,y,n,t,n,f,c,b,w,t,b,s,s,p,g,p,w,o,p,k,y,d,True,False,True,False,False,n__k,n__t,0,0,0.00047261780405805646
x,y,e,t,n,f,c,b,n,t,b,s,s,w,w,p,w,o,p,n,y,d,True,False,True,False,False,n__n,n__t,0,0,0.00027552284168661374
x,y,y,f,f,f,c,b,g,e,b,k,k,b,n,p,w,o,l,h,y,g,False,True,False,False,False,f__h,f__f,1,1,0.9998210597816348
x,s,n,f,f,f,c,n,b,t,,s,s,p,w,p,w,o,e,w,v,l,False,True,False,True,True,f__w,f__f,1,1,0.9995730716487536
x,s,w,t,a,f,c,b,g,e,c,s,s,w,w,p,w,o,p,n,s,g,False,False,True,False,False,a__n,a__t,0,0,0.0017944946542639373
f,y,n,t,n,f,c,b,p,t,b,s,s,p,g,p,w,o,p,n,y,d,True,False,True,False,False,n__n,n__t,0,0,0.00028127292205982785
x,y,g,f,f,f,c,b,p,e,b,k,k,n,b,p,w,o,l,h,v,d,False,True,False,False,False,f__h,f__f,1,1,0.9998047061047182
x,s,b,t,f,f,c,b,h,t,b,s,f,w,w,p,w,o,p,h,s,g,False,True,True,False,False,f__h,f__t,1,1,0.9960553612707931
f,y,n,t,n,f,c,b,w,t,b,s,s,g,w,p,w,o,p,n,y,d,True,False,True,False,False,n__n,n__t,0,0,0.0003962473026310012
f,s,n,f,n,f,w,b,k,t,e,f,f,w,w,p,w,o,e,n,a,g,True,False,False,False,False,n__n,n__f,0,0,1.3747919959978807e-05
x,y,y,t,l,f,c,b,w,e,c,s,s,w,w,p,w,o,p,k,s,g,False,False,True,False,False,l__k,l__t,0,0,0.0012122978143188471
x,y,y,f,f,f,c,b,p,e,b,k,k,p,n,p,w,o,l,h,y,p,False,True,False,False,False,f__h,f__f,1,1,0.9992344127588034
f,y,n,t,p,f,c,n,k,e,e,s,s,w,w,p,w,o,p,n,v,g,False,True,True,True,False,p__n,p__t,1,1,0.9985258162324975
x,y,e,f,y,f,c,n,b,t,,k,k,p,p,p,w,o,e,w,v,d,False,True,False,True,True,y__w,y__f,1,1,0.9999392626780633
x,f,g,f,c,f,c,n,u,e,b,s,s,w,w,p,w,o,p,k,v,d,False,True,False,True,False,c__k,c__f,1,1,0.9986559906831111
f,y,n,t,n,f,c,b,n,t,b,s,s,w,w,p,w,o,p,k,v,d,True,False,True,False,False,n__k,n__t,0,0,0.0013740572762542948
x,y,y,f,f,f,c,b,p,e,b,k,k,n,n,p,w,o,l,h,y,g,False,True,False,False,False,f__h,f__f,1,1,0.9996410646315546
f,y,n,t,n,f,c,b,u,t,b,s,s,g,g,p,w,o,p,n,y,d,True,False,True,False,False,n__n,n__t,0,0,0.00022382321469075294
f,f,n,t,n,f,c,b,u,t,b,s,s,g,g,p,w,o,p,k,y,d,True,False,True,False,False,n__k,n__t,0,0,0.00015644109011631746
f,s,g,f,n,f,w,b,p,t,e,f,f,w,w,p,w,o,e,n,a,g,True,False,False,False,False,n__n,n__f,0,0,1.5410373466434705e-05
f,f,g,f,n,f,w,b,p,t,e,s,s,w,w,p,w,o,e,k,s,g,True,False,False,False,False,n__k,n__f,0,0,7.760852778900181e-06
k,s,e,f,y,f,c,n,b,t,,k,s,p,p,p,w,o,e,w,v,p,False,True,False,True,True,y__w,y__f,1,1,0.9998766111408751
f,f,e,t,n,f,c,b,n,t,b,s,s,w,p,p,w,o,p,k,v,d,True,False,True,False,False,n__k,n__t,0,0,0.0010368431317553518
f,f,n,t,n,f,c,b,n,t,b,s,s,p,w,p,w,o,p,k,v,d,True,False,True,False,False,n__k,n__t,0,0,0.0007622094783139519
x,f,e,t,n,f,c,b,u,t,b,s,s,p,g,p,w,o,p,n,v,d,True,False,True,False,False,n__n,n__t,0,0,0.0005309317074171165
k,s,g,f,n,f,w,b,g,e,,s,s,w,w,p,w,t,p,w,s,g,True,False,False,False,True,n__w,n__f,0,0,0.00027722085563381234
k,y,n,f,s,f,c,n,b,t,,k,k,w,p,p,w,o,e,w,v,d,False,True,False,True,True,s__w,s__f,1,1,0.9999447473960468
x,y,n,t,p,f,c,n,w,e,e,s,s,w,w,p,w,o,p,k,v,g,False,True,True,True,False,p__k,p__t,1,1,0.9985538591361054
x,f,n,t,n,f,c,b,p,t,b,s,s,g,w,p,w,o,p,n,v,d,True,False,True,False,False,n__n,n__t,0,0,0.0003969690727074139
f,s,n,t,p,f,c,n,p,e,e,s,s,w,w,p,w,o,p,k,s,g,False,True,True,True,False,p__k,p__t,1,1,0.9976122811948376
x,s,w,t,a,f,c,b,n,e,c,s,s,w,w,p,w,o,p,k,n,m,False,False,True,False,False,a__k,a__t,0,0,0.000798686043648007
x,s,n,f,f,f,c,n,b,t,,s,k,p,p,p,w,o,e,w,v,d,False,True,False,True,True,f__w,f__f,1,1,0.999695396729219
x,y,e,f,s,f,c,n,b,t,,s,k,w,w,p,w,o,e,w,v,d,False,True,False,True,True,s__w,s__f,1,1,0.9992829976914206
x,s,n,f,n,f,w,b,k,t,e,f,f,w,w,p,w,o,e,k,s,g,True,False,False,False,False,n__k,n__f,0,0,1.090371240965585e-05
x,s,n,f,y,f,c,n,b,t,,s,k,p,w,p,w,o,e,w,v,p,False,True,False,True,True,y__w,y__f,1,1,0.9989491014421715
b,s,w,t,a,f,c,b,n,e,c,s,s,w,w,p,w,o,p,k,s,g,False,False,True,False,False,a__k,a__t,0,0,0.0025669423772813746
x,y,u,f,n,f,c,n,p,e,,s,f,w,w,p,w,o,f,h,v,d,True,False,False,True,True,n__h,n__f,0,0,0.015168986303286622
f,f,g,t,n,f,c,b,p,t,b,s,s,g,w,p,w,o,p,n,y,d,True,False,True,False,False,n__n,n__t,0,0,0.00020813787214869837
f,y,n,t,n,f,c,b,u,t,b,s,s,p,p,p,w,o,p,k,v,d,True,False,True,False,False,n__k,n__t,0,0,0.0016279513610396512
f,s,w,f,n,f,w,b,k,t,e,s,f,w,w,p,w,o,e,k,a,g,True,False,False,False,False,n__k,n__f,0,0,2.2641799150258967e-05
f,f,y,f,f,f,c,b,h,e,b,k,k,p,p,p,w,o,l,h,v,d,False,True,False,False,False,f__h,f__f,1,1,0.9998988867840516
x,y,e,t,n,f,c,b,w,t,b,s,s,w,w,p,w,o,p,k,y,d,True,False,True,False,False,n__k,n__t,0,0,0.0005418625292411853
f,y,n,t,n,f,c,b,w,t,b,s,s,w,p,p,w,o,p,k,v,d,True,False,True,False,False,n__k,n__t,0,0,0.002502455457239427
x,f,g,f,f,f,c,b,g,e,b,k,k,b,n,p,w,o,l,h,v,p,False,True,False,False,False,f__h,f__f,1,1,0.9997406124082964
x,y,y,t,l,f,c,b,k,e,c,s,s,w,w,p,w,o,p,n,n,m,False,False,True,False,False,l__n,l__t,0,0,0.0004719765499312765
f,y,y,f,f,f,c,b,p,e,b,k,k,n,n,p,w,o,l,h,y,d,False,True,False,False,False,f__h,f__f,1,1,0.9995160038740867
x,s,w,t,f,f,c,b,h,t,b,s,f,w,w,p,w,o,p,h,v,g,False,True,True,False,False,f__h,f__t,1,1,0.9978508487887018
b,y,w,t,l,f,c,b,n,e,c,s,s,w,w,p,w,o,p,k,n,g,False,False,True,False,False,l__k,l__t,0,0,0.0013743202060008052
f,f,g,t,n,f,c,b,u,t,b,s,s,g,g,p,w,o,p,k,v,d,True,False,True,False,False,n__k,n__t,0,0,0.000696191526487123
x,y,y,f,f,f,c,b,h,e,b,k,k,p,p,p,w,o,l,h,y,d,False,True,False,False,False,f__h,f__f,1,1,0.9996763869204301
x,f,g,f,f,f,c,b,h,e,b,k,k,p,p,p,w,o,l,h,v,p,False,True,False,False,False,f__h,f__f,1,1,0.9997622948307597
f,y,e,f,y,f,c,n,b,t,,s,s,p,p,p,w,o,e,w,v,p,False,True,False,True,True,y__w,y__f,1,1,0.9986621886400835
x,y,y,f,f,f,c,b,h,e,b,k,k,n,n,p,w,o,l,h,v,g,False,True,False,False,False,f__h,f__f,1,1,0.9999326565222907
x,y,e,t,n,f,c,b,n,t,b,s,s,p,w,p,w,o,p,n,v,d,True,False,True,False,False,n__n,n__t,0,0,0.000867622838913694
x,y,y,f,f,f,c,b,p,e,b,k,k,b,p,p,w,o,l,h,y,p,False,True,False,False,False,f__h,f__f,1,1,0.9994187650231837
k,s,n,f,y,f,c,n,b,t,,s,k,w,w,p,w,o,e,w,v,p,False,True,False,True,True,y__w,y__f,1,1,0.9991694411941081
x,s,y,t,a,f,c,b,w,e,c,s,s,w,w,p,w,o,p,k,s,g,False,False,True,False,False,a__k,a__t,0,0,0.0013441961369111974
f,f,g,t,n,f,c,b,n,t,b,s,s,w,g,p,w,o,p,n,y,d,True,False,True,False,False,n__n,n__t,0,0,0.00021066468417107014
k,s,n,f,s,f,c,n,b,t,,s,k,p,p,p,w,o,e,w,v,p,False,True,False,True,True,s__w,s__f,1,1,0.9991201038195247
x,y,n,t,n,f,c,b,n,t,b,s,s,w,g,p,w,o,p,n,y,d,True,False,True,False,False,n__n,n__t,0,0,0.00018373724816526983
x,s,w,t,a,f,c,b,k,e,c,s,s,w,w,p,w,o,p,k,s,m,False,False,True,False,False,a__k,a__t,0,0,0.001774374430553451
x,s,n,f,n,f,w,b,p,t,e,f,f,w,w,p,w,o,e,n,a,g,True,False,False,False,False,n__n,n__f,0,0,8.337643891638389e-06
f,y,y,t,l,f,c,b,w,e,r,s,y,w,w,p,w,o,p,k,y,g,False,False,True,False,False,l__k,l__t,0,0,0.005928235107662745
f,f,e,t,n,f,c,b,n,t,b,s,s,p,w,p,w,o,p,n,v,d,True,False,True,False,False,n__n,n__t,0,0,0.0007878072487289714
x,y,g,t,n,f,c,b,n,t,b,s,s,w,w,p,w,o,p,n,y,d,True,False,True,False,False,n__n,n__t,0,0,0.0002987855349325768
k,s,e,f,s,f,c,n,b,t,,s,s,w,p,p,w,o,e,w,v,l,False,True,False,True,True,s__w,s__f,1,1,0.9992571710957006
x,s,n,f,f,f,c,n,b,t,,k,s,w,p,p,w,o,e,w,v,l,False,True,False,True,True,f__w,f__f,1,1,0.999971453069515
x,s,w,f,n,f,w,b,g,e,,k,k,w,w,p,w,t,p,w,s,g,True,False,False,False,True,n__w,n__f,0,0,0.012810490222849325
x,y,e,f,y,f,c,n,b,t,,k,s,p,p,p,w,o,e,w,v,p,False,True,False,True,True,y__w,y__f,1,1,0.999846898181586
f,y,g,f,f,f,c,b,h,e,b,k,k,n,n,p,w,o,l,h,y,p,False,True,False,False,False,f__h,f__f,1,1,0.9994858250141865
x,y,n,t,n,f,c,b,w,e,,s,s,e,w,p,w,t,e,w,c,w,True,False,True,False,True,n__w,n__t,0,0,0.003232744266578282
f,f,g,f,f,f,c,b,g,e,b,k,k,b,p,p,w,o,l,h,v,g,False,True,False,False,False,f__h,f__f,1,1,0.9999426225494293
x,y,n,t,n,f,c,b,u,t,b,s,s,w,g,p,w,o,p,n,v,d,True,False,True,False,False,n__n,n__t,0,0,0.0008221834472842106
f,s,g,t,f,f,c,b,h,t,b,s,s,w,w,p,w,o,p,h,s,u,False,True,True,False,False,f__h,f__t,1,1,0.994425636950125
x,f,g,f,n,f,w,b,p,t,e,f,s,w,w,p,w,o,e,n,s,g,True,False,False,False,False,n__n,n__f,0,0,8.13654765573996e-06
x,s,y,t,a,f,c,b,w,e,c,s,s,w,w,p,w,o,p,n,s,m,False,False,True,False,False,a__n,a__t,0,0,0.0011712875741754468
f,f,y,f,f,f,c,b,h,e,b,k,k,b,b,p,w,o,l,h,v,g,False,True,False,False,False,f__h,f__f,1,1,0.9999527796714092
x,s,w,f,n,f,w,b,k,t,e,f,f,w,w,p,w,o,e,k,a,g,True,False,False,False,False,n__k,n__f,0,0,2.6743801836881402e-05
x,y,y,f,f,f,c,b,g,e,b,k,k,n,p,p,w,o,l,h,y,g,False,True,False,False,False,f__h,f__f,1,1,0.9998381957916672
f,y,e,f,s,f,c,n,b,t,,k,k,w,p,p,w,o,e,w,v,p,False,True,False,True,True,s__w,s__f,1,1,0.9999552523173914
x,s,e,f,y,f,c,n,b,t,,s,k,w,p,p,w,o,e,w,v,d,False,True,False,True,True,y__w,y__f,1,1,0.9993669083176101
k,s,e,f,y,f,c,n,b,t,,k,k,w,w,p,w,o,e,w,v,l,False,True,False,True,True,y__w,y__f,1,1,0.9999703142214925
x,y,y,f,f,f,c,b,p,e,b,k,k,b,n,p,w,o,l,h,v,p,False,True,False,False,False,f__h,f__f,1,1,0.9997885011695763
b,s,y,t,a,f,c,b,k,e,c,s,s,w,w,p,w,o,p,n,s,g,False,False,True,False,False,a__n,a__t,0,0,0.0016881241539854833
f,f,g,f,n,f,w,b,h,t,e,f,f,w,w,p,w,o,e,n,s,g,True,False,False,False,False,n__n,n__f,0,0,1.3575232143041499e-05
k,f,w,f,n,f,w,b,w,e,,s,s,w,w,p,w,t,p,w,s,g,True,False,False,False,True,n__w,n__f,0,0,0.0002704613127490787
k,s,e,t,n,f,c,b,e,e,,s,s,w,w,p,w,t,e,w,c,w,True,False,True,False,True,n__w,n__t,0,0,0.00507166207749186
x,y,e,t,n,f,c,b,p,t,b,s,s,p,g,p,w,o,p,n,v,d,True,False,True,False,False,n__n,n__t,0,0,0.0007886545744544528
x,s,e,f,f,f,c,n,b,t,,k,k,p,w,p,w,o,e,w,v,d,False,True,False,True,True,f__w,f__f,1,1,0.999978661899765
f,y,g,t,n,f,c,b,u,t,b,s,s,p,g,p,w,o,p,n,y,d,True,False,True,False,False,n__n,n__t,0,0,0.0003853373782354622
x,s,n,f,n,f,w,b,h,t,e,f,s,w,w,p,w,o,e,k,s,g,True,False,False,False,False,n__k,n__f,0,0,1.941247719739793e-05
f,s,e,f,y,f,c,n,b,t,,k,s,w,w,p,w,o,e,w,v,p,False,True,False,True,True,y__w,y__f,1,1,0.999911021545558
x,s,n,f,y,f,c,n,b,t,,s,s,p,w,p,w,o,e,w,v,l,False,True,False,True,True,y__w,y__f,1,1,0.998844200082152
f,y,n,f,s,f,c,n,b,t,,s,k,p,w,p,w,o,e,w,v,l,False,True,False,True,True,s__w,s__f,1,1,0.9995850091192203
f,f,g,t,n,f,c,b,u,t,b,s,s,p,w,p,w,o,p,n,y,d,True,False,True,False,False,n__n,n__t,0,0,0.00030787082947034985
f,f,n,t,n,f,c,b,w,t,b,s,s,w,w,p,w,o,p,n,y,d,True,False,True,False,False,n__n,n__t,0,0,0.0003750532584209391
f,f,y,f,f,f,c,b,g,e,b,k,k,p,n,p,w,o,l,h,y,d,False,True,False,False,False,f__h,f__f,1,1,0.9996004917412241
x,y,y,t,l,f,c,b,p,e,r,s,y,w,w,p,w,o,p,n,y,g,False,False,True,False,False,l__n,l__t,0,0,0.002058694767075469
x,s,n,f,n,f,w,b,h,t,e,f,f,w,w,p,w,o,e,n,a,g,True,False,False,False,False,n__n,n__f,0,0,1.2607482577493694e-05
k,y,e,f,f,f,c,n,b,t,,k,k,w,p,p,w,o,e,w,v,d,False,True,False,True,True,f__w,f__f,1,1,0.9999822848973231
f,y,g,t,n,f,c,b,u,t,b,s,s,w,g,p,w,o,p,k,y,d,True,False,True,False,False,n__k,n__t,0,0,0.0004857473549290428
x,y,y,f,f,f,c,b,p,e,b,k,k,p,b,p,w,o,l,h,y,g,False,True,False,False,False,f__h,f__f,1,1,0.999765244263428
x,y,e,f,f,f,c,n,b,t,,k,k,w,w,p,w,o,e,w,v,d,False,True,False,True,True,f__w,f__f,1,1,0.9999790787780541
x,f,e,t,n,f,c,b,u,t,b,s,s,g,g,p,w,o,p,n,y,d,True,False,True,False,False,n__n,n__t,0,0,0.00011048582805292405
x,f,n,f,n,f,w,b,k,t,e,f,f,w,w,p,w,o,e,n,s,g,True,False,False,False,False,n__n,n__f,0,0,5.472251283665907e-06
k,y,e,f,s,f,c,n,b,t,,k,k,w,p,p,w,o,e,w,v,l,False,True,False,True,True,s__w,s__f,1,1,0.9999691637506689
f,s,w,t,f,f,c,b,w,t,b,f,s,w,w,p,w,o,p,h,s,u,False,True,True,False,False,f__h,f__t,1,1,0.99836015735086
f,s,e,f,y,f,c,n,b,t,,s,s,w,p,p,w,o,e,w,v,p,False,True,False,True,True,y__w,y__f,1,1,0.9989100366999528
x,y,e,t,n,f,c,b,n,t,b,s,s,g,w,p,w,o,p,n,y,d,True,False,True,False,False,n__n,n__t,0,0,0.0001805987581237555
k,y,e,f,s,f,c,n,b,t,,k,s,w,w,p,w,o,e,w,v,p,False,True,False,True,True,s__w,s__f,1,1,0.9998751076381212
k,s,n,f,n,a,c,b,y,e,,s,s,o,o,p,o,o,p,n,v,l,True,False,False,False,True,n__n,n__f,0,0,0.00021705714224460874
x,f,n,t,n,f,c,b,n,t,b,s,s,w,g,p,w,o,p,k,v,d,True,False,True,False,False,n__k,n__t,0,0,0.0004526445648029303
f,f,g,t,n,f,c,b,w,t,b,s,s,p,w,p,w,o,p,k,v,d,True,False,True,False,False,n__k,n__t,0,0,0.0016791584464488937
f,f,y,f,f,f,c,b,h,e,b,k,k,b,n,p,w,o,l,h,y,g,False,True,False,False,False,f__h,f__f,1,1,0.9997745228425483
x,f,e,t,n,f,c,b,u,t,b,s,s,g,w,p,w,o,p,n,y,d,True,False,True,False,False,n__n,n__t,0,0,0.00014228305459365722
k,s,n,f,y,f,c,n,b,t,,s,s,w,p,p,w,o,e,w,v,l,False,True,False,True,True,y__w,y__f,1,1,0.9991251568286748
x,y,y,f,f,f,c,b,h,e,b,k,k,b,b,p,w,o,l,h,v,d,False,True,False,False,False,f__h,f__f,1,1,0.9999153809771807
f,y,e,f,y,f,c,n,b,t,,k,k,p,w,p,w,o,e,w,v,p,False,True,False,True,True,y__w,y__f,1,1,0.9999471135783874
f,s,e,f,s,f,c,n,b,t,,s,s,w,p,p,w,o,e,w,v,d,False,True,False,True,True,s__w,s__f,1,1,0.9991168689557915
k,y,e,f,s,f,c,n,b,t,,s,k,p,p,p,w,o,e,w,v,p,False,True,False,True,True,s__w,s__f,1,1,0.9991709616380394
x,y,n,f,y,f,c,n,b,t,,s,k,w,p,p,w,o,e,w,v,d,False,True,False,True,True,y__w,y__f,1,1,0.999191293219085
f,y,y,f,f,f,c,b,g,e,b,k,k,p,b,p,w,o,l,h,v,d,False,True,False,False,False,f__h,f__f,1,1,0.9999480890335113
x,s,p,f,c,f,w,n,n,e,b,s,s,w,w,p,w,o,p,n,v,d,False,True,False,True,False,c__n,c__f,1,1,0.9962831559638817
x,f,g,f,n,f,w,b,p,t,e,f,s,w,w,p,w,o,e,k,s,g,True,False,False,False,False,n__k,n__f,0,0,9.166907055521603e-06
k,s,e,f,s,f,c,n,b,t,,s,s,p,w,p,w,o,e,w,v,l,False,True,False,True,True,s__w,s__f,1,1,0.9991321339873207
x,y,n,t,n,f,c,b,n,t,b,s,s,g,g,p,w,o,p,k,v,d,True,False,True,False,False,n__k,n__t,0,0,0.00047822115155531824
x,f,g,f,f,f,c,b,p,e,b,k,k,n,p,p,w,o,l,h,y,d,False,True,False,False,False,f__h,f__f,1,1,0.9988288133498567
f,f,g,t,n,f,c,b,p,t,b,s,s,w,w,p,w,o,p,n,v,d,True,False,True,False,False,n__n,n__t,0,0,0.0011186648288083179
b,s,n,f,n,a,c,b,y,e,,s,s,o,o,p,o,o,p,o,c,l,True,False,False,False,True,n__o,n__f,0,0,0.002332964963394382
x,s,b,t,n,f,c,b,w,e,,s,s,w,w,p,w,t,e,w,c,w,True,False,True,False,True,n__w,n__t,0,0,0.014791792687603061
f,f,y,f,f,f,c,b,p,e,b,k,k,n,p,p,w,o,l,h,v,p,False,True,False,False,False,f__h,f__f,1,1,0.9997893660133453
x,s,y,t,l,f,c,b,k,e,c,s,s,w,w,p,w,o,p,n,s,m,False,False,True,False,False,l__n,l__t,0,0,0.0008728580692866885
f,f,y,f,f,f,c,b,h,e,b,k,k,n,b,p,w,o,l,h,y,p,False,True,False,False,False,f__h,f__f,1,1,0.9995351025307857
f,y,n,t,n,f,c,b,n,t,b,s,s,p,p,p,w,o,p,k,v,d,True,False,True,False,False,n__k,n__t,0,0,0.00128234031292996
f,y,u,f,n,f,c,n,p,e,,s,f,w,w,p,w,o,f,h,v,d,True,False,False,True,True,n__h,n__f,0,0,0.02204622038207917
f,s,n,f,y,f,c,n,b,t,,s,k,w,w,p,w,o,e,w,v,l,False,True,False,True,True,y__w,y__f,1,1,0.9996580690159332
x,y,y,f,f,f,c,b,g,e,b,k,k,b,n,p,w,o,l,h,v,g,False,True,False,False,False,f__h,f__f,1,1,0.9999492421580429
x,y,w,t,p,f,c,n,p,e,e,s,s,w,w,p,w,o,p,n,v,u,False,True,True,True,False,p__n,p__t,1,1,0.9986346421215229
f,s,n,t,p,f,c,n,w,e,e,s,s,w,w,p,w,o,p,k,s,g,False,True,True,True,False,p__k,p__t,1,1,0.9983980721738054
x,f,e,t,n,f,c,b,w,t,b,s,s,w,w,p,w,o,p,n,v,d,True,False,True,False,False,n__n,n__t,0,0,0.001051425150778301
f,y,g,t,n,f,c,b,p,t,b,s,s,g,g,p,w,o,p,k,y,d,True,False,True,False,False,n__k,n__t,0,0,0.0002934968094949774
x,f,g,f,f,f,c,b,g,e,b,k,k,b,p,p,w,o,l,h,v,p,False,True,False,False,False,f__h,f__f,1,1,0.9997977363077224
x,f,g,f,n,f,c,n,p,e,e,s,s,w,w,p,w,o,p,k,y,u,True,False,False,True,False,n__k,n__f,0,0,0.002486279505065592
b,f,g,f,n,f,w,b,w,e,,s,s,w,w,p,w,t,p,w,s,g,True,False,False,False,True,n__w,n__f,0,0,0.00026242054267257704
f,y,n,f,s,f,c,n,b,t,,s,k,w,w,p,w,o,e,w,v,p,False,True,False,True,True,s__w,s__f,1,1,0.9993037484756919
f,f,g,f,n,f,w,b,p,t,e,s,f,w,w,p,w,o,e,n,s,g,True,False,False,False,False,n__n,n__f,0,0,5.193128276190092e-06
f,y,y,f,f,f,c,b,h,e,b,k,k,n,n,p,w,o,l,h,y,g,False,True,False,False,False,f__h,f__f,1,1,0.9998377839397355
x,y,g,f,f,f,c,b,p,e,b,k,k,n,b,p,w,o,l,h,y,d,False,True,False,False,False,f__h,f__f,1,1,0.9993117678094152
x,y,n,t,a,f,c,b,p,e,r,s,y,w,w,p,w,o,p,n,s,p,False,False,True,False,False,a__n,a__t,0,0,0.001034038449031711
k,y,e,f,y,f,c,n,b,t,,s,s,p,p,p,w,o,e,w,v,p,False,True,False,True,True,y__w,y__f,1,1,0.998269432051207
f,f,g,f,f,f,c,b,p,e,b,k,k,n,n,p,w,o,l,h,v,d,False,True,False,False,False,f__h,f__f,1,1,0.9997086713949604
f,y,e,f,f,f,c,n,b,t,,s,s,w,w,p,w,o,e,w,v,d,False,True,False,True,True,f__w,f__f,1,1,0.9996220724762798
f,s,w,f,n,f,w,b,p,t,e,f,s,w,w,p,w,o,e,k,a,g,True,False,False,False,False,n__k,n__f,0,0,4.608494724948973e-05
x,y,y,t,a,f,c,b,p,e,r,s,y,w,w,p,w,o,p,k,y,p,False,False,True,False,False,a__k,a__t,0,0,0.0011448224614366545
f,s,b,t,n,f,c,b,w,e,,s,s,e,w,p,w,t,e,w,c,w,True,False,True,False,True,n__w,n__t,0,0,0.012573424823717167
f,s,n,f,y,f,c,n,b,t,,s,s,w,p,p,w,o,e,w,v,p,False,True,False,True,True,y__w,y__f,1,1,0.9987309642137453
f,s,w,t,p,f,c,n,k,e,e,s,s,w,w,p,w,o,p,k,v,g,False,True,True,True,False,p__k,p__t,1,1,0.999527687431368
x,s,n,f,n,f,w,b,k,t,e,f,s,w,w,p,w,o,e,k,a,g,True,False,False,False,False,n__k,n__f,0,0,1.4037746861217461e-05
f,y,e,f,f,f,c,n,b,t,,k,k,w,p,p,w,o,e,w,v,d,False,True,False,True,True,f__w,f__f,1,1,0.9999863107135417
b,s,n,f,n,a,c,b,y,e,,s,s,o,o,p,n,o,p,n,c,l,True,False,False,False,True,n__n,n__f,0,0,0.00041416255796807125
x,s,n,f,s,f,c,n,b,t,,k,s,p,p,p,w,o,e,w,v,p,False,True,False,True,True,s__w,s__f,1,1,0.9998393439651789
k,s,n,f,n,a,c,b,o,e,,s,s,o,o,p,n,o,p,b,v,l,True,False,False,False,True,n__b,n__f,0,0,0.0009373172506366352
f,s,n,t,p,f,c,n,n,e,e,s,s,w,w,p,w,o,p,k,v,u,False,True,True,True,False,p__k,p__t,1,1,0.9977698560391073
x,y,n,t,n,f,c,b,u,t,b,s,s,g,p,p,w,o,p,n,y,d,True,False,True,False,False,n__n,n__t,0,0,0.00020565575558999377
f,y,n,f,f,f,c,n,b,t,,k,k,w,w,p,w,o,e,w,v,d,False,True,False,True,True,f__w,f__f,1,1,0.99998335408061
x,y,y,f,f,f,c,b,h,e,b,k,k,n,b,p,w,o,l,h,v,p,False,True,False,False,False,f__h,f__f,1,1,0.9998802429928652
x,f,w,f,n,f,w,b,n,t,e,f,f,w,w,p,w,o,e,n,s,g,True,False,False,False,False,n__n,n__f,0,0,1.0486644473839608e-05
x,f,w,t,l,f,w,n,n,t,b,s,s,w,w,p,w,o,p,u,v,d,False,False,True,True,False,l__u,l__t,0,0,0.010065048992331498
x,s,y,t,a,f,c,b,g,e,c,s,s,w,w,p,w,o,p,n,s,m,False,False,True,False,False,a__n,a__t,0,0,0.0013581760998809486
k,f,w,f,n,f,w,b,p,e,,k,k,w,w,p,w,t,p,w,s,g,True,False,False,False,True,n__w,n__f,0,0,0.004773751328568431
k,y,e,f,s,f,c,n,b,t,,s,s,w,w,p,w,o,e,w,v,d,False,True,False,True,True,s__w,s__f,1,1,0.9986912579181995
x,y,n,t,a,f,c,b,w,e,r,s,y,w,w,p,w,o,p,k,s,g,False,False,True,False,False,a__k,a__t,0,0,0.004886347060443775
k,y,n,f,f,f,c,n,b,t,,s,s,w,w,p,w,o,e,w,v,p,False,True,False,True,True,f__w,f__f,1,1,0.9993051469328615
x,f,n,f,n,f,w,b,n,t,e,f,s,w,w,p,w,o,e,k,a,g,True,False,False,False,False,n__k,n__f,0,0,6.018888570640978e-06
b,y,y,f,n,f,w,n,w,e,c,y,y,y,y,p,y,o,e,w,c,l,True,False,False,True,False,n__w,n__f,1,1,0.9222108192684155
f,y,e,f,f,f,c,n,b,t,,s,s,p,p,p,w,o,e,w,v,p,False,True,False,True,True,f__w,f__f,1,1,0.9995057836313858
f,f,g,f,n,f,c,n,g,e,e,s,s,w,w,p,w,o,p,n,y,u,True,False,False,True,False,n__n,n__f,0,0,0.005570560698250958
x,f,g,f,n,f,w,b,k,t,e,f,s,w,w,p,w,o,e,n,a,g,True,False,False,False,False,n__n,n__f,0,0,8.896943753635287e-06
f,y,w,t,p,f,c,n,p,e,e,s,s,w,w,p,w,o,p,k,v,g,False,True,True,True,False,p__k,p__t,1,1,0.999416263216352
x,f,g,t,n,f,c,b,p,t,b,s,s,p,p,p,w,o,p,k,y,d,True,False,True,False,False,n__k,n__t,0,0,0.00022811152211788595
f,f,e,t,n,f,c,b,u,t,b,s,s,g,p,p,w,o,p,n,y,d,True,False,True,False,False,n__n,n__t,0,0,0.0002174352300799548
k,f,w,f,n,f,w,b,w,e,,s,k,w,w,p,w,t,p,w,n,g,True,False,False,False,True,n__w,n__f,0,0,0.00033127554259419165
x,f,n,t,n,f,c,b,n,t,b,s,s,g,g,p,w,o,p,k,v,d,True,False,True,False,False,n__k,n__t,0,0,0.00029671600318241303
f,f,n,f,n,f,c,n,g,e,e,s,s,w,w,p,w,o,p,k,v,u,True,False,False,True,False,n__k,n__f,0,0,0.01731533067964168
x,y,g,t,n,f,c,b,n,t,b,s,s,g,p,p,w,o,p,k,y,d,True,False,True,False,False,n__k,n__t,0,0,0.0002303969362705262
x,s,e,f,y,f,c,n,b,t,,k,k,w,w,p,w,o,e,w,v,p,False,True,False,True,True,y__w,y__f,1,1,0.9999369521954875
b,s,g,f,n,f,w,b,g,e,,s,s,w,w,p,w,t,p,w,n,g,True,False,False,False,True,n__w,n__f,0,0,0.00031918179692082374
f,s,w,f,n,f,w,b,p,t,e,f,f,w,w,p,w,o,e,n,s,g,True,False,False,False,False,n__n,n__f,0,0,3.1772971123010654e-05
k,y,n,f,y,f,c,n,b,t,,s,k,w,p,p,w,o,e,w,v,d,False,True,False,True,True,y__w,y__f,1,1,0.9992848858020171
f,y,b,t,n,f,c,b,e,e,,s,s,e,w,p,w,t,e,w,c,w,True,False,True,False,True,n__w,n__t,0,0,0.0072624151589943085
k,s,e,f,f,f,c,n,b,t,,s,s,p,w,p,w,o,e,w,v,l,False,True,False,True,True,f__w,f__f,1,1,0.9996758071647206
f,f,g,f,n,f,w,b,k,t,e,f,f,w,w,p,w,o,e,n,s,g,True,False,False,False,False,n__n,n__f,0,0,1.0114325109057373e-05
f,s,n,f,n,f,w,b,p,t,e,f,s,w,w,p,w,o,e,n,s,g,True,False,False,False,False,n__n,n__f,0,0,1.6677583617884603e-05
f,f,n,t,n,f,c,b,n,t,b,s,s,w,w,p,w,o,p,n,y,d,True,False,True,False,False,n__n,n__t,0,0,0.00021483172808069953
x,y,n,t,p,f,c,n,p,e,e,s,s,w,w,p,w,o,p,n,v,u,False,True,True,True,False,p__n,p__t,1,1,0.9965567261676374
x,s,n,f,n,f,w,b,p,t,e,s,f,w,w,p,w,o,e,k,a,g,True,False,False,False,False,n__k,n__f,0,0,5.433663508558226e-06
f,y,g,f,f,f,c,b,g,e,b,k,k,n,p,p,w,o,l,h,y,p,False,True,False,False,False,f__h,f__f,1,1,0.9996495251313763
x,s,w,t,p,f,c,n,n,e,e,s,s,w,w,p,w,o,p,k,s,g,False,True,True,True,False,p__k,p__t,1,1,0.9983800912289962
x,s,w,t,p,f,c,n,k,e,e,s,s,w,w,p,w,o,p,n,s,u,False,True,True,True,False,p__n,p__t,1,1,0.998036042214339
x,f,y,f,f,f,c,b,h,e,b,k,k,n,b,p,w,o,l,h,y,d,False,True,False,False,False,f__h,f__f,1,1,0.999442531634264
x,s,n,f,n,a,c,b,o,e,,s,s,o,o,p,o,o,p,y,v,l,True,False,False,False,True,n__y,n__f,0,0,0.0008274658365493205
x,s,w,f,c,f,w,n,u,e,b,s,s,w,w,p,w,o,p,n,s,d,False,True,False,True,False,c__n,c__f,1,1,0.9954805265521348
f,f,g,t,n,f,c,b,w,t,b,s,s,p,p,p,w,o,p,k,y,d,True,False,True,False,False,n__k,n__t,0,0,0.0004978897326772438
k,s,p,t,n,f,c,b,e,e,,s,s,e,w,p,w,t,e,w,c,w,True,False,True,False,True,n__w,n__t,0,0,0.005537854345685079
x,f,y,t,l,f,w,n,w,t,b,s,s,w,w,p,w,o,p,u,v,d,False,False,True,True,False,l__u,l__t,0,0,0.011542633803524409
f,f,e,t,n,f,c,b,u,t,b,s,s,w,w,p,w,o,p,n,y,d,True,False,True,False,False,n__n,n__t,0,0,0.0003176742750891229
x,f,g,f,f,f,c,b,h,e,b,k,k,b,n,p,w,o,l,h,y,p,False,True,False,False,False,f__h,f__f,1,1,0.9989544684256615
x,y,e,f,s,f,c,n,b,t,,s,k,p,w,p,w,o,e,w,v,l,False,True,False,True,True,s__w,s__f,1,1,0.9994784771013836
k,y,n,f,s,f,c,n,b,t,,k,k,p,w,p,w,o,e,w,v,p,False,True,False,True,True,s__w,s__f,1,1,0.9999212086642298
f,s,n,f,n,a,c,b,o,e,,s,s,o,o,p,o,o,p,n,c,l,True,False,False,False,True,n__n,n__f,0,0,0.00021269752420691805
x,y,y,f,f,f,c,b,g,e,b,k,k,b,b,p,w,o,l,h,y,g,False,True,False,False,False,f__h,f__f,1,1,0.9998678893527405
x,s,n,t,p,f,c,n,w,e,e,s,s,w,w,p,w,o,p,n,v,g,False,True,True,True,False,p__n,p__t,1,1,0.9985147495648636
f,y,g,t,n,f,c,b,p,t,b,s,s,p,g,p,w,o,p,n,y,d,True,False,True,False,False,n__n,n__t,0,0,0.0003551793749335952
x,s,g,t,n,f,c,b,w,e,b,s,s,w,w,p,w,t,p,w,y,p,True,False,True,False,False,n__w,n__t,0,0,0.007072459865271309
f,f,e,t,n,f,c,b,u,t,b,s,s,w,p,p,w,o,p,k,y,d,True,False,True,False,False,n__k,n__t,0,0,0.00037370526102725965
f,y,y,f,f,f,c,b,g,e,b,k,k,n,n,p,w,o,l,h,y,g,False,True,False,False,False,f__h,f__f,1,1,0.9998582139133853
k,s,e,f,y,f,c,n,b,t,,k,s,p,p,p,w,o,e,w,v,d,False,True,False,True,True,y__w,y__f,1,1,0.9998988960961596
f,y,e,t,n,f,c,b,n,t,b,s,s,p,p,p,w,o,p,n,v,d,True,False,True,False,False,n__n,n__t,0,0,0.001325382801903369
k,y,n,f,s,f,c,n,b,t,,s,k,w,p,p,w,o,e,w,v,l,False,True,False,True,True,s__w,s__f,1,1,0.9995404153070374
x,s,g,f,n,f,w,b,w,e,,k,k,w,w,p,w,t,p,w,s,g,True,False,False,False,True,n__w,n__f,0,0,0.0055602221958754965
f,s,n,t,p,f,c,n,k,e,e,s,s,w,w,p,w,o,p,n,s,g,False,True,True,True,False,p__n,p__t,1,1,0.9976117764614246
x,y,e,t,n,f,c,b,n,t,b,s,s,w,p,p,w,o,p,k,y,d,True,False,True,False,False,n__k,n__t,0,0,0.0003241216217204551
b,s,w,t,a,f,c,b,w,e,c,s,s,w,w,p,w,o,p,k,n,m,False,False,True,False,False,a__k,a__t,0,0,0.0030554944389477516
k,y,e,f,s,f,c,n,b,t,,k,s,w,p,p,w,o,e,w,v,l,False,True,False,True,True,s__w,s__f,1,1,0.9999363066043334
k,f,w,f,n,f,w,b,p,e,,k,s,w,w,p,w,t,p,w,s,g,True,False,False,False,True,n__w,n__f,0,0,0.0023167731779970054
f,s,g,f,n,f,w,b,h,t,e,s,s,w,w,p,w,o,e,n,s,g,True,False,False,False,False,n__n,n__f,0,0,1.8421976042755047e-05
f,s,n,f,s,f,c,n,b,t,,k,s,p,p,p,w,o,e,w,v,l,False,True,False,True,True,s__w,s__f,1,1,0.9999415424233982
x,y,e,t,n,f,c,b,e,e,,s,s,w,e,p,w,t,e,w,c,w,True,False,True,False,True,n__w,n__t,0,0,0.002705601734002019
x,s,g,f,n,f,w,b,k,t,e,s,f,w,w,p,w,o,e,k,s,g,True,False,False,False,False,n__k,n__f,0,0,7.9651254352704e-06
x,y,w,t,a,f,c,b,n,e,c,s,s,w,w,p,w,o,p,k,s,g,False,False,True,False,False,a__k,a__t,0,0,0.0010670492551483875
k,s,e,f,f,f,c,n,b,t,,s,s,w,w,p,w,o,e,w,v,p,False,True,False,True,True,f__w,f__f,1,1,0.9994560515344657
x,s,w,f,n,f,w,b,n,t,e,f,f,w,w,p,w,o,e,n,a,g,True,False,False,False,False,n__n,n__f,0,0,1.8000595220822653e-05
x,f,g,f,f,f,c,b,p,e,b,k,k,b,b,p,w,o,l,h,y,p,False,True,False,False,False,f__h,f__f,1,1,0.9988329734536269
x,y,g,f,f,f,c,b,h,e,b,k,k,p,n,p,w,o,l,h,v,d,False,True,False,False,False,f__h,f__f,1,1,0.9998450304848095
x,s,g,f,c,f,w,n,p,e,b,s,s,w,w,p,w,o,p,k,s,d,False,True,False,True,False,c__k,c__f,1,1,0.9913435701984026
x,s,n,f,n,f,w,b,p,t,e,s,s,w,w,p,w,o,e,k,s,g,True,False,False,False,False,n__k,n__f,0,0,7.426160122897132e-06
f,f,y,f,f,f,c,b,h,e,b,k,k,b,b,p,w,o,l,h,v,d,False,True,False,False,False,f__h,f__f,1,1,0.9999068012742186
f,y,y,f,f,f,c,b,h,e,b,k,k,p,p,p,w,o,l,h,y,p,False,True,False,False,False,f__h,f__f,1,1,0.9997301352586072
f,s,w,f,n,f,w,b,k,t,e,f,f,w,w,p,w,o,e,n,s,g,True,False,False,False,False,n__n,n__f,0,0,3.579572072594739e-05
f,y,y,f,f,f,c,b,p,e,b,k,k,n,p,p,w,o,l,h,y,g,False,True,False,False,False,f__h,f__f,1,1,0.9998087453316854
x,s,n,f,n,a,c,b,n,e,,s,s,o,o,p,n,o,p,y,v,l,True,False,False,False,True,n__y,n__f,0,0,0.0005369624495321524
f,f,n,t,n,f,c,b,n,t,b,s,s,p,g,p,w,o,p,n,v,d,True,False,True,False,False,n__n,n__t,0,0,0.0005254528040305669
f,y,g,f,f,f,c,b,g,e,b,k,k,n,p,p,w,o,l,h,y,g,False,True,False,False,False,f__h,f__f,1,1,0.9998544784635817
x,f,w,f,c,f,w,n,u,e,b,s,s,w,w,p,w,o,p,k,v,d,False,True,False,True,False,c__k,c__f,1,1,0.996017617414435
x,y,n,f,s,f,c,n,b,t,,k,s,w,w,p,w,o,e,w,v,d,False,True,False,True,True,s__w,s__f,1,1,0.999865224764036
f,y,g,f,f,f,c,b,h,e,b,k,k,b,p,p,w,o,l,h,y,p,False,True,False,False,False,f__h,f__f,1,1,0.9996542218528777
f,s,n,f,n,a,c,b,y,e,,s,s,o,o,p,n,o,p,n,c,l,True,False,False,False,True,n__n,n__f,0,0,0.00027607590740621877
x,s,e,t,n,f,c,b,w,e,,s,s,e,w,p,w,t,e,w,c,w,True,False,True,False,True,n__w,n__t,0,0,0.004126506761055461
f,s,b,t,n,f,c,b,w,e,,s,s,w,w,p,w,t,e,w,c,w,True,False,True,False,True,n__w,n__t,0,0,0.021501750388019204
x,f,g,f,f,f,c,b,p,e,b,k,k,b,n,p,w,o,l,h,y,p,False,True,False,False,False,f__h,f__f,1,1,0.9984198745596686
k,y,n,f,m,f,c,b,w,e,c,k,y,c,c,p,w,n,n,w,c,d,False,True,False,False,False,m__w,m__f,1,1,0.9981353832088717
x,y,e,f,s,f,c,n,b,t,,s,s,p,p,p,w,o,e,w,v,p,False,True,False,True,True,s__w,s__f,1,1,0.9980653727626698
f,f,n,f,n,f,w,b,k,t,e,s,s,w,w,p,w,o,e,n,a,g,True,False,False,False,False,n__n,n__f,0,0,5.964529678709809e-06
f,y,n,f,s,f,c,n,b,t,,k,s,w,p,p,w,o,e,w,v,l,False,True,False,True,True,s__w,s__f,1,1,0.9999426844560686
f,s,e,f,s,f,c,n,b,t,,k,s,p,w,p,w,o,e,w,v,p,False,True,False,True,True,s__w,s__f,1,1,0.9999015645242709
k,s,n,f,f,f,c,n,b,t,,k,k,w,w,p,w,o,e,w,v,l,False,True,False,True,True,f__w,f__f,1,1,0.9999872399848199
b,y,w,t,l,f,c,b,w,e,c,s,s,w,w,p,w,o,p,k,n,m,False,False,True,False,False,l__k,l__t,0,0,0.002756139579798908
x,y,e,f,y,f,c,n,b,t,,s,k,p,w,p,w,o,e,w,v,p,False,True,False,True,True,y__w,y__f,1,1,0.9990098333676471
f,y,g,t,n,f,c,b,p,t,b,s,s,g,w,p,w,o,p,k,y,d,True,False,True,False,False,n__k,n__t,0,0,0.00037794370296686245
x,f,y,f,f,f,c,b,h,e,b,k,k,p,n,p,w,o,l,h,y,d,False,True,False,False,False,f__h,f__f,1,1,0.9993311960559575
x,f,e,t,n,f,c,b,n,t,b,s,s,p,p,p,w,o,p,k,y,d,True,False,True,False,False,n__k,n__t,0,0,0.00017971082518889969
f,y,e,f,y,f,c,n,b,t,,s,s,p,p,p,w,o,e,w,v,d,False,True,False,True,True,y__w,y__f,1,1,0.9989035669114341
x,s,b,t,f,f,c,b,h,t,b,f,f,w,w,p,w,o,p,h,v,u,False,True,True,False,False,f__h,f__t,1,1,0.9981757054137986
x,s,e,t,n,f,c,b,e,e,,s,s,w,e,p,w,t,e,w,c,w,True,False,True,False,True,n__w,n__t,0,0,0.002967636398599998
x,f,y,f,f,f,c,b,p,e,b,k,k,p,b,p,w,o,l,h,y,p,False,True,False,False,False,f__h,f__f,1,1,0.9990890224464141
b,y,y,t,l,f,c,b,k,e,c,s,s,w,w,p,w,o,p,k,n,m,False,False,True,False,False,l__k,l__t,0,0,0.0013711040988979477
x,y,n,f,y,f,c,n,b,t,,s,s,w,w,p,w,o,e,w,v,d,False,True,False,True,True,y__w,y__f,1,1,0.9982573086702141
x,f,g,t,n,f,c,b,p,t,b,s,s,g,p,p,w,o,p,k,y,d,True,False,True,False,False,n__k,n__t,0,0,0.00016730902935317425
f,f,g,f,n,f,w,b,h,t,e,s,s,w,w,p,w,o,e,k,a,g,True,False,False,False,False,n__k,n__f,0,0,1.1389921490661097e-05
f,y,y,f,f,f,c,b,h,e,b,k,k,p,p,p,w,o,l,h,y,g,False,True,False,False,False,f__h,f__f,1,1,0.9998879540774153
f,y,n,t,p,f,c,n,n,e,e,s,s,w,w,p,w,o,p,k,v,u,False,True,True,True,False,p__k,p__t,1,1,0.9975537560074409
f,s,e,f,s,f,c,n,b,t,,s,k,w,p,p,w,o,e,w,v,l,False,True,False,True,True,s__w,s__f,1,1,0.9997219780884419
f,y,g,f,f,f,c,b,p,e,b,k,k,b,b,p,w,o,l,h,v,d,False,True,False,False,False,f__h,f__f,1,1,0.9998849273661685
x,y,g,t,n,f,c,b,w,t,b,s,s,w,w,p,w,o,p,k,v,d,True,False,True,False,False,n__k,n__t,0,0,0.0020687009295808343
f,f,g,f,f,f,c,b,p,e,b,k,k,n,n,p,w,o,l,h,y,g,False,True,False,False,False,f__h,f__f,1,1,0.9994797127262052
x,y,u,f,n,f,c,n,w,e,,s,f,w,w,p,w,o,f,h,v,d,True,False,False,True,True,n__h,n__f,0,0,0.022460091467093744
k,y,n,f,y,f,c,n,b,t,,k,k,p,w,p,w,o,e,w,v,d,False,True,False,True,True,y__w,y__f,1,1,0.9999346981395646
f,f,n,f,n,f,c,n,k,e,e,s,s,w,w,p,w,o,p,k,y,u,True,False,False,True,False,n__k,n__f,0,0,0.0032438746723149783
f,f,g,f,f,f,c,b,h,e,b,k,k,n,p,p,w,o,l,h,v,d,False,True,False,False,False,f__h,f__f,1,1,0.9998497545097483
f,f,g,f,n,f,w,b,p,t,e,f,s,w,w,p,w,o,e,n,a,g,True,False,False,False,False,n__n,n__f,0,0,1.1558078280191411e-05
x,y,e,f,s,f,c,n,b,t,,k,s,w,w,p,w,o,e,w,v,p,False,True,False,True,True,s__w,s__f,1,1,0.9998587510799681
f,y,g,t,n,f,c,b,p,t,b,s,s,p,p,p,w,o,p,k,v,d,True,False,True,False,False,n__k,n__t,0,0,0.0018943966820231418
f,y,n,f,s,f,c,n,b,t,,s,s,w,p,p,w,o,e,w,v,d,False,True,False,True,True,s__w,s__f,1,1,0.9988719730175991
f,y,n,t,n,f,c,b,u,t,b,s,s,g,p,p,w,o,p,n,y,d,True,False,True,False,False,n__n,n__t,0,0,0.0003009680793186064
x,f,w,f,n,f,w,b,h,t,e,f,f,w,w,p,w,o,e,k,a,g,True,False,False,False,False,n__k,n__f,0,0,2.029598776670216e-05
x,y,n,t,n,f,c,b,u,t,b,s,s,p,g,p,w,o,p,n,y,d,True,False,True,False,False,n__n,n__t,0,0,0.00020851872411402784
k,s,e,f,f,f,c,n,b,t,,s,k,w,w,p,w,o,e,w,v,p,False,True,False,True,True,f__w,f__f,1,1,0.9997365898432932
k,y,n,f,s,f,c,n,b,t,,s,s,w,w,p,w,o,e,w,v,p,False,True,False,True,True,s__w,s__f,1,1,0.9981410304059131
f,y,n,f,f,f,c,n,b,t,,s,s,p,w,p,w,o,e,w,v,l,False,True,False,True,True,f__w,f__f,1,1,0.9996799326348397
x,y,g,f,f,f,c,b,g,e,b,k,k,p,p,p,w,o,l,h,y,p,False,True,False,False,False,f__h,f__f,1,1,0.9995456722862321
x,y,e,f,s,f,c,n,b,t,,k,s,w,p,p,w,o,e,w,v,l,False,True,False,True,True,s__w,s__f,1,1,0.9999279644060477
b,y,y,t,a,f,c,b,n,e,c,s,s,w,w,p,w,o,p,k,n,m,False,False,True,False,False,a__k,a__t,0,0,0.001051240952325721
k,s,e,f,f,f,c,n,b,t,,k,k,p,p,p,w,o,e,w,v,l,False,True,False,True,True,f__w,f__f,1,1,0.9999882576991581
x,y,e,t,n,f,c,b,w,t,b,s,s,p,p,p,w,o,p,k,v,d,True,False,True,False,False,n__k,n__t,0,0,0.0017806131438643038
x,f,g,f,f,f,c,b,g,e,b,k,k,b,n,p,w,o,l,h,y,p,False,True,False,False,False,f__h,f__f,1,1,0.9990860440936419
x,f,g,f,f,f,c,b,g,e,b,k,k,b,b,p,w,o,l,h,y,d,False,True,False,False,False,f__h,f__f,1,1,0.9994469378898234
x,f,e,t,n,f,c,b,n,t,b,s,s,w,g,p,w,o,p,k,y,d,True,False,True,False,False,n__k,n__t,0,0,0.00014954377911235195
x,f,n,t,n,f,c,b,u,t,b,s,s,w,w,p,w,o,p,n,v,d,True,False,True,False,False,n__n,n__t,0,0,0.0006569529837447095
x,y,e,f,m,f,c,b,y,e,c,k,y,c,c,p,w,n,n,w,c,d,False,True,False,False,False,m__w,m__f,1,1,0.9984192335961882
k,s,e,f,f,f,c,n,b,t,,s,k,p,w,p,w,o,e,w,v,p,False,True,False,True,True,f__w,f__f,1,1,0.999705253448007
x,s,w,f,n,f,w,b,g,e,,s,k,w,w,p,w,t,p,w,s,g,True,False,False,False,True,n__w,n__f,0,0,0.0010124530486007957
x,y,n,f,n,f,w,n,w,e,b,s,s,w,n,p,w,o,e,w,v,l,True,False,False,True,False,n__w,n__f,0,0,0.03553922213396853
f,f,g,f,f,f,c,b,h,e,b,k,k,b,n,p,w,o,l,h,v,d,False,True,False,False,False,f__h,f__f,1,1,0.9998338424319908
b,s,g,f,n,f,w,b,w,e,,s,s,w,w,p,w,t,p,w,s,g,True,False,False,False,True,n__w,n__f,0,0,0.00046402123504271105
f,f,w,f,n,f,w,b,h,t,e,s,f,w,w,p,w,o,e,n,a,g,True,False,False,False,False,n__n,n__f,0,0,1.5251595785938395e-05
x,y,y,t,a,f,c,b,p,e,r,s,y,w,w,p,w,o,p,n,s,g,False,False,True,False,False,a__n,a__t,0,0,0.004127732619694556
f,y,g,f,f,f,c,b,g,e,b,k,k,b,p,p,w,o,l,h,v,d,False,True,False,False,False,f__h,f__f,1,1,0.9999297461827594
f,y,n,t,p,f,c,n,w,e,e,s,s,w,w,p,w,o,p,k,v,g,False,True,True,True,False,p__k,p__t,1,1,0.9990114728377835
f,f,w,t,l,f,w,n,w,t,b,s,s,w,w,p,w,o,p,u,v,d,False,False,True,True,False,l__u,l__t,0,0,0.025325267436122786
x,y,n,f,y,f,c,n,b,t,,k,s,w,p,p,w,o,e,w,v,l,False,True,False,True,True,y__w,y__f,1,1,0.9999151522425758
f,y,n,t,n,f,c,b,n,t,b,s,s,w,p,p,w,o,p,n,v,d,True,False,True,False,False,n__n,n__t,0,0,0.001273660840249223
x,y,g,f,f,f,c,b,p,e,b,k,k,p,n,p,w,o,l,h,v,p,False,True,False,False,False,f__h,f__f,1,1,0.999714047453351
f,y,g,f,f,f,c,b,g,e,b,k,k,n,b,p,w,o,l,h,y,g,False,True,False,False,False,f__h,f__f,1,1,0.9998622168119622
f,s,n,f,y,f,c,n,b,t,,k,k,w,w,p,w,o,e,w,v,l,False,True,False,True,True,y__w,y__f,1,1,0.9999732868576082
f,y,y,f,f,f,c,b,g,e,b,k,k,p,n,p,w,o,l,h,y,d,False,True,False,False,False,f__h,f__f,1,1,0.9997521294270938
f,y,n,t,n,f,c,b,p,t,b,s,s,g,w,p,w,o,p,k,y,d,True,False,True,False,False,n__k,n__t,0,0,0.0002993018202731336
f,y,n,f,s,f,c,n,b,t,,k,k,w,p,p,w,o,e,w,v,p,False,True,False,True,True,s__w,s__f,1,1,0.9999478916635948
x,f,w,f,n,f,w,b,p,t,e,f,f,w,w,p,w,o,e,k,s,g,True,False,False,False,False,n__k,n__f,0,0,1.3829298135807023e-05
x,s,p,t,n,f,c,b,w,e,,s,s,w,e,p,w,t,e,w,c,w,True,False,True,False,True,n__w,n__t,0,0,0.008823752033456346
f,f,g,f,n,f,c,n,n,e,e,s,s,w,w,p,w,o,p,k,y,u,True,False,False,True,False,n__k,n__f,0,0,0.0031068387812008117
f,s,e,f,s,f,c,n,b,t,,k,s,p,w,p,w,o,e,w,v,d,False,True,False,True,True,s__w,s__f,1,1,0.9999193430745246
s,f,n,f,n,f,c,n,g,e,e,s,s,w,w,p,w,o,p,k,v,u,True,False,False,True,False,n__k,n__f,0,0,0.014792225160112268
f,f,y,f,f,f,c,b,h,e,b,k,k,p,n,p,w,o,l,h,y,p,False,True,False,False,False,f__h,f__f,1,1,0.9994422445617132
k,y,e,f,y,f,c,n,b,t,,k,s,p,p,p,w,o,e,w,v,p,False,True,False,True,True,y__w,y__f,1,1,0.9998646271139336
x,s,n,f,n,f,w,b,p,t,e,s,f,w,w,p,w,o,e,n,s,g,True,False,False,False,False,n__n,n__f,0,0,4.9691701345050935e-06
k,y,e,f,y,f,c,n,b,t,,s,s,w,w,p,w,o,e,w,v,l,False,True,False,True,True,y__w,y__f,1,1,0.9991393117955962
f,f,g,f,f,f,c,b,h,e,b,k,k,n,p,p,w,o,l,h,v,p,False,True,False,False,False,f__h,f__f,1,1,0.9998166399307502
x,y,g,f,f,f,c,b,h,e,b,k,k,b,p,p,w,o,l,h,v,p,False,True,False,False,False,f__h,f__f,1,1,0.999856435894935
f,y,e,t,n,f,c,b,p,t,b,s,s,g,p,p,w,o,p,n,v,d,True,False,True,False,False,n__n,n__t,0,0,0.00113802156174036
x,f,n,t,n,f,c,b,w,t,b,s,s,g,p,p,w,o,p,k,v,d,True,False,True,False,False,n__k,n__t,0,0,0.0006964344302106188
x,y,g,t,n,f,c,b,n,t,b,s,s,p,p,p,w,o,p,k,y,d,True,False,True,False,False,n__k,n__t,0,0,0.00031411927314843005
x,s,p,f,c,f,w,n,p,e,b,s,s,w,w,p,w,o,p,k,s,d,False,True,False,True,False,c__k,c__f,1,1,0.995002061431985
f,y,n,f,f,f,c,n,b,t,,s,s,w,p,p,w,o,e,w,v,p,False,True,False,True,True,f__w,f__f,1,1,0.9994856977502119
x,y,g,f,f,f,c,b,p,e,b,k,k,b,b,p,w,o,l,h,y,p,False,True,False,False,False,f__h,f__f,1,1,0.9992757199354558
f,s,w,t,f,f,c,b,h,t,b,s,f,w,w,p,w,o,p,h,s,g,False,True,True,False,False,f__h,f__t,1,1,0.9973888794917647
f,f,w,f,n,f,w,b,n,t,e,s,f,w,w,p,w,o,e,n,s,g,True,False,False,False,False,n__n,n__f,0,0,8.878165763859189e-06
x,s,w,f,n,f,w,b,w,e,,k,s,w,w,p,w,t,p,w,s,g,True,False,False,False,True,n__w,n__f,0,0,0.005387634582103142
k,y,n,f,s,f,c,n,b,t,,k,s,w,w,p,w,o,e,w,v,l,False,True,False,True,True,s__w,s__f,1,1,0.9999225508442213
x,y,y,t,l,f,c,b,p,e,r,s,y,w,w,p,w,o,p,k,s,p,False,False,True,False,False,l__k,l__t,0,0,0.00224227795058761
x,y,n,t,l,f,c,b,p,e,r,s,y,w,w,p,w,o,p,k,s,p,False,False,True,False,False,l__k,l__t,0,0,0.001350126062347987
f,y,g,t,n,f,c,b,n,t,b,s,s,p,g,p,w,o,p,k,y,d,True,False,True,False,False,n__k,n__t,0,0,0.0003418650332681493
x,y,y,t,a,f,c,b,n,e,c,s,s,w,w,p,w,o,p,k,n,m,False,False,True,False,False,a__k,a__t,0,0,0.00047899137872156193
f,f,y,f,f,f,c,b,g,e,b,k,k,b,p,p,w,o,l,h,y,d,False,True,False,False,False,f__h,f__f,1,1,0.9996967194883728
x,f,g,f,f,f,c,b,h,e,b,k,k,n,n,p,w,o,l,h,v,g,False,True,False,False,False,f__h,f__f,1,1,0.9998571169354167
f,s,e,f,f,f,c,n,b,t,,s,s,w,p,p,w,o,e,w,v,p,False,True,False,True,True,f__w,f__f,1,1,0.999597407054572
x,y,y,t,l,f,c,b,n,e,r,s,y,w,w,p,w,o,p,n,s,p,False,False,True,False,False,l__n,l__t,0,0,0.0014478900181125753
f,f,y,f,f,f,c,b,p,e,b,k,k,n,p,p,w,o,l,h,y,p,False,True,False,False,False,f__h,f__f,1,1,0.9992577367768929
x,y,w,f,n,f,c,n,u,e,,s,f,w,w,p,w,o,f,h,v,d,True,False,False,True,True,n__h,n__f,0,0,0.032693355204213785
f,s,g,t,f,f,c,b,h,t,b,f,s,w,w,p,w,o,p,h,v,u,False,True,True,False,False,f__h,f__t,1,1,0.9981806548552064
k,y,n,f,y,f,c,n,b,t,,s,s,w,p,p,w,o,e,w,v,p,False,True,False,True,True,y__w,y__f,1,1,0.998199189051669
x,y,e,f,y,f,c,n,b,t,,s,k,w,w,p,w,o,e,w,v,d,False,True,False,True,True,y__w,y__f,1,1,0.9992747697452876
x,f,w,f,n,f,w,b,h,t,e,f,f,w,w,p,w,o,e,n,a,g,True,False,False,False,False,n__n,n__f,0,0,1.8014743387272086e-05
f,f,w,f,n,f,w,b,n,t,e,s,s,w,w,p,w,o,e,k,s,g,True,False,False,False,False,n__k,n__f,0,0,1.3267920265332322e-05
f,s,n,f,y,f,c,n,b,t,,s,k,w,p,p,w,o,e,w,v,p,False,True,False,True,True,y__w,y__f,1,1,0.9993852321360647
k,f,w,f,n,f,w,b,w,e,,k,k,w,w,p,w,t,p,w,n,g,True,False,False,False,True,n__w,n__f,0,0,0.004225176060728335
f,y,n,t,n,f,c,b,w,t,b,s,s,w,w,p,w,o,p,k,v,d,True,False,True,False,False,n__k,n__t,0,0,0.00239675680631764
x,y,e,t,n,f,c,b,p,t,b,s,s,w,p,p,w,o,p,n,y,d,True,False,True,False,False,n__n,n__t,0,0,0.000336745157833497
x,f,e,t,n,f,c,b,w,t,b,s,s,w,w,p,w,o,p,n,y,d,True,False,True,False,False,n__n,n__t,0,0,0.00029843181074531663
x,f,y,f,f,f,c,b,p,e,b,k,k,n,p,p,w,o,l,h,y,p,False,True,False,False,False,f__h,f__f,1,1,0.9989140008224783
f,s,g,f,n,f,w,b,k,t,e,s,f,w,w,p,w,o,e,k,s,g,True,False,False,False,False,n__k,n__f,0,0,1.1657676198482452e-05
x,y,e,f,s,f,c,n,b,t,,k,k,w,w,p,w,o,e,w,v,l,False,True,False,True,True,s__w,s__f,1,1,0.9999635830231421
x,y,e,t,n,f,c,b,w,e,,s,s,e,w,p,w,t,e,w,c,w,True,False,True,False,True,n__w,n__t,0,0,0.0037625329709176122
f,s,e,f,s,f,c,n,b,t,,s,k,p,p,p,w,o,e,w,v,p,False,True,False,True,True,s__w,s__f,1,1,0.9994159425864068
f,f,w,f,n,f,w,b,h,t,e,s,f,w,w,p,w,o,e,n,s,g,True,False,False,False,False,n__n,n__f,0,0,1.5714085549466795e-05
f,y,n,f,n,f,w,n,w,e,b,s,f,w,n,p,w,o,e,w,v,l,True,False,False,True,False,n__w,n__f,0,0,0.03906950325416265
x,s,w,f,n,f,w,b,k,t,e,f,f,w,w,p,w,o,e,n,s,g,True,False,False,False,False,n__n,n__f,0,0,2.445766898432088e-05
x,f,g,f,f,f,c,b,g,e,b,k,k,n,b,p,w,o,l,h,v,p,False,True,False,False,False,f__h,f__f,1,1,0.9997779220665275
f,f,n,t,n,f,c,b,p,t,b,s,s,p,p,p,w,o,p,n,y,d,True,False,True,False,False,n__n,n__t,0,0,0.00023465527864194056
f,y,y,f,f,f,c,b,h,e,b,k,k,b,b,p,w,o,l,h,v,p,False,True,False,False,False,f__h,f__f,1,1,0.9999294380065216
f,f,w,f,n,f,w,b,n,t,e,f,f,w,w,p,w,o,e,k,a,g,True,False,False,False,False,n__k,n__f,0,0,1.678277832114043e-05
k,s,e,f,s,f,c,n,b,t,,k,k,p,p,p,w,o,e,w,v,l,False,True,False,True,True,s__w,s__f,1,1,0.9999685493107999
f,y,n,t,a,f,c,b,w,e,r,s,y,w,w,p,w,o,p,k,y,g,False,False,True,False,False,a__k,a__t,0,0,0.0036131179111419604
b,f,w,f,n,f,w,b,p,e,,k,s,w,w,p,w,t,p,w,n,g,True,False,False,False,True,n__w,n__f,0,0,0.0026666231418100224
f,s,b,t,f,f,c,b,w,t,b,f,s,w,w,p,w,o,p,h,v,g,False,True,True,False,False,f__h,f__t,1,1,0.9993281068754561
x,f,g,f,f,f,c,b,p,e,b,k,k,n,n,p,w,o,l,h,v,d,False,True,False,False,False,f__h,f__f,1,1,0.9995736704354731
x,y,e,t,n,f,c,b,w,e,,s,s,e,e,p,w,t,e,w,c,w,True,False,True,False,True,n__w,n__t,0,0,0.002487911329949355
b,s,w,t,a,f,c,b,g,e,c,s,s,w,w,p,w,o,p,k,n,g,False,False,True,False,False,a__k,a__t,0,0,0.0030810141009045685
x,y,y,t,a,f,c,b,w,e,c,s,s,w,w,p,w,o,p,k,s,m,False,False,True,False,False,a__k,a__t,0,0,0.0014090422224688733
f,s,n,f,n,f,w,b,p,t,e,f,f,w,w,p,w,o,e,n,a,g,True,False,False,False,False,n__n,n__f,0,0,1.2202888297381936e-05
x,y,n,f,y,f,c,n,b,t,,s,k,p,w,p,w,o,e,w,v,p,False,True,False,True,True,y__w,y__f,1,1,0.9988471377744087
x,y,e,t,n,f,c,b,w,t,b,s,s,p,p,p,w,o,p,k,y,d,True,False,True,False,False,n__k,n__t,0,0,0.0005056656142292164
f,y,e,f,f,f,c,n,b,t,,k,k,w,w,p,w,o,e,w,v,l,False,True,False,True,True,f__w,f__f,1,1,0.9999907101398575
f,y,n,f,y,f,c,n,b,t,,s,s,w,w,p,w,o,e,w,v,p,False,True,False,True,True,y__w,y__f,1,1,0.9985464065555365
k,y,c,f,n,f,w,n,w,e,b,s,f,w,n,p,w,o,e,w,v,l,True,False,False,True,False,n__w,n__f,0,0,0.023274486088177716
f,y,n,t,n,f,c,b,p,t,b,s,s,w,p,p,w,o,p,k,y,d,True,False,True,False,False,n__k,n__t,0,0,0.0004767654155171921
x,f,w,f,n,f,w,b,n,t,e,f,f,w,w,p,w,o,e,k,a,g,True,False,False,False,False,n__k,n__f,0,0,1.1466878065062073e-05
x,f,y,f,f,f,c,b,h,e,b,k,k,p,b,p,w,o,l,h,v,d,False,True,False,False,False,f__h,f__f,1,1,0.9998598872834568
k,s,n,f,y,f,c,n,b,t,,s,k,p,p,p,w,o,e,w,v,p,False,True,False,True,True,y__w,y__f,1,1,0.9991100082527556
b,s,w,f,n,f,w,b,g,e,,s,s,w,w,p,w,t,p,w,s,g,True,False,False,False,True,n__w,n__f,0,0,0.0010762751440126243
f,s,g,t,f,f,c,b,w,t,b,f,s,w,w,p,w,o,p,h,s,u,False,True,True,False,False,f__h,f__t,1,1,0.9967238217879472
f,y,n,t,p,f,c,n,p,e,e,s,s,w,w,p,w,o,p,k,v,g,False,True,True,True,False,p__k,p__t,1,1,0.9985261280757506
x,y,y,t,l,f,c,b,n,e,c,s,s,w,w,p,w,o,p,k,n,m,False,False,True,False,False,l__k,l__t,0,0,0.00047389287562016563
k,s,e,f,y,f,c,n,b,t,,s,s,p,p,p,w,o,e,w,v,l,False,True,False,True,True,y__w,y__f,1,1,0.9991593116564589
x,s,w,t,l,f,c,b,w,e,c,s,s,w,w,p,w,o,p,n,s,m,False,False,True,False,False,l__n,l__t,0,0,0.0017554697465194209
f,f,g,f,f,f,c,b,h,e,b,k,k,p,p,p,w,o,l,h,v,g,False,True,False,False,False,f__h,f__f,1,1,0.9999325669239862
x,y,e,f,s,f,c,n,b,t,,k,k,p,w,p,w,o,e,w,v,d,False,True,False,True,True,s__w,s__f,1,1,0.9999372975870879
f,s,g,t,f,f,c,b,w,t,b,s,s,w,w,p,w,o,p,h,v,g,False,True,True,False,False,f__h,f__t,1,1,0.9977546287143029
x,s,n,t,p,f,c,n,n,e,e,s,s,w,w,p,w,o,p,n,v,u,False,True,True,True,False,p__n,p__t,1,1,0.99632724007715
f,f,n,t,n,f,c,b,p,t,b,s,s,w,p,p,w,o,p,n,y,d,True,False,True,False,False,n__n,n__t,0,0,0.00026257176948067267
x,f,g,f,n,f,w,b,k,t,e,f,s,w,w,p,w,o,e,k,a,g,True,False,False,False,False,n__k,n__f,0,0,1.0023593797411256e-05
k,y,n,f,f,f,c,n,b,t,,s,k,p,w,p,w,o,e,w,v,p,False,True,False,True,True,f__w,f__f,1,1,0.999623457502842
k,s,n,f,n,a,c,b,o,e,,s,s,o,o,p,n,o,p,o,c,l,True,False,False,False,True,n__o,n__f,0,0,0.0009236035888093243
x,y,g,t,n,f,c,b,n,t,b,s,s,w,p,p,w,o,p,k,y,d,True,False,True,False,False,n__k,n__t,0,0,0.0003514861201997958
x,f,n,t,n,f,c,b,u,t,b,s,s,w,w,p,w,o,p,k,y,d,True,False,True,False,False,n__k,n__t,0,0,0.00021001537497971972
f,f,y,f,f,f,c,b,p,e,b,k,k,b,b,p,w,o,l,h,v,d,False,True,False,False,False,f__h,f__f,1,1,0.9998590788639365
b,f,g,f,n,f,w,b,p,e,,s,s,w,w,p,w,t,p,w,n,g,True,False,False,False,True,n__w,n__f,0,0,0.00010433927895975389
x,y,y,f,f,f,c,b,p,e,b,k,k,n,b,p,w,o,l,h,v,d,False,True,False,False,False,f__h,f__f,1,1,0.9998516260392549
b,y,y,t,l,f,c,b,k,e,c,s,s,w,w,p,w,o,p,k,n,g,False,False,True,False,False,l__k,l__t,0,0,0.0011923332586561653
x,f,n,t,n,f,c,b,n,t,b,s,s,p,w,p,w,o,p,k,y,d,True,False,True,False,False,n__k,n__t,0,0,0.00014779503400304066
f,s,g,f,n,f,w,b,k,t,e,s,s,w,w,p,w,o,e,k,a,g,True,False,False,False,False,n__k,n__f,0,0,1.5008417853621349e-05
f,y,e,t,n,f,c,b,p,t,b,s,s,w,p,p,w,o,p,k,v,d,True,False,True,False,False,n__k,n__t,0,0,0.001954620654804834
k,y,n,f,s,f,c,n,b,t,,s,k,p,p,p,w,o,e,w,v,d,False,True,False,True,True,s__w,s__f,1,1,0.9992089329703926
x,s,n,f,f,f,c,n,b,t,,s,s,p,p,p,w,o,e,w,v,d,False,True,False,True,True,f__w,f__f,1,1,0.9993710143405979
f,y,g,t,n,f,c,b,n,t,b,s,s,p,p,p,w,o,p,n,v,d,True,False,True,False,False,n__n,n__t,0,0,0.0014371588876120032
x,y,n,t,a,f,c,b,n,e,r,s,y,w,w,p,w,o,p,k,y,p,False,False,True,False,False,a__k,a__t,0,0,0.0005887008309856793
k,s,n,f,n,a,c,b,o,e,,s,s,o,o,p,o,o,p,y,v,l,True,False,False,False,True,n__y,n__f,0,0,0.0009357489869118459
x,s,w,t,f,f,c,b,w,t,b,f,s,w,w,p,w,o,p,h,v,u,False,True,True,False,False,f__h,f__t,1,1,0.9986505170076774
x,s,p,f,c,f,c,n,n,e,b,s,s,w,w,p,w,o,p,k,v,d,False,True,False,True,False,c__k,c__f,1,1,0.9994444052184779
f,f,y,t,l,f,w,n,n,t,b,s,s,w,w,p,w,o,p,n,v,d,False,False,True,True,False,l__n,l__t,0,0,0.005109234342313643
x,f,w,f,n,f,w,b,h,t,e,f,s,w,w,p,w,o,e,k,s,g,True,False,False,False,False,n__k,n__f,0,0,2.773827149012388e-05
x,f,y,f,f,f,c,b,g,e,b,k,k,p,b,p,w,o,l,h,y,d,False,True,False,False,False,f__h,f__f,1,1,0.9995683395281663
f,f,n,t,n,f,c,b,p,t,b,s,s,w,g,p,w,o,p,k,v,d,True,False,True,False,False,n__k,n__t,0,0,0.0007752112219257502
f,y,e,t,n,f,c,b,p,t,b,s,s,g,p,p,w,o,p,n,y,d,True,False,True,False,False,n__n,n__t,0,0,0.0003230310031903096
x,s,n,f,n,a,c,b,o,e,,s,s,o,o,p,n,o,p,n,v,l,True,False,False,False,True,n__n,n__f,0,0,0.00014732595168901337
x,y,n,t,n,f,c,b,u,t,b,s,s,p,p,p,w,o,p,k,v,d,True,False,True,False,False,n__k,n__t,0,0,0.0011128700551064537
b,s,n,f,n,a,c,b,n,e,,s,s,o,o,p,n,o,p,y,c,l,True,False,False,False,True,n__y,n__f,0,0,0.0011603773911978
x,f,y,f,f,f,c,b,g,e,b,k,k,n,n,p,w,o,l,h,y,g,False,True,False,False,False,f__h,f__f,1,1,0.9996655451014324
x,y,n,t,n,f,c,b,n,t,b,s,s,w,w,p,w,o,p,n,v,d,True,False,True,False,False,n__n,n__t,0,0,0.0008337496655196892
f,y,e,f,y,f,c,n,b,t,,s,k,w,p,p,w,o,e,w,v,d,False,True,False,True,True,y__w,y__f,1,1,0.9995253478773753
f,y,e,f,y,f,c,n,b,t,,k,s,w,p,p,w,o,e,w,v,l,False,True,False,True,True,y__w,y__f,1,1,0.9999502154290816
x,f,e,t,n,f,c,b,w,t,b,s,s,p,w,p,w,o,p,k,v,d,True,False,True,False,False,n__k,n__t,0,0,0.0010585917842282737
f,y,y,f,f,f,c,b,h,e,b,k,k,p,p,p,w,o,l,h,v,g,False,True,False,False,False,f__h,f__f,1,1,0.9999682187899385
f,y,e,f,s,f,c,n,b,t,,k,s,w,p,p,w,o,e,w,v,d,False,True,False,True,True,s__w,s__f,1,1,0.999924266764202
x,s,g,f,n,f,w,b,w,e,,s,s,w,w,p,w,t,p,w,s,g,True,False,False,False,True,n__w,n__f,0,0,0.00021136074562741534
f,y,b,t,n,f,c,b,w,e,,s,s,w,w,p,w,t,e,w,c,w,True,False,True,False,True,n__w,n__t,0,0,0.019635430420666823
f,y,n,f,f,f,c,n,b,t,,s,k,p,p,p,w,o,e,w,v,l,False,True,False,True,True,f__w,f__f,1,1,0.9998515840996283
f,s,g,t,f,f,c,b,h,t,b,f,s,w,w,p,w,o,p,h,s,g,False,True,True,False,False,f__h,f__t,1,1,0.9977206253467907
f,f,g,t,n,f,c,b,n,t,b,s,s,g,g,p,w,o,p,k,y,d,True,False,True,False,False,n__k,n__t,0,0,0.00015556600149868257
x,y,e,t,n,f,c,b,n,t,b,s,s,p,g,p,w,o,p,n,y,d,True,False,True,False,False,n__n,n__t,0,0,0.00019120708885139604
f,y,n,f,f,f,c,n,b,t,,s,s,w,p,p,w,o,e,w,v,l,False,True,False,True,True,f__w,f__f,1,1,0.9997260677254804
b,y,w,t,l,f,c,b,n,e,c,s,s,w,w,p,w,o,p,n,s,g,False,False,True,False,False,l__n,l__t,0,0,0.0017496194774478614
f,f,e,t,n,f,c,b,n,t,b,s,s,w,g,p,w,o,p,k,v,d,True,False,True,False,False,n__k,n__t,0,0,0.0007712225100484959
x,y,y,f,f,f,c,b,g,e,b,k,k,n,p,p,w,o,l,h,v,g,False,True,False,False,False,f__h,f__f,1,1,0.9999541034895437
x,f,n,f,n,f,w,b,p,t,e,s,f,w,w,p,w,o,e,n,s,g,True,False,False,False,False,n__n,n__f,0,0,2.8096821471138744e-06
x,s,b,t,n,f,c,b,e,e,,s,s,w,e,p,w,t,e,w,c,w,True,False,True,False,True,n__w,n__t,0,0,0.006210765599813707
k,y,e,f,s,f,c,n,b,t,,k,s,w,p,p,w,o,e,w,v,d,False,True,False,True,True,s__w,s__f,1,1,0.999901996530433
f,f,g,f,n,f,w,b,k,t,e,f,s,w,w,p,w,o,e,n,a,g,True,False,False,False,False,n__n,n__f,0,0,1.3021470342734747e-05
f,y,n,t,n,f,c,b,n,t,b,s,s,p,p,p,w,o,p,k,y,d,True,False,True,False,False,n__k,n__t,0,0,0.0003640340021061782
f,s,n,t,n,f,c,b,w,e,b,s,s,w,w,p,w,t,p,w,y,p,True,False,True,False,False,n__w,n__t,0,0,0.008187504691980952
f,f,w,f,n,f,w,b,h,t,e,f,s,w,w,p,w,o,e,n,s,g,True,False,False,False,False,n__n,n__f,0,0,3.6034098468717197e-05
x,y,n,t,n,f,c,b,n,t,b,s,s,p,g,p,w,o,p,k,v,d,True,False,True,False,False,n__k,n__t,0,0,0.0006519398787193621
x,f,y,t,a,f,w,n,w,t,b,s,s,w,w,p,w,o,p,n,v,d,False,False,True,True,False,a__n,a__t,0,0,0.006172725708219364
f,f,y,f,f,f,c,b,p,e,b,k,k,p,n,p,w,o,l,h,y,p,False,True,False,False,False,f__h,f__f,1,1,0.9991568464580275
x,f,p,f,c,f,w,n,n,e,b,s,s,w,w,p,w,o,p,k,s,d,False,True,False,True,False,c__k,c__f,1,1,0.9897083801339315
f,s,n,f,n,f,w,b,k,t,e,s,f,w,w,p,w,o,e,k,a,g,True,False,False,False,False,n__k,n__f,0,0,8.959570922431884e-06
f,s,e,f,f,f,c,n,b,t,,k,s,w,w,p,w,o,e,w,v,l,False,True,False,True,True,f__w,f__f,1,1,0.9999825099200527
f,f,g,f,n,f,w,b,p,t,e,s,s,w,w,p,w,o,e,n,a,g,True,False,False,False,False,n__n,n__f,0,0,6.68579077273273e-06
x,f,y,f,f,f,c,b,p,e,b,k,k,p,b,p,w,o,l,h,v,g,False,True,False,False,False,f__h,f__f,1,1,0.9998926560095236
x,y,g,t,n,f,c,b,u,t,b,s,s,p,g,p,w,o,p,k,y,d,True,False,True,False,False,n__k,n__t,0,0,0.0002966482557727108
f,s,e,f,s,f,c,n,b,t,,s,s,p,p,p,w,o,e,w,v,l,False,True,False,True,True,s__w,s__f,1,1,0.9993576116382186
x,f,w,f,n,f,w,b,n,t,e,s,f,w,w,p,w,o,e,n,s,g,True,False,False,False,False,n__n,n__f,0,0,6.0660152573370156e-06
b,s,w,f,n,f,w,b,p,e,,s,k,w,w,p,w,t,p,w,s,g,True,False,False,False,True,n__w,n__f,0,0,0.0012847652623663212
b,s,y,t,a,f,c,b,k,e,c,s,s,w,w,p,w,o,p,k,n,m,False,False,True,False,False,a__k,a__t,0,0,0.0015202542881350583
x,y,e,t,n,f,c,b,u,t,b,s,s,w,p,p,w,o,p,n,v,d,True,False,True,False,False,n__n,n__t,0,0,0.0012869312734259787
k,f,w,f,n,f,w,b,g,e,,k,s,w,w,p,w,t,p,w,s,g,True,False,False,False,True,n__w,n__f,0,0,0.0040013412922104055
x,f,e,t,n,f,c,b,n,t,b,s,s,w,p,p,w,o,p,n,v,d,True,False,True,False,False,n__n,n__t,0,0,0.0006290515386368675
x,f,e,t,n,f,c,b,p,t,b,s,s,g,p,p,w,o,p,k,v,d,True,False,True,False,False,n__k,n__t,0,0,0.0005437562436223247
x,s,w,t,l,f,c,b,w,e,c,s,s,w,w,p,w,o,p,k,n,g,False,False,True,False,False,l__k,l__t,0,0,0.0011991289673191365
f,y,e,f,f,f,c,n,b,t,,k,s,p,w,p,w,o,e,w,v,p,False,True,False,True,True,f__w,f__f,1,1,0.9999596770492482
b,s,w,t,a,f,c,b,w,e,c,s,s,w,w,p,w,o,p,n,s,m,False,False,True,False,False,a__n,a__t,0,0,0.003899646911186656
b,f,w,f,n,f,w,b,w,e,,s,s,w,w,p,w,t,p,w,s,g,True,False,False,False,True,n__w,n__f,0,0,0.0005250026426959107
x,y,g,t,n,f,c,b,p,t,b,s,s,g,g,p,w,o,p,n,y,d,True,False,True,False,False,n__n,n__t,0,0,0.0001780120801963882
f,f,g,f,f,f,c,b,p,e,b,k,k,b,b,p,w,o,l,h,v,g,False,True,False,False,False,f__h,f__f,1,1,0.9999060175110696
x,f,e,t,n,f,c,b,p,t,b,s,s,p,g,p,w,o,p,k,v,d,True,False,True,False,False,n__k,n__t,0,0,0.000551323370693165
f,f,g,t,n,f,c,b,w,t,b,s,s,p,p,p,w,o,p,n,v,d,True,False,True,False,False,n__n,n__t,0,0,0.0015565043304750477
f,y,y,f,f,f,c,b,p,e,b,k,k,b,n,p,w,o,l,h,v,g,False,True,False,False,False,f__h,f__f,1,1,0.9999400023610393
x,y,w,t,p,f,c,n,w,e,e,s,s,w,w,p,w,o,p,k,v,u,False,True,True,True,False,p__k,p__t,1,1,0.9991872863635457
x,f,w,f,n,f,w,b,k,t,e,s,f,w,w,p,w,o,e,k,a,g,True,False,False,False,False,n__k,n__f,0,0,8.747186439351607e-06
b,s,g,f,n,f,w,b,p,e,,s,s,w,w,p,w,t,p,w,s,g,True,False,False,False,True,n__w,n__f,0,0,0.0003111158277650861
x,f,n,t,n,f,c,b,w,t,b,s,s,p,w,p,w,o,p,n,y,d,True,False,True,False,False,n__n,n__t,0,0,0.00022903696177992695
x,y,g,f,f,f,c,b,h,e,b,k,k,p,b,p,w,o,l,h,y,g,False,True,False,False,False,f__h,f__f,1,1,0.9997956409444015
x,f,e,t,n,f,c,b,u,t,b,s,s,w,p,p,w,o,p,k,y,d,True,False,True,False,False,n__k,n__t,0,0,0.00025536398712494725
k,f,g,f,n,f,w,b,w,e,,k,k,w,w,p,w,t,p,w,n,g,True,False,False,False,True,n__w,n__f,0,0,0.0021158557085102303
x,s,g,f,n,f,w,b,g,e,,s,k,w,w,p,w,t,p,w,s,g,True,False,False,False,True,n__w,n__f,0,0,0.0005061942199419931
f,f,e,t,n,f,c,b,n,t,b,s,s,p,g,p,w,o,p,k,y,d,True,False,True,False,False,n__k,n__t,0,0,0.00019558677899668512
x,s,e,f,s,f,c,n,b,t,,k,k,p,p,p,w,o,e,w,v,p,False,True,False,True,True,s__w,s__f,1,1,0.9999332039423919
x,s,n,f,f,f,c,n,b,t,,s,s,w,p,p,w,o,e,w,v,l,False,True,False,True,True,f__w,f__f,1,1,0.99963460424574
k,s,p,t,n,f,c,b,w,e,,s,s,e,w,p,w,t,e,w,c,w,True,False,True,False,True,n__w,n__t,0,0,0.008757385410433464
x,y,g,t,n,f,c,b,p,t,b,s,s,p,p,p,w,o,p,k,y,d,True,False,True,False,False,n__k,n__t,0,0,0.00036766582583458326
x,y,y,f,f,f,c,b,g,e,b,k,k,p,n,p,w,o,l,h,y,d,False,True,False,False,False,f__h,f__f,1,1,0.9996372595057549
f,s,n,f,n,f,w,b,n,t,e,f,s,w,w,p,w,o,e,k,a,g,True,False,False,False,False,n__k,n__f,0,0,1.557975900957484e-05
x,s,w,t,f,f,c,b,w,t,b,f,s,w,w,p,w,o,p,h,v,g,False,True,True,False,False,f__h,f__t,1,1,0.9990488272693346
k,y,p,t,n,f,c,b,e,e,,s,s,w,w,p,w,t,e,w,c,w,True,False,True,False,True,n__w,n__t,0,0,0.008683001303379654
f,y,e,f,y,f,c,n,b,t,,k,k,w,w,p,w,o,e,w,v,l,False,True,False,True,True,y__w,y__f,1,1,0.9999748321139692
f,y,e,t,n,f,c,b,n,t,b,s,s,p,p,p,w,o,p,n,y,d,True,False,True,False,False,n__n,n__t,0,0,0.000376264625105462
f,y,y,f,f,f,c,b,p,e,b,k,k,b,n,p,w,o,l,h,v,p,False,True,False,False,False,f__h,f__f,1,1,0.999855483946534
f,y,e,t,n,f,c,b,p,t,b,s,s,w,g,p,w,o,p,n,v,d,True,False,True,False,False,n__n,n__t,0,0,0.0012909791995743688
f,s,w,t,p,f,c,n,w,e,e,s,s,w,w,p,w,o,p,k,v,u,False,True,True,True,False,p__k,p__t,1,1,0.9994937222968775
x,s,e,f,f,f,c,n,b,t,,s,k,p,p,p,w,o,e,w,v,d,False,True,False,True,True,f__w,f__f,1,1,0.9997384146642994
f,y,g,f,f,f,c,b,p,e,b,k,k,b,p,p,w,o,l,h,v,g,False,True,False,False,False,f__h,f__f,1,1,0.9999384215501859
f,s,e,f,y,f,c,n,b,t,,k,s,w,w,p,w,o,e,w,v,l,False,True,False,True,True,y__w,y__f,1,1,0.9999526169218323
x,y,e,f,y,f,c,n,b,t,,s,k,w,w,p,w,o,e,w,v,p,False,True,False,True,True,y__w,y__f,1,1,0.9991150388808554
x,f,g,f,n,f,w,b,n,t,e,s,f,w,w,p,w,o,e,k,a,g,True,False,False,False,False,n__k,n__f,0,0,3.314637395566494e-06
f,y,n,f,s,f,c,n,b,t,,s,s,p,p,p,w,o,e,w,v,p,False,True,False,True,True,s__w,s__f,1,1,0.9984601163252885
x,y,y,t,a,f,c,b,w,e,r,s,y,w,w,p,w,o,p,n,y,g,False,False,True,False,False,a__n,a__t,0,0,0.0031099891945784008
f,f,g,f,f,f,c,b,h,e,b,k,k,b,p,p,w,o,l,h,v,p,False,True,False,False,False,f__h,f__f,1,1,0.9998418805696225
x,f,g,f,f,f,c,b,p,e,b,k,k,n,b,p,w,o,l,h,y,g,False,True,False,False,False,f__h,f__f,1,1,0.9994378457484452
f,s,b,t,f,f,c,b,p,t,b,s,s,w,w,p,w,o,p,h,v,u,False,True,True,False,False,f__h,f__t,1,1,0.9975451609912149
f,y,e,t,n,f,c,b,n,t,b,s,s,g,p,p,w,o,p,k,v,d,True,False,True,False,False,n__k,n__t,0,0,0.0010953935613850227
x,f,g,f,n,f,w,b,h,t,e,f,f,w,w,p,w,o,e,n,s,g,True,False,False,False,False,n__n,n__f,0,0,9.275304157313454e-06
x,y,w,t,l,f,c,b,k,e,c,s,s,w,w,p,w,o,p,k,s,g,False,False,True,False,False,l__k,l__t,0,0,0.001391715723798763
f,y,n,t,n,f,c,b,u,t,b,s,s,p,p,p,w,o,p,k,y,d,True,False,True,False,False,n__k,n__t,0,0,0.00046226149382362874
b,y,w,t,l,f,c,b,g,e,c,s,s,w,w,p,w,o,p,k,s,m,False,False,True,False,False,l__k,l__t,0,0,0.00537612077616045
f,y,n,f,y,f,c,n,b,t,,s,s,w,w,p,w,o,e,w,v,d,False,True,False,True,True,y__w,y__f,1,1,0.998808650204974
x,y,n,f,y,f,c,n,b,t,,k,s,w,w,p,w,o,e,w,v,p,False,True,False,True,True,y__w,y__f,1,1,0.9998336307663548
x,s,n,t,p,f,c,n,n,e,e,s,s,w,w,p,w,o,p,n,s,u,False,True,True,True,False,p__n,p__t,1,1,0.993484710036557
f,y,e,f,s,f,c,n,b,t,,s,s,w,p,p,w,o,e,w,v,p,False,True,False,True,True,s__w,s__f,1,1,0.9988178466939904
x,s,w,t,f,f,c,b,p,t,b,s,f,w,w,p,w,o,p,h,s,u,False,True,True,False,False,f__h,f__t,1,1,0.9918436718534348
x,y,w,t,p,f,c,n,k,e,e,s,s,w,w,p,w,o,p,n,s,u,False,True,True,True,False,p__n,p__t,1,1,0.9978456798221718
f,s,n,f,f,f,c,n,b,t,,k,k,w,p,p,w,o,e,w,v,p,False,True,False,True,True,f__w,f__f,1,1,0.9999822672672007
f,s,e,f,s,f,c,n,b,t,,k,s,w,w,p,w,o,e,w,v,d,False,True,False,True,True,s__w,s__f,1,1,0.9999279198704046
x,s,w,t,a,f,c,b,w,e,c,s,s,w,w,p,w,o,p,k,s,m,False,False,True,False,False,a__k,a__t,0,0,0.0023480253082733596
b,s,w,f,n,f,w,b,p,e,,k,k,w,w,p,w,t,p,w,n,g,True,False,False,False,True,n__w,n__f,0,0,0.009673296880771787
x,f,n,t,n,f,c,b,n,t,b,s,s,p,w,p,w,o,p,n,y,d,True,False,True,False,False,n__n,n__t,0,0,0.0001311849316645886
f,y,u,f,n,f,c,n,h,e,,s,f,w,w,p,w,o,f,h,v,d,True,False,False,True,True,n__h,n__f,0,0,0.03296439933081633
f,y,n,f,y,f,c,n,b,t,,s,k,w,w,p,w,o,e,w,v,p,False,True,False,True,True,y__w,y__f,1,1,0.9992957584869648
k,s,e,f,f,f,c,n,b,t,,k,k,p,p,p,w,o,e,w,v,p,False,True,False,True,True,f__w,f__f,1,1,0.9999779489954452
x,f,p,f,c,f,c,n,n,e,b,s,s,w,w,p,w,o,p,k,v,d,False,True,False,True,False,c__k,c__f,1,1,0.9990177990384851
f,y,y,f,f,f,c,b,h,e,b,k,k,p,b,p,w,o,l,h,v,g,False,True,False,False,False,f__h,f__f,1,1,0.999969908990374
x,y,e,f,y,f,c,n,b,t,,s,s,w,w,p,w,o,e,w,v,p,False,True,False,True,True,y__w,y__f,1,1,0.9981737427192077
x,f,e,t,n,f,c,b,u,t,b,s,s,p,w,p,w,o,p,k,v,d,True,False,True,False,False,n__k,n__t,0,0,0.0007701551444422134
x,y,n,f,s,f,c,n,b,t,,s,s,w,p,p,w,o,e,w,v,d,False,True,False,True,True,s__w,s__f,1,1,0.9983498880610508
f,y,y,f,f,f,c,b,h,e,b,k,k,p,p,p,w,o,l,h,v,d,False,True,False,False,False,f__h,f__f,1,1,0.9999372725074106
k,y,e,f,f,f,c,n,b,t,,k,s,w,w,p,w,o,e,w,v,l,False,True,False,True,True,f__w,f__f,1,1,0.9999751678592492
x,f,y,f,f,f,c,b,h,e,b,k,k,n,n,p,w,o,l,h,v,d,False,True,False,False,False,f__h,f__f,1,1,0.9997857606005248
f,y,y,t,l,f,c,b,p,e,r,s,y,w,w,p,w,o,p,n,s,g,False,False,True,False,False,l__n,l__t,0,0,0.005948334137228053
x,f,y,f,f,f,c,b,h,e,b,k,k,b,p,p,w,o,l,h,v,d,False,True,False,False,False,f__h,f__f,1,1,0.9998559400502119
f,f,w,t,l,f,w,n,n,t,b,s,s,w,w,p,w,o,p,n,v,d,False,False,True,True,False,l__n,l__t,0,0,0.007746923399556085
f,f,e,t,n,f,c,b,p,t,b,s,s,g,g,p,w,o,p,n,y,d,True,False,True,False,False,n__n,n__t,0,0,0.0001490405001213042
f,f,n,f,n,f,w,b,n,t,e,f,s,w,w,p,w,o,e,n,s,g,True,False,False,False,False,n__n,n__f,0,0,8.056145758356174e-06
x,s,w,f,c,f,c,n,n,e,b,s,s,w,w,p,w,o,p,n,s,d,False,True,False,True,False,c__n,c__f,1,1,0.9990311529713234
x,y,y,t,a,f,c,b,w,e,c,s,s,w,w,p,w,o,p,n,n,m,False,False,True,False,False,a__n,a__t,0,0,0.0006334318653122563
x,s,g,t,f,f,c,b,h,t,b,s,f,w,w,p,w,o,p,h,s,g,False,True,True,False,False,f__h,f__t,1,1,0.992390715845054
x,y,y,f,f,f,c,b,h,e,b,k,k,p,n,p,w,o,l,h,y,d,False,True,False,False,False,f__h,f__f,1,1,0.9995850054001072
x,y,y,t,a,f,c,b,w,e,c,s,s,w,w,p,w,o,p,k,s,g,False,False,True,False,False,a__k,a__t,0,0,0.0012253309051714538
f,s,e,f,s,f,c,n,b,t,,k,k,w,w,p,w,o,e,w,v,d,False,True,False,True,True,s__w,s__f,1,1,0.9999651032820334
f,s,e,f,s,f,c,n,b,t,,k,k,p,w,p,w,o,e,w,v,p,False,True,False,True,True,s__w,s__f,1,1,0.9999523430138092
x,f,g,f,c,f,c,n,n,e,b,s,s,w,w,p,w,o,p,n,v,d,False,True,False,True,False,c__n,c__f,1,1,0.9980744161509051
x,f,g,t,n,f,c,b,u,t,b,s,s,p,p,p,w,o,p,k,v,d,True,False,True,False,False,n__k,n__t,0,0,0.000872035985022374
x,y,e,f,f,f,c,n,b,t,,k,k,p,w,p,w,o,e,w,v,d,False,True,False,True,True,f__w,f__f,1,1,0.9999765892247737
f,y,e,t,n,f,c,b,w,t,b,s,s,w,g,p,w,o,p,k,y,d,True,False,True,False,False,n__k,n__t,0,0,0.0006157686300079233
f,f,y,f,f,f,c,b,p,e,b,k,k,b,n,p,w,o,l,h,y,p,False,True,False,False,False,f__h,f__f,1,1,0.9991791772367705
x,s,p,f,c,f,c,n,g,e,b,s,s,w,w,p,w,o,p,k,v,d,False,True,False,True,False,c__k,c__f,1,1,0.999725563182855
x,y,g,f,f,f,c,b,p,e,b,k,k,b,b,p,w,o,l,h,v,p,False,True,False,False,False,f__h,f__f,1,1,0.9997944717907147
f,f,w,f,n,f,w,b,n,t,e,f,s,w,w,p,w,o,e,n,s,g,True,False,False,False,False,n__n,n__f,0,0,2.035877470243949e-05
f,s,g,f,n,f,w,b,h,t,e,s,s,w,w,p,w,o,e,k,a,g,True,False,False,False,False,n__k,n__f,0,0,2.014394564780445e-05
x,s,g,f,n,f,w,b,p,t,e,f,f,w,w,p,w,o,e,n,a,g,True,False,False,False,False,n__n,n__f,0,0,1.0529174209284207e-05
x,y,g,t,n,f,c,b,p,t,b,s,s,w,g,p,w,o,p,n,v,d,True,False,True,False,False,n__n,n__t,0,0,0.0009568758634004471
k,s,e,f,y,f,c,n,b,t,,s,s,p,p,p,w,o,e,w,v,p,False,True,False,True,True,y__w,y__f,1,1,0.9984224095850749
k,s,w,f,n,f,w,b,p,e,,s,s,w,w,p,w,t,p,w,n,g,True,False,False,False,True,n__w,n__f,0,0,0.00019017305195977638
x,y,n,t,l,f,c,b,n,e,r,s,y,w,w,p,w,o,p,n,y,p,False,False,True,False,False,l__n,l__t,0,0,0.0004399385222443941
x,s,w,f,c,f,w,n,n,e,b,s,s,w,w,p,w,o,p,k,v,d,False,True,False,True,False,c__k,c__f,1,1,0.9971371953775323
f,s,g,f,n,f,w,b,n,t,e,s,s,w,w,p,w,o,e,n,a,g,True,False,False,False,False,n__n,n__f,0,0,1.0101758150105892e-05
f,y,n,t,l,f,c,b,p,e,r,s,y,w,w,p,w,o,p,k,s,p,False,False,True,False,False,l__k,l__t,0,0,0.001974801953657221
k,y,n,f,y,f,c,n,b,t,,k,k,p,p,p,w,o,e,w,v,p,False,True,False,True,True,y__w,y__f,1,1,0.9999236779428828
x,s,b,t,f,f,c,b,p,t,b,s,f,w,w,p,w,o,p,h,s,u,False,True,True,False,False,f__h,f__t,1,1,0.9915721619942884
x,y,g,f,f,f,c,b,h,e,b,k,k,b,b,p,w,o,l,h,y,d,False,True,False,False,False,f__h,f__f,1,1,0.9996074038208953
k,y,n,f,y,f,c,n,b,t,,k,k,w,p,p,w,o,e,w,v,d,False,True,False,True,True,y__w,y__f,1,1,0.999944112921153
b,s,n,f,n,a,c,b,y,e,,s,s,o,o,p,o,o,p,y,c,l,True,False,False,False,True,n__y,n__f,0,0,0.0023233086427954567
x,s,e,f,s,f,c,n,b,t,,s,k,p,w,p,w,o,e,w,v,p,False,True,False,True,True,s__w,s__f,1,1,0.999107658826605
k,y,e,f,y,f,c,n,b,t,,k,k,p,w,p,w,o,e,w,v,p,False,True,False,True,True,y__w,y__f,1,1,0.9999315612546996
f,s,w,f,n,f,w,b,h,t,e,s,s,w,w,p,w,o,e,k,a,g,True,False,False,False,False,n__k,n__f,0,0,4.0310067536821254e-05
f,s,g,t,f,f,c,b,p,t,b,s,f,w,w,p,w,o,p,h,s,u,False,True,True,False,False,f__h,f__t,1,1,0.9888813408654387
x,y,n,f,y,f,c,n,b,t,,s,s,w,w,p,w,o,e,w,v,l,False,True,False,True,True,y__w,y__f,1,1,0.9988667556015124
x,y,n,t,p,f,c,n,p,e,e,s,s,w,w,p,w,o,p,k,s,u,False,True,True,True,False,p__k,p__t,1,1,0.9945747227754795
f,y,e,f,y,f,c,n,b,t,,s,k,w,w,p,w,o,e,w,v,d,False,True,False,True,True,y__w,y__f,1,1,0.9995043732735905
f,f,g,f,n,f,w,b,p,t,e,f,s,w,w,p,w,o,e,n,s,g,True,False,False,False,False,n__n,n__f,0,0,1.1908567062373009e-05
f,y,n,f,s,f,c,n,b,t,,s,s,p,w,p,w,o,e,w,v,l,False,True,False,True,True,s__w,s__f,1,1,0.9991431719638088
f,f,e,t,n,f,c,b,n,t,b,s,s,w,p,p,w,o,p,k,y,d,True,False,True,False,False,n__k,n__t,0,0,0.0002942898391654271
f,s,w,f,n,f,w,b,k,t,e,f,f,w,w,p,w,o,e,k,s,g,True,False,False,False,False,n__k,n__f,0,0,4.032851639742091e-05
f,f,g,t,n,f,c,b,n,t,b,s,s,w,w,p,w,o,p,n,v,d,True,False,True,False,False,n__n,n__t,0,0,0.0009558479746275908
f,s,n,f,f,f,c,n,b,t,,s,s,w,w,p,w,o,e,w,v,p,False,True,False,True,True,f__w,f__f,1,1,0.9995104955342395
x,s,b,t,f,f,c,b,p,t,b,s,f,w,w,p,w,o,p,h,v,u,False,True,True,False,False,f__h,f__t,1,1,0.9952451164617855
f,f,g,f,f,f,c,b,g,e,b,k,k,p,p,p,w,o,l,h,y,g,False,True,False,False,False,f__h,f__f,1,1,0.9997922201673541
x,f,n,t,n,f,c,b,w,t,b,s,s,g,g,p,w,o,p,n,y,d,True,False,True,False,False,n__n,n__t,0,0,0.00013044688962812655
x,s,w,t,l,f,c,b,w,e,c,s,s,w,w,p,w,o,p,k,s,m,False,False,True,False,False,l__k,l__t,0,0,0.002323078582751246
x,s,w,f,n,f,w,b,w,e,,k,k,w,w,p,w,t,p,w,s,g,True,False,False,False,True,n__w,n__f,0,0,0.0110651948092083
f,y,n,t,n,f,c,b,w,t,b,s,s,p,w,p,w,o,p,k,v,d,True,False,True,False,False,n__k,n__t,0,0,0.002142421152426774
f,f,n,f,n,f,w,b,k,t,e,f,s,w,w,p,w,o,e,k,a,g,True,False,False,False,False,n__k,n__f,0,0,1.1616941922246067e-05
x,y,n,t,l,f,c,b,w,e,r,s,y,w,w,p,w,o,p,n,s,g,False,False,True,False,False,l__n,l__t,0,0,0.0036555592737705987
x,f,y,f,f,f,c,b,h,e,b,k,k,b,n,p,w,o,l,h,v,g,False,True,False,False,False,f__h,f__f,1,1,0.9999063904164978
x,s,n,f,s,f,c,n,b,t,,s,s,w,w,p,w,o,e,w,v,d,False,True,False,True,True,s__w,s__f,1,1,0.9984293643979724
x,s,n,f,n,a,c,b,y,e,,s,s,o,o,p,n,o,p,n,v,l,True,False,False,False,True,n__n,n__f,0,0,0.00019157604958652903
f,s,w,t,n,f,c,b,r,e,b,s,s,w,w,p,w,t,p,r,v,m,True,False,True,False,False,n__r,n__t,1,1,0.9728209110383024
x,f,w,f,n,f,w,b,h,t,e,f,s,w,w,p,w,o,e,k,a,g,True,False,False,False,False,n__k,n__f,0,0,2.6921900924682277e-05
b,y,w,t,l,f,c,b,w,e,c,s,s,w,w,p,w,o,p,k,s,g,False,False,True,False,False,l__k,l__t,0,0,0.004035799092777918
f,y,e,t,n,f,c,b,p,t,b,s,s,w,g,p,w,o,p,k,v,d,True,False,True,False,False,n__k,n__t,0,0,0.0014542241550878168
x,s,g,t,f,f,c,b,h,t,b,s,s,w,w,p,w,o,p,h,s,u,False,True,True,False,False,f__h,f__t,1,1,0.9918624186008214
f,y,n,f,y,f,c,n,b,t,,k,s,p,w,p,w,o,e,w,v,d,False,True,False,True,True,y__w,y__f,1,1,0.9998957703784674
x,y,n,f,f,f,c,n,b,t,,s,s,w,p,p,w,o,e,w,v,d,False,True,False,True,True,f__w,f__f,1,1,0.9993832953889987
x,y,e,f,y,f,c,n,b,t,,k,s,p,p,p,w,o,e,w,v,d,False,True,False,True,True,y__w,y__f,1,1,0.9998745488473232
f,s,e,f,f,f,c,n,b,t,,k,s,p,p,p,w,o,e,w,v,d,False,True,False,True,True,f__w,f__f,1,1,0.9999711603329963
x,s,w,t,a,f,w,n,n,t,b,s,s,w,w,p,w,o,p,n,v,d,False,False,True,True,False,a__n,a__t,0,0,0.009473750199094175
f,f,y,f,f,f,c,b,h,e,b,k,k,n,b,p,w,o,l,h,v,p,False,True,False,False,False,f__h,f__f,1,1,0.9998681010447875
f,y,y,f,f,f,c,b,g,e,b,k,k,n,p,p,w,o,l,h,v,p,False,True,False,False,False,f__h,f__f,1,1,0.999924462177188
x,y,y,t,l,f,c,b,w,e,c,s,s,w,w,p,w,o,p,n,n,g,False,False,True,False,False,l__n,l__t,0,0,0.000543307960288413
s,f,g,f,n,f,c,n,k,e,e,s,s,w,w,p,w,o,p,n,y,u,True,False,False,True,False,n__n,n__f,0,0,0.003098740337720806
f,y,n,f,y,f,c,n,b,t,,s,k,w,p,p,w,o,e,w,v,p,False,True,False,True,True,y__w,y__f,1,1,0.9993255555768854
f,s,b,t,f,f,c,b,w,t,b,f,f,w,w,p,w,o,p,h,s,u,False,True,True,False,False,f__h,f__t,1,1,0.99775313574471
b,s,w,f,n,f,w,b,p,e,,k,k,w,w,p,w,t,p,w,s,g,True,False,False,False,True,n__w,n__f,0,0,0.016204562660347414
x,f,g,f,f,f,c,b,h,e,b,k,k,p,b,p,w,o,l,h,y,p,False,True,False,False,False,f__h,f__f,1,1,0.9992069083337951
k,y,e,f,s,f,c,n,b,t,,s,s,p,p,p,w,o,e,w,v,d,False,True,False,True,True,s__w,s__f,1,1,0.9985976552698359
x,y,n,t,l,f,c,b,w,e,r,s,y,w,w,p,w,o,p,n,s,p,False,False,True,False,False,l__n,l__t,0,0,0.0015207741413773418
f,y,g,f,f,f,c,b,g,e,b,k,k,b,n,p,w,o,l,h,y,g,False,True,False,False,False,f__h,f__f,1,1,0.9998390666059755
k,y,n,f,f,f,c,n,b,t,,k,s,p,p,p,w,o,e,w,v,p,False,True,False,True,True,f__w,f__f,1,1,0.999941808358535
x,s,n,f,s,f,c,n,b,t,,s,s,w,p,p,w,o,e,w,v,p,False,True,False,True,True,s__w,s__f,1,1,0.9981647736735845
f,y,g,f,f,f,c,b,h,e,b,k,k,p,b,p,w,o,l,h,v,d,False,True,False,False,False,f__h,f__f,1,1,0.9999218249489359
b,s,y,t,l,f,c,b,g,e,c,s,s,w,w,p,w,o,p,k,s,g,False,False,True,False,False,l__k,l__t,0,0,0.0033800549389868583
f,f,e,t,n,f,c,b,u,t,b,s,s,g,g,p,w,o,p,n,y,d,True,False,True,False,False,n__n,n__t,0,0,0.00016169824379859437
f,s,e,f,y,f,c,n,b,t,,k,s,p,p,p,w,o,e,w,v,d,False,True,False,True,True,y__w,y__f,1,1,0.9999218708152006
x,f,g,t,n,f,c,b,n,t,b,s,s,g,p,p,w,o,p,k,v,d,True,False,True,False,False,n__k,n__t,0,0,0.0005037925526494714
f,y,n,t,p,f,c,n,p,e,e,s,s,w,w,p,w,o,p,n,s,g,False,True,True,True,False,p__n,p__t,1,1,0.9970496999334174
x,y,y,f,f,f,c,b,g,e,b,k,k,p,b,p,w,o,l,h,y,d,False,True,False,False,False,f__h,f__f,1,1,0.9997321776649413
b,y,b,t,n,f,c,b,g,e,b,s,s,w,w,p,w,t,p,r,v,g,True,False,True,False,False,n__r,n__t,1,1,0.9668561417401855
f,y,u,f,n,f,c,n,w,e,,s,f,w,w,p,w,o,f,h,y,d,True,False,False,True,True,n__h,n__f,0,0,0.009447459166254337
x,s,g,f,n,f,w,b,k,t,e,s,f,w,w,p,w,o,e,n,s,g,True,False,False,False,False,n__n,n__f,0,0,7.069845209628381e-06
x,y,e,t,n,f,c,b,u,t,b,s,s,w,g,p,w,o,p,n,v,d,True,False,True,False,False,n__n,n__t,0,0,0.0009573039497353848
f,f,n,t,n,f,c,b,w,t,b,s,s,w,g,p,w,o,p,k,y,d,True,False,True,False,False,n__k,n__t,0,0,0.00032812250501999254
x,y,w,f,n,f,c,n,w,e,,s,f,w,w,p,w,o,f,h,y,d,True,False,False,True,True,n__h,n__f,0,0,0.01300840254183554
f,s,n,f,y,f,c,n,b,t,,k,s,w,p,p,w,o,e,w,v,p,False,True,False,True,True,y__w,y__f,1,1,0.9999007725436198
f,y,g,f,f,f,c,b,g,e,b,k,k,b,n,p,w,o,l,h,y,p,False,True,False,False,False,f__h,f__f,1,1,0.999612415542947
x,f,n,t,n,f,c,b,w,t,b,s,s,w,p,p,w,o,p,n,v,d,True,False,True,False,False,n__n,n__t,0,0,0.0009429183334510721
x,y,p,t,n,f,c,b,e,e,,s,s,e,w,p,w,t,e,w,c,w,True,False,True,False,True,n__w,n__t,0,0,0.0044677749522938235
k,s,e,f,s,f,c,n,b,t,,k,s,w,w,p,w,o,e,w,v,l,False,True,False,True,True,s__w,s__f,1,1,0.9999393789860004
x,s,n,f,s,f,c,n,b,t,,s,s,p,w,p,w,o,e,w,v,l,False,True,False,True,True,s__w,s__f,1,1,0.9988573073791008
x,f,n,f,n,f,c,n,n,e,e,s,s,w,w,p,w,o,p,n,v,u,True,False,False,True,False,n__n,n__f,0,0,0.005249149147073643
x,f,w,t,a,f,w,n,n,t,b,s,s,w,w,p,w,o,p,n,v,d,False,False,True,True,False,a__n,a__t,0,0,0.005378807924877712
k,s,n,f,n,a,c,b,o,e,,s,s,o,o,p,o,o,p,o,c,l,True,False,False,False,True,n__o,n__f,0,0,0.0009252784720491817
f,y,n,t,a,f,c,b,w,e,r,s,y,w,w,p,w,o,p,k,y,p,False,False,True,False,False,a__k,a__t,0,0,0.0015030804301001067
x,s,n,t,p,f,c,n,w,e,e,s,s,w,w,p,w,o,p,k,v,g,False,True,True,True,False,p__k,p__t,1,1,0.9986817272859104
x,y,y,t,l,f,c,b,k,e,c,s,s,w,w,p,w,o,p,n,s,m,False,False,True,False,False,l__n,l__t,0,0,0.000795639343470303
k,s,e,f,s,f,c,n,b,t,,s,k,p,p,p,w,o,e,w,v,l,False,True,False,True,True,s__w,s__f,1,1,0.9995974504315942
x,s,y,t,l,f,c,b,w,e,c,s,s,w,w,p,w,o,p,n,s,m,False,False,True,False,False,l__n,l__t,0,0,0.0011553882763372049
f,s,n,f,n,f,w,b,k,t,e,s,s,w,w,p,w,o,e,k,s,g,True,False,False,False,False,n__k,n__f,0,0,1.2244983917713443e-05
f,y,e,t,n,f,c,b,p,t,b,s,s,p,p,p,w,o,p,n,v,d,True,False,True,False,False,n__n,n__t,0,0,0.001551047608156791
k,y,e,f,f,f,c,n,b,t,,k,s,w,p,p,w,o,e,w,v,p,False,True,False,True,True,f__w,f__f,1,1,0.9999553422539034
f,y,y,f,f,f,c,b,p,e,b,k,k,n,p,p,w,o,l,h,y,d,False,True,False,False,False,f__h,f__f,1,1,0.999622573745097
k,g,w,t,n,f,w,n,w,e,b,s,s,w,w,p,w,o,p,w,c,l,True,False,True,True,False,n__w,n__t,1,1,0.7186327712539201
f,f,g,f,f,f,c,b,h,e,b,k,k,b,b,p,w,o,l,h,y,d,False,True,False,False,False,f__h,f__f,1,1,0.9995676111611816
x,y,e,t,n,f,c,b,w,t,b,s,s,w,p,p,w,o,p,k,y,d,True,False,True,False,False,n__k,n__t,0,0,0.0005658054409309063
f,f,g,f,n,f,w,b,n,t,e,s,f,w,w,p,w,o,e,n,s,g,True,False,False,False,False,n__n,n__f,0,0,4.43657099209043e-06
f,f,g,t,n,f,c,b,n,t,b,s,s,p,g,p,w,o,p,n,v,d,True,False,True,False,False,n__n,n__t,0,0,0.0006634766700831749
f,y,n,t,n,f,c,b,n,t,b,s,s,p,p,p,w,o,p,n,y,d,True,False,True,False,False,n__n,n__t,0,0,0.00032312950691777123
f,y,n,t,l,f,c,b,p,e,r,s,y,w,w,p,w,o,p,k,s,g,False,False,True,False,False,l__k,l__t,0,0,0.004743900071842583
k,y,n,f,y,f,c,n,b,t,,k,s,w,w,p,w,o,e,w,v,l,False,True,False,True,True,y__w,y__f,1,1,0.9999216615025784
f,s,e,f,s,f,c,n,b,t,,s,k,p,p,p,w,o,e,w,v,l,False,True,False,True,True,s__w,s__f,1,1,0.9996889039574149
x,s,w,t,p,f,c,n,k,e,e,s,s,w,w,p,w,o,p,k,s,g,False,True,True,True,False,p__k,p__t,1,1,0.9987711364736502
f,y,g,f,f,f,c,b,h,e,b,k,k,b,n,p,w,o,l,h,y,p,False,True,False,False,False,f__h,f__f,1,1,0.9995565841603564
x,f,n,t,n,f,c,b,n,t,b,s,s,p,p,p,w,o,p,k,v,d,True,False,True,False,False,n__k,n__t,0,0,0.0005439220177628352
k,y,y,f,n,f,w,n,w,e,c,y,y,y,y,p,y,o,e,w,c,l,True,False,False,True,False,n__w,n__f,1,1,0.8592703135214143
x,s,g,t,f,f,c,b,h,t,b,f,s,w,w,p,w,o,p,h,v,g,False,True,True,False,False,f__h,f__t,1,1,0.9981240113117933
k,f,g,f,n,f,w,b,p,e,,k,s,w,w,p,w,t,p,w,s,g,True,False,False,False,True,n__w,n__f,0,0,0.0011590693808091253
f,y,g,f,f,f,c,b,p,e,b,k,k,p,p,p,w,o,l,h,y,p,False,True,False,False,False,f__h,f__f,1,1,0.9994630073581913
f,y,n,f,y,f,c,n,b,t,,k,s,w,p,p,w,o,e,w,v,p,False,True,False,True,True,y__w,y__f,1,1,0.999891134914705
x,y,n,f,s,f,c,n,b,t,,k,k,w,p,p,w,o,e,w,v,d,False,True,False,True,True,s__w,s__f,1,1,0.9999375106555088
b,s,y,t,a,f,c,b,w,e,c,s,s,w,w,p,w,o,p,k,s,g,False,False,True,False,False,a__k,a__t,0,0,0.0029470555522909275
f,f,g,f,f,f,c,b,h,e,b,k,k,n,b,p,w,o,l,h,y,p,False,True,False,False,False,f__h,f__f,1,1,0.9993881503929245
f,f,e,t,n,f,c,b,u,t,b,s,s,w,w,p,w,o,p,k,v,d,True,False,True,False,False,n__k,n__t,0,0,0.0012607116332189583
x,f,w,f,n,f,w,b,h,t,e,s,f,w,w,p,w,o,e,k,s,g,True,False,False,False,False,n__k,n__f,0,0,1.2096307401853493e-05
x,s,n,f,s,f,c,n,b,t,,k,k,w,p,p,w,o,e,w,v,l,False,True,False,True,True,s__w,s__f,1,1,0.9999629836035591
x,y,n,t,n,f,c,b,w,t,b,s,s,p,p,p,w,o,p,k,v,d,True,False,True,False,False,n__k,n__t,0,0,0.0015294629912591413
f,y,y,t,a,f,c,b,w,e,r,s,y,w,w,p,w,o,p,k,s,p,False,False,True,False,False,a__k,a__t,0,0,0.004934791144809108
k,y,e,f,y,f,c,n,b,t,,k,k,p,p,p,w,o,e,w,v,p,False,True,False,True,True,y__w,y__f,1,1,0.9999344587237771
f,y,g,f,f,f,c,b,p,e,b,k,k,n,p,p,w,o,l,h,v,g,False,True,False,False,False,f__h,f__f,1,1,0.9999285906682694
k,y,n,f,f,f,c,n,b,t,,k,k,w,p,p,w,o,e,w,v,p,False,True,False,True,True,f__w,f__f,1,1,0.9999748233471069
x,s,e,t,n,f,c,b,e,e,,s,s,e,w,p,w,t,e,w,c,w,True,False,True,False,True,n__w,n__t,0,0,0.0026049797842879144
x,y,n,f,s,f,c,n,b,t,,k,k,p,w,p,w,o,e,w,v,l,False,True,False,True,True,s__w,s__f,1,1,0.9999525464418046
k,s,e,f,s,f,c,n,b,t,,k,s,p,p,p,w,o,e,w,v,d,False,True,False,True,True,s__w,s__f,1,1,0.9999000438573629
f,f,n,f,n,f,w,b,n,t,e,f,s,w,w,p,w,o,e,n,a,g,True,False,False,False,False,n__n,n__f,0,0,7.81903920651282e-06
b,f,g,f,n,f,w,b,g,e,,s,k,w,w,p,w,t,p,w,s,g,True,False,False,False,True,n__w,n__f,0,0,0.0006284340971989893
x,f,w,f,n,f,w,b,w,e,,k,s,w,w,p,w,t,p,w,s,g,True,False,False,False,True,n__w,n__f,0,0,0.0030534340698905624
f,y,e,t,n,f,c,b,n,t,b,s,s,g,p,p,w,o,p,k,y,d,True,False,True,False,False,n__k,n__t,0,0,0.00031092140848718996
x,s,b,t,f,f,c,b,h,t,b,f,s,w,w,p,w,o,p,h,v,g,False,True,True,False,False,f__h,f__t,1,1,0.9990301892997109
f,y,n,t,n,f,c,b,p,t,b,s,s,w,w,p,w,o,p,n,y,d,True,False,True,False,False,n__n,n__t,0,0,0.000405288511551189
x,y,y,t,l,f,c,b,n,e,c,s,s,w,w,p,w,o,p,n,s,m,False,False,True,False,False,l__n,l__t,0,0,0.0006034520971383585
f,y,e,f,s,f,c,n,b,t,,k,k,w,p,p,w,o,e,w,v,l,False,True,False,True,True,s__w,s__f,1,1,0.9999761713202103
f,s,w,f,n,f,w,b,p,t,e,s,f,w,w,p,w,o,e,k,a,g,True,False,False,False,False,n__k,n__f,0,0,2.0097267285055567e-05
x,y,y,f,f,f,c,b,p,e,b,k,k,n,p,p,w,o,l,h,v,g,False,True,False,False,False,f__h,f__f,1,1,0.999920599888496
x,s,n,f,n,f,w,b,p,t,e,f,s,w,w,p,w,o,e,n,a,g,True,False,False,False,False,n__n,n__f,0,0,1.1059629208644103e-05
x,y,b,t,n,f,c,b,e,e,,s,s,e,e,p,w,t,e,w,c,w,True,False,True,False,True,n__w,n__t,0,0,0.0032899836870092444
b,s,w,t,l,f,c,b,g,e,c,s,s,w,w,p,w,o,p,k,s,m,False,False,True,False,False,l__k,l__t,0,0,0.005895263514333919
x,s,n,f,s,f,c,n,b,t,,s,k,w,w,p,w,o,e,w,v,l,False,True,False,True,True,s__w,s__f,1,1,0.9995053088708835
k,y,n,f,y,f,c,n,b,t,,k,k,w,p,p,w,o,e,w,v,p,False,True,False,True,True,y__w,y__f,1,1,0.9999317938143626
x,f,n,t,n,f,c,b,w,t,b,s,s,w,p,p,w,o,p,k,v,d,True,False,True,False,False,n__k,n__t,0,0,0.00106219763141521
f,f,n,f,n,f,w,b,k,t,e,s,s,w,w,p,w,o,e,k,a,g,True,False,False,False,False,n__k,n__f,0,0,6.719840717077659e-06
k,f,c,f,n,f,w,n,w,e,b,s,s,w,n,p,w,o,e,w,v,l,True,False,False,True,False,n__w,n__f,0,0,0.019231181074255782
x,s,w,t,a,f,w,n,n,t,b,s,s,w,w,p,w,o,p,u,v,d,False,False,True,True,False,a__u,a__t,0,0,0.01816416086642758
k,y,e,f,s,f,c,n,b,t,,s,k,p,p,p,w,o,e,w,v,l,False,True,False,True,True,s__w,s__f,1,1,0.999558365158831
x,f,y,f,f,f,c,b,g,e,b,k,k,n,b,p,w,o,l,h,v,g,False,True,False,False,False,f__h,f__f,1,1,0.9999299510803368
x,f,g,t,n,f,c,b,u,t,b,s,s,g,p,p,w,o,p,k,y,d,True,False,True,False,False,n__k,n__t,0,0,0.00018151800494398682
f,s,n,f,y,f,c,n,b,t,,k,k,p,p,p,w,o,e,w,v,p,False,True,False,True,True,y__w,y__f,1,1,0.9999462430880603
f,s,e,f,f,f,c,n,b,t,,k,k,w,w,p,w,o,e,w,v,l,False,True,False,True,True,f__w,f__f,1,1,0.9999915326290078
x,y,y,t,a,f,c,b,k,e,c,s,s,w,w,p,w,o,p,n,n,g,False,False,True,False,False,a__n,a__t,0,0,0.00041604155141891197
f,y,y,f,f,f,c,b,g,e,b,k,k,n,b,p,w,o,l,h,v,d,False,True,False,False,False,f__h,f__f,1,1,0.9999413970184681
x,y,n,t,l,f,c,b,n,e,r,s,y,w,w,p,w,o,p,n,s,g,False,False,True,False,False,l__n,l__t,0,0,0.0020968559407337902
x,y,y,t,a,f,c,b,n,e,r,s,y,w,w,p,w,o,p,k,s,p,False,False,True,False,False,a__k,a__t,0,0,0.0019368240526334696
f,s,g,f,n,f,w,b,n,t,e,f,s,w,w,p,w,o,e,n,a,g,True,False,False,False,False,n__n,n__f,0,0,1.746339734221939e-05
x,y,e,t,n,f,c,b,n,t,b,s,s,w,w,p,w,o,p,k,y,d,True,False,True,False,False,n__k,n__t,0,0,0.0003104027494687555
f,y,n,f,f,f,c,n,b,t,,s,s,w,w,p,w,o,e,w,v,d,False,True,False,True,True,f__w,f__f,1,1,0.9995599303894541
b,s,y,t,l,f,c,b,n,e,c,s,s,w,w,p,w,o,p,k,s,g,False,False,True,False,False,l__k,l__t,0,0,0.0016719739552878835
x,f,w,f,n,f,w,b,k,t,e,f,f,w,w,p,w,o,e,k,s,g,True,False,False,False,False,n__k,n__f,0,0,1.55802495351177e-05
x,f,e,t,n,f,c,b,p,t,b,s,s,p,g,p,w,o,p,n,v,d,True,False,True,False,False,n__n,n__t,0,0,0.0004893845037067397
k,y,e,f,y,f,c,n,b,t,,s,k,p,p,p,w,o,e,w,v,d,False,True,False,True,True,y__w,y__f,1,1,0.9993128089262326
x,f,e,t,n,f,c,b,p,t,b,s,s,w,p,p,w,o,p,n,v,d,True,False,True,False,False,n__n,n__t,0,0,0.0007362436935286562
b,s,n,f,n,a,c,b,o,e,,s,s,o,o,p,n,o,p,o,c,l,True,False,False,False,True,n__o,n__f,0,0,0.001791740044375106
f,y,g,t,n,f,c,b,u,t,b,s,s,w,p,p,w,o,p,k,v,d,True,False,True,False,False,n__k,n__t,0,0,0.0022989587968410123
x,s,w,f,n,f,w,b,p,e,,s,k,w,w,p,w,t,p,w,s,g,True,False,False,False,True,n__w,n__f,0,0,0.0005854697765575508
k,s,n,f,n,a,c,b,y,e,,s,s,o,o,p,n,o,p,o,v,l,True,False,False,False,True,n__o,n__f,0,0,0.0012193690715837254
x,s,y,t,a,f,c,b,n,e,c,s,s,w,w,p,w,o,p,k,s,m,False,False,True,False,False,a__k,a__t,0,0,0.0008858257849384743
b,s,w,t,l,f,c,b,n,e,c,s,s,w,w,p,w,o,p,n,n,g,False,False,True,False,False,l__n,l__t,0,0,0.0011390259723757208
f,y,n,t,n,f,c,b,w,t,b,s,s,w,p,p,w,o,p,k,y,d,True,False,True,False,False,n__k,n__t,0,0,0.0007110254195556767
x,y,n,t,l,f,c,b,n,e,r,s,y,w,w,p,w,o,p,n,s,p,False,False,True,False,False,l__n,l__t,0,0,0.0008715311111885376
x,f,y,f,f,f,c,b,h,e,b,k,k,p,n,p,w,o,l,h,y,g,False,True,False,False,False,f__h,f__f,1,1,0.9996610456512577
x,y,g,t,n,f,c,b,n,t,b,s,s,g,w,p,w,o,p,k,y,d,True,False,True,False,False,n__k,n__t,0,0,0.00022064420852980373
x,s,g,f,n,f,w,b,k,t,e,f,s,w,w,p,w,o,e,n,s,g,True,False,False,False,False,n__n,n__f,0,0,1.6212101261517702e-05
x,y,n,f,n,f,c,b,w,e,b,y,y,n,n,p,w,t,p,w,y,p,True,False,False,False,False,n__w,n__f,0,0,0.00826916918701249
x,f,g,f,f,f,c,b,h,e,b,k,k,p,p,p,w,o,l,h,y,p,False,True,False,False,False,f__h,f__f,1,1,0.9991623965786137
x,f,g,f,n,f,w,b,p,t,e,f,f,w,w,p,w,o,e,k,s,g,True,False,False,False,False,n__k,n__f,0,0,6.910753477396586e-06
x,y,y,f,f,f,c,b,p,e,b,k,k,p,p,p,w,o,l,h,y,g,False,True,False,False,False,f__h,f__f,1,1,0.9997520609743863
x,s,g,f,n,f,w,b,n,t,e,f,s,w,w,p,w,o,e,k,a,g,True,False,False,False,False,n__k,n__f,0,0,1.3442888989214189e-05
x,s,e,f,f,f,c,n,b,t,,s,s,p,p,p,w,o,e,w,v,l,False,True,False,True,True,f__w,f__f,1,1,0.9996488766826698
x,y,e,t,n,f,c,b,w,t,b,s,s,g,g,p,w,o,p,n,v,d,True,False,True,False,False,n__n,n__t,0,0,0.0008627451968235486
x,s,w,f,c,f,c,n,n,e,b,s,s,w,w,p,w,o,p,k,v,d,False,True,False,True,False,c__k,c__f,1,1,0.9995173194691455
f,f,g,f,n,f,w,b,n,t,e,s,f,w,w,p,w,o,e,k,s,g,True,False,False,False,False,n__k,n__f,0,0,4.998391788018144e-06
x,s,b,t,f,f,c,b,h,t,b,f,s,w,w,p,w,o,p,h,s,g,False,True,True,False,False,f__h,f__t,1,1,0.9982759851284891
x,f,g,t,n,f,c,b,u,t,b,s,s,p,g,p,w,o,p,k,y,d,True,False,True,False,False,n__k,n__t,0,0,0.00018404500961920238
f,s,n,f,f,f,c,n,b,t,,k,s,p,p,p,w,o,e,w,v,l,False,True,False,True,True,f__w,f__f,1,1,0.9999781741486163
x,y,g,t,n,f,c,b,n,t,b,s,s,p,g,p,w,o,p,k,y,d,True,False,True,False,False,n__k,n__t,0,0,0.00023360425047546488
x,f,g,t,n,f,c,b,u,t,b,s,s,g,p,p,w,o,p,n,v,d,True,False,True,False,False,n__n,n__t,0,0,0.0005678442773872261
x,y,e,f,y,f,c,n,b,t,,k,k,w,p,p,w,o,e,w,v,p,False,True,False,True,True,y__w,y__f,1,1,0.9999337568278747
x,f,n,f,n,f,w,b,h,t,e,s,s,w,w,p,w,o,e,n,a,g,True,False,False,False,False,n__n,n__f,0,0,5.469747836288554e-06
f,s,n,t,n,f,c,b,e,e,,s,s,w,w,p,w,t,e,w,c,w,True,False,True,False,True,n__w,n__t,0,0,0.005632873795498285
x,y,g,f,f,f,c,b,p,e,b,k,k,n,b,p,w,o,l,h,v,g,False,True,False,False,False,f__h,f__f,1,1,0.9999010468611449
x,y,y,f,f,f,c,b,h,e,b,k,k,n,p,p,w,o,l,h,v,d,False,True,False,False,False,f__h,f__f,1,1,0.9998963606609138
f,y,n,t,p,f,c,n,w,e,e,s,s,w,w,p,w,o,p,k,v,u,False,True,True,True,False,p__k,p__t,1,1,0.998597542104287
f,f,g,f,f,f,c,b,p,e,b,k,k,b,p,p,w,o,l,h,y,g,False,True,False,False,False,f__h,f__f,1,1,0.9996501106922924
f,f,w,t,l,f,w,n,w,t,b,s,s,w,w,p,w,o,p,n,v,d,False,False,True,True,False,l__n,l__t,0,0,0.01344901466535237
k,y,n,f,y,f,c,n,b,t,,s,s,p,p,p,w,o,e,w,v,d,False,True,False,True,True,y__w,y__f,1,1,0.9983486266899336
f,f,y,f,f,f,c,b,g,e,b,k,k,b,n,p,w,o,l,h,v,p,False,True,False,False,False,f__h,f__f,1,1,0.9998653423452548
x,s,e,f,y,f,c,n,b,t,,s,k,p,p,p,w,o,e,w,v,d,False,True,False,True,True,y__w,y__f,1,1,0.9992916241936882
x,y,n,t,n,f,c,b,n,t,b,s,s,p,p,p,w,o,p,k,y,d,True,False,True,False,False,n__k,n__t,0,0,0.00024875456439401634
f,y,n,t,p,f,c,n,w,e,e,s,s,w,w,p,w,o,p,k,s,g,False,True,True,True,False,p__k,p__t,1,1,0.9982427388165469
f,s,w,t,a,f,w,n,w,t,b,s,s,w,w,p,w,o,p,u,v,d,False,False,True,True,False,a__u,a__t,0,0,0.04514394046855878
x,s,w,t,p,f,c,n,k,e,e,s,s,w,w,p,w,o,p,n,v,g,False,True,True,True,False,p__n,p__t,1,1,0.9992212745597286
x,y,n,f,f,f,c,n,b,t,,s,s,p,w,p,w,o,e,w,v,p,False,True,False,True,True,f__w,f__f,1,1,0.9991207770084398
x,f,n,t,n,f,c,b,n,t,b,s,s,g,w,p,w,o,p,n,v,d,True,False,True,False,False,n__n,n__t,0,0,0.00033915626686248243
x,f,y,f,f,f,c,b,g,e,b,k,k,p,p,p,w,o,l,h,y,g,False,True,False,False,False,f__h,f__f,1,1,0.9997689729099707
x,s,e,f,f,f,c,n,b,t,,s,k,w,p,p,w,o,e,w,v,d,False,True,False,True,True,f__w,f__f,1,1,0.9997662263025473
f,f,e,t,n,f,c,b,u,t,b,s,s,p,w,p,w,o,p,n,v,d,True,False,True,False,False,n__n,n__t,0,0,0.0010002672856483904
x,f,p,f,c,f,w,n,g,e,b,s,s,w,w,p,w,o,p,n,v,d,False,True,False,True,False,c__n,c__f,1,1,0.9967523554308201
x,s,y,t,a,f,c,b,w,e,c,s,s,w,w,p,w,o,p,n,n,g,False,False,True,False,False,a__n,a__t,0,0,0.0006042588493883139
x,y,n,t,n,f,c,b,w,t,b,s,s,w,w,p,w,o,p,n,y,d,True,False,True,False,False,n__n,n__t,0,0,0.0004130685421886856
b,s,w,t,l,f,c,b,k,e,c,s,s,w,w,p,w,o,p,k,s,g,False,False,True,False,False,l__k,l__t,0,0,0.0033464460131545307
f,f,e,t,n,f,c,b,n,t,b,s,s,g,w,p,w,o,p,n,v,d,True,False,True,False,False,n__n,n__t,0,0,0.0005779056490096892
f,f,y,f,f,f,c,b,g,e,b,k,k,b,b,p,w,o,l,h,v,d,False,True,False,False,False,f__h,f__f,1,1,0.9999185397074432
x,y,w,t,a,f,c,b,w,e,c,s,s,w,w,p,w,o,p,n,n,m,False,False,True,False,False,a__n,a__t,0,0,0.0009626827410280794
x,f,n,t,n,f,c,b,n,t,b,s,s,w,p,p,w,o,p,n,y,d,True,False,True,False,False,n__n,n__t,0,0,0.00015328250474892107
b,f,g,f,n,f,w,b,w,e,,k,s,w,w,p,w,t,p,w,s,g,True,False,False,False,True,n__w,n__f,0,0,0.0033496930833593467
k,y,e,f,s,f,c,n,b,t,,k,s,p,p,p,w,o,e,w,v,p,False,True,False,True,True,s__w,s__f,1,1,0.9998661638546136
k,y,e,f,s,f,c,n,b,t,,s,s,w,w,p,w,o,e,w,v,p,False,True,False,True,True,s__w,s__f,1,1,0.998403214822157
x,f,e,t,n,f,c,b,p,t,b,s,s,g,w,p,w,o,p,k,y,d,True,False,True,False,False,n__k,n__t,0,0,0.0001477499718404496
x,f,n,t,n,f,c,b,w,t,b,s,s,w,w,p,w,o,p,k,y,d,True,False,True,False,False,n__k,n__t,0,0,0.00028873044185949497
x,f,y,f,f,f,c,b,h,e,b,k,k,p,b,p,w,o,l,h,v,p,False,True,False,False,False,f__h,f__f,1,1,0.9998290056177419
f,y,n,t,n,f,c,b,u,t,b,s,s,w,w,p,w,o,p,k,v,d,True,False,True,False,False,n__k,n__t,0,0,0.0017443443261964324
f,y,w,t,p,f,c,n,p,e,e,s,s,w,w,p,w,o,p,k,s,u,False,True,True,True,False,p__k,p__t,1,1,0.9985273692857384
x,s,e,f,f,f,c,n,b,t,,k,s,w,p,p,w,o,e,w,v,l,False,True,False,True,True,f__w,f__f,1,1,0.9999754855974835
x,s,n,f,f,f,c,n,b,t,,k,k,w,p,p,w,o,e,w,v,l,False,True,False,True,True,f__w,f__f,1,1,0.9999861796612358
x,y,e,t,n,f,c,b,w,t,b,s,s,g,w,p,w,o,p,n,v,d,True,False,True,False,False,n__n,n__t,0,0,0.0011107981099566773
f,y,g,t,n,f,c,b,n,t,b,s,s,p,w,p,w,o,p,n,v,d,True,False,True,False,False,n__n,n__t,0,0,0.001376394118955171
k,s,w,f,n,f,w,b,p,e,,k,k,w,w,p,w,t,p,w,s,g,True,False,False,False,True,n__w,n__f,0,0,0.008411953541274
b,s,y,t,l,f,c,b,k,e,c,s,s,w,w,p,w,o,p,n,n,g,False,False,True,False,False,l__n,l__t,0,0,0.0009881657647487347
f,f,y,f,f,f,c,b,h,e,b,k,k,b,b,p,w,o,l,h,y,p,False,True,False,False,False,f__h,f__f,1,1,0.9995990829801199
x,y,g,f,f,f,c,b,p,e,b,k,k,b,p,p,w,o,l,h,v,p,False,True,False,False,False,f__h,f__f,1,1,0.9997829294893893
b,f,n,f,n,f,c,n,w,e,,k,y,w,y,p,w,o,e,w,v,d,True,False,False,True,True,n__w,n__f,1,1,0.9689706898798434
f,y,e,f,y,f,c,n,b,t,,s,k,w,p,p,w,o,e,w,v,p,False,True,False,True,True,y__w,y__f,1,1,0.9994207744764155
x,s,n,f,f,f,c,n,b,t,,s,s,p,p,p,w,o,e,w,v,p,False,True,False,True,True,f__w,f__f,1,1,0.9992324649206066
x,s,g,t,f,f,c,b,p,t,b,f,f,w,w,p,w,o,p,h,v,u,False,True,True,False,False,f__h,f__t,1,1,0.9946777579440534
f,y,y,f,f,f,c,b,g,e,b,k,k,p,b,p,w,o,l,h,y,p,False,True,False,False,False,f__h,f__f,1,1,0.9997766618847604
x,y,g,f,f,f,c,b,h,e,b,k,k,n,p,p,w,o,l,h,v,p,False,True,False,False,False,f__h,f__f,1,1,0.9998335183389145
x,f,n,t,n,f,c,b,n,t,b,s,s,p,g,p,w,o,p,k,y,d,True,False,True,False,False,n__k,n__t,0,0,0.00011476613907394419
x,f,g,f,f,f,c,b,g,e,b,k,k,p,b,p,w,o,l,h,v,d,False,True,False,False,False,f__h,f__f,1,1,0.9998388053413262
x,y,y,t,l,f,c,b,w,e,c,s,s,w,w,p,w,o,p,k,s,m,False,False,True,False,False,l__k,l__t,0,0,0.0013940578347424073
f,s,e,f,y,f,c,n,b,t,,k,k,w,w,p,w,o,e,w,v,d,False,True,False,True,True,y__w,y__f,1,1,0.9999647025489322
x,f,g,t,n,f,c,b,n,t,b,s,s,w,p,p,w,o,p,n,v,d,True,False,True,False,False,n__n,n__t,0,0,0.0006821426775855453
k,y,e,f,f,f,c,n,b,t,,k,k,w,p,p,w,o,e,w,v,l,False,True,False,True,True,f__w,f__f,1,1,0.9999884871083504
f,y,e,t,n,f,c,b,p,t,b,s,s,p,w,p,w,o,p,k,v,d,True,False,True,False,False,n__k,n__t,0,0,0.0016732724495121698
b,s,w,f,n,f,w,b,g,e,,k,k,w,w,p,w,t,p,w,n,g,True,False,False,False,True,n__w,n__f,0,0,0.016617831570953104
x,y,n,t,n,f,c,b,p,t,b,s,s,g,g,p,w,o,p,n,y,d,True,False,True,False,False,n__n,n__t,0,0,0.00014096576281755086
x,y,e,t,n,f,c,b,e,e,,s,s,w,w,p,w,t,e,w,c,w,True,False,True,False,True,n__w,n__t,0,0,0.00409129439346306
f,f,y,f,f,f,c,b,h,e,b,k,k,b,n,p,w,o,l,h,v,g,False,True,False,False,False,f__h,f__f,1,1,0.9999360394458318
f,f,g,t,n,f,c,b,u,t,b,s,s,p,w,p,w,o,p,k,y,d,True,False,True,False,False,n__k,n__t,0,0,0.0003468444210041137
x,f,w,f,c,f,w,n,n,e,b,s,s,w,w,p,w,o,p,n,s,d,False,True,False,True,False,c__n,c__f,1,1,0.9899059589462135
k,s,n,f,n,a,c,b,n,e,,s,s,o,o,p,n,o,p,o,c,l,True,False,False,False,True,n__o,n__f,0,0,0.00060045605381435
f,s,b,t,f,f,c,b,p,t,b,f,f,w,w,p,w,o,p,h,v,u,False,True,True,False,False,f__h,f__t,1,1,0.9981153330368726
x,y,g,t,n,f,c,b,u,t,b,s,s,p,g,p,w,o,p,k,v,d,True,False,True,False,False,n__k,n__t,0,0,0.001045146093274836
x,y,y,t,l,f,c,b,k,e,c,s,s,w,w,p,w,o,p,n,s,g,False,False,True,False,False,l__n,l__t,0,0,0.0006918482552523807
x,f,n,f,n,f,w,b,p,t,e,f,s,w,w,p,w,o,e,n,s,g,True,False,False,False,False,n__n,n__f,0,0,6.443012692933334e-06
f,s,w,t,a,f,w,n,p,t,b,s,s,w,w,p,w,o,p,u,v,d,False,False,True,True,False,a__u,a__t,0,0,0.030720508396670704
x,s,g,f,n,f,w,b,h,t,e,f,f,w,w,p,w,o,e,k,a,g,True,False,False,False,False,n__k,n__f,0,0,1.7937465794888027e-05
x,y,g,f,f,f,c,b,p,e,b,k,k,p,p,p,w,o,l,h,y,p,False,True,False,False,False,f__h,f__f,1,1,0.9992142557631871
f,y,g,f,f,f,c,b,p,e,b,k,k,n,b,p,w,o,l,h,v,p,False,True,False,False,False,f__h,f__f,1,1,0.9998371456028453
k,s,n,f,s,f,c,n,b,t,,k,s,p,w,p,w,o,e,w,v,l,False,True,False,True,True,s__w,s__f,1,1,0.9999210076738398
f,y,e,f,f,f,c,n,b,t,,s,k,w,p,p,w,o,e,w,v,d,False,True,False,True,True,f__w,f__f,1,1,0.9998247487843875
f,f,e,t,n,f,c,b,n,t,b,s,s,g,p,p,w,o,p,k,y,d,True,False,True,False,False,n__k,n__t,0,0,0.000192901332220696
f,y,g,t,n,f,c,b,p,t,b,s,s,w,g,p,w,o,p,n,v,d,True,False,True,False,False,n__n,n__t,0,0,0.0013998579263469824
f,f,g,t,n,f,c,b,n,t,b,s,s,g,p,p,w,o,p,n,v,d,True,False,True,False,False,n__n,n__t,0,0,0.0006543712033445165
f,f,y,f,f,f,c,b,h,e,b,k,k,p,p,p,w,o,l,h,y,p,False,True,False,False,False,f__h,f__f,1,1,0.9995650482399424
k,y,n,f,s,f,c,n,b,t,,k,k,w,p,p,w,o,e,w,v,p,False,True,False,True,True,s__w,s__f,1,1,0.999932568136195
f,y,n,f,y,f,c,n,b,t,,s,k,p,w,p,w,o,e,w,v,l,False,True,False,True,True,y__w,y__f,1,1,0.9995802454435913
f,f,g,f,f,f,c,b,h,e,b,k,k,b,n,p,w,o,l,h,y,p,False,True,False,False,False,f__h,f__f,1,1,0.9992854049051366
f,y,e,t,n,f,c,b,p,t,b,s,s,p,p,p,w,o,p,k,y,d,True,False,True,False,False,n__k,n__t,0,0,0.0004961424092485207
f,s,n,t,p,f,c,n,n,e,e,s,s,w,w,p,w,o,p,k,v,g,False,True,True,True,False,p__k,p__t,1,1,0.9984276908955606
x,y,e,f,f,f,c,n,b,t,,k,s,p,p,p,w,o,e,w,v,l,False,True,False,True,True,f__w,f__f,1,1,0.9999699039387026
f,f,y,f,f,f,c,b,h,e,b,k,k,n,p,p,w,o,l,h,v,d,False,True,False,False,False,f__h,f__f,1,1,0.9998858526677251
x,f,e,t,n,f,c,b,p,t,b,s,s,p,w,p,w,o,p,n,y,d,True,False,True,False,False,n__n,n__t,0,0,0.00017880722686865056
x,f,y,f,f,f,c,b,h,e,b,k,k,n,p,p,w,o,l,h,v,d,False,True,False,False,False,f__h,f__f,1,1,0.9998329433542797
k,s,e,f,y,f,c,n,b,t,,s,k,p,p,p,w,o,e,w,v,d,False,True,False,True,True,y__w,y__f,1,1,0.9993736126345535
f,y,n,f,s,f,c,n,b,t,,s,k,w,w,p,w,o,e,w,v,d,False,True,False,True,True,s__w,s__f,1,1,0.9994294376941018
x,f,g,t,n,f,c,b,p,t,b,s,s,w,p,p,w,o,p,k,v,d,True,False,True,False,False,n__k,n__t,0,0,0.0008993854268139972
x,s,g,t,f,f,c,b,h,t,b,f,s,w,w,p,w,o,p,h,s,g,False,True,True,False,False,f__h,f__t,1,1,0.9966674397698423
x,s,e,f,y,f,c,n,b,t,,k,s,w,w,p,w,o,e,w,v,d,False,True,False,True,True,y__w,y__f,1,1,0.9998932960667614
x,s,n,f,n,f,w,b,k,t,e,s,f,w,w,p,w,o,e,n,a,g,True,False,False,False,False,n__n,n__f,0,0,5.433562506621618e-06
x,y,y,t,l,f,c,b,g,e,c,s,s,w,w,p,w,o,p,k,s,m,False,False,True,False,False,l__k,l__t,0,0,0.0016164336568669664
x,f,n,f,n,f,c,n,n,e,e,s,s,w,w,p,w,o,p,k,v,u,True,False,False,True,False,n__k,n__f,0,0,0.005909944816461664
f,y,g,t,n,f,c,b,p,t,b,s,s,w,p,p,w,o,p,k,y,d,True,False,True,False,False,n__k,n__t,0,0,0.0006020079738944336
f,s,e,f,y,f,c,n,b,t,,k,k,w,w,p,w,o,e,w,v,p,False,True,False,True,True,y__w,y__f,1,1,0.9999569217880601
k,y,e,f,s,f,c,n,b,t,,k,k,w,w,p,w,o,e,w,v,d,False,True,False,True,True,s__w,s__f,1,1,0.9999504545500739
x,y,e,t,n,f,c,b,w,t,b,s,s,w,p,p,w,o,p,n,y,d,True,False,True,False,False,n__n,n__t,0,0,0.0005022403917252277
b,s,y,t,a,f,c,b,n,e,c,s,s,w,w,p,w,o,p,k,n,m,False,False,True,False,False,a__k,a__t,0,0,0.0011532378026394585
f,s,e,f,s,f,c,n,b,t,,k,k,w,p,p,w,o,e,w,v,d,False,True,False,True,True,s__w,s__f,1,1,0.9999665807405828
x,f,e,t,n,f,c,b,u,t,b,s,s,w,p,p,w,o,p,n,v,d,True,False,True,False,False,n__n,n__t,0,0,0.0007987317176355228
k,s,n,f,n,a,c,b,n,e,,s,s,o,o,p,o,o,p,o,v,l,True,False,False,False,True,n__o,n__f,0,0,0.0006108875020610949
k,s,e,f,y,f,c,n,b,t,,s,s,w,w,p,w,o,e,w,v,l,False,True,False,True,True,y__w,y__f,1,1,0.9992154547410781
x,y,w,t,l,f,c,b,g,e,c,s,s,w,w,p,w,o,p,n,n,m,False,False,True,False,False,l__n,l__t,0,0,0.0011011698254366484
x,y,n,f,y,f,c,n,b,t,,s,k,p,w,p,w,o,e,w,v,d,False,True,False,True,True,y__w,y__f,1,1,0.9990551776635767
f,f,e,t,n,f,c,b,u,t,b,s,s,p,g,p,w,o,p,k,v,d,True,False,True,False,False,n__k,n__t,0,0,0.0008751714291132457
f,y,n,f,n,f,c,b,w,e,b,y,y,n,n,p,w,t,p,w,y,d,True,False,False,False,False,n__w,n__f,0,0,0.014675270703962765
k,y,n,f,s,f,c,n,b,t,,k,s,w,w,p,w,o,e,w,v,p,False,True,False,True,True,s__w,s__f,1,1,0.9998545657108967
f,y,g,f,f,f,c,b,g,e,b,k,k,n,n,p,w,o,l,h,y,p,False,True,False,False,False,f__h,f__f,1,1,0.999550561817556
x,s,n,f,s,f,c,n,b,t,,k,k,p,w,p,w,o,e,w,v,d,False,True,False,True,True,s__w,s__f,1,1,0.9999334479414665
f,f,g,t,n,f,c,b,n,t,b,s,s,g,g,p,w,o,p,k,v,d,True,False,True,False,False,n__k,n__t,0,0,0.0005482827262718797
k,s,n,f,f,f,c,n,b,t,,s,s,w,p,p,w,o,e,w,v,p,False,True,False,True,True,f__w,f__f,1,1,0.9993934285070728
x,y,n,t,n,f,c,b,u,t,b,s,s,g,w,p,w,o,p,n,v,d,True,False,True,False,False,n__n,n__t,0,0,0.0006940659589019057
x,y,n,t,n,f,c,b,w,t,b,s,s,g,w,p,w,o,p,n,y,d,True,False,True,False,False,n__n,n__t,0,0,0.00027076957225261955
x,f,g,f,c,f,w,n,g,e,b,s,s,w,w,p,w,o,p,n,v,d,False,True,False,True,False,c__n,c__f,1,1,0.9943678272028083
x,s,n,f,y,f,c,n,b,t,,k,k,w,w,p,w,o,e,w,v,l,False,True,False,True,True,y__w,y__f,1,1,0.9999609032575612
x,s,n,f,n,f,w,b,n,t,e,s,s,w,w,p,w,o,e,n,s,g,True,False,False,False,False,n__n,n__f,0,0,5.631188200675295e-06
x,y,n,t,a,f,c,b,n,e,r,s,y,w,w,p,w,o,p,k,y,g,False,False,True,False,False,a__k,a__t,0,0,0.001416945766496533
f,y,n,t,n,f,c,b,w,t,b,s,s,g,p,p,w,o,p,n,y,d,True,False,True,False,False,n__n,n__t,0,0,0.0004137586768157738
f,s,e,f,y,f,c,n,b,t,,s,s,p,w,p,w,o,e,w,v,d,False,True,False,True,True,y__w,y__f,1,1,0.9989564036203878
k,s,n,f,s,f,c,n,b,t,,k,s,w,w,p,w,o,e,w,v,l,False,True,False,True,True,s__w,s__f,1,1,0.9999294074741235
f,y,y,f,f,f,c,b,g,e,b,k,k,n,n,p,w,o,l,h,v,g,False,True,False,False,False,f__h,f__f,1,1,0.9999597822989681
x,s,w,t,l,f,c,b,g,e,c,s,s,w,w,p,w,o,p,k,s,g,False,False,True,False,False,l__k,l__t,0,0,0.002342495439532054
x,y,e,t,n,f,c,b,p,t,b,s,s,g,w,p,w,o,p,k,v,d,True,False,True,False,False,n__k,n__t,0,0,0.0008391780815733024
x,s,p,f,c,f,w,n,u,e,b,s,s,w,w,p,w,o,p,n,v,d,False,True,False,True,False,c__n,c__f,1,1,0.9970709339791138
x,y,n,f,s,f,c,n,b,t,,s,k,p,w,p,w,o,e,w,v,l,False,True,False,True,True,s__w,s__f,1,1,0.9993927381742729
f,s,w,f,n,f,w,b,n,t,e,f,f,w,w,p,w,o,e,k,a,g,True,False,False,False,False,n__k,n__f,0,0,2.9681501610131455e-05
x,f,n,t,n,f,c,b,w,t,b,s,s,p,g,p,w,o,p,n,y,d,True,False,True,False,False,n__n,n__t,0,0,0.00017785553690529066
x,f,n,t,n,f,c,b,u,t,b,s,s,p,p,p,w,o,p,n,v,d,True,False,True,False,False,n__n,n__t,0,0,0.0006130726365339509
f,y,e,t,n,f,c,b,u,t,b,s,s,w,p,p,w,o,p,n,v,d,True,False,True,False,False,n__n,n__t,0,0,0.0018824233346508804
f,y,e,f,y,f,c,n,b,t,,s,s,w,p,p,w,o,e,w,v,l,False,True,False,True,True,y__w,y__f,1,1,0.9993629257908538
x,s,w,f,n,f,w,b,k,t,e,f,f,w,w,p,w,o,e,n,a,g,True,False,False,False,False,n__n,n__f,0,0,2.3737848189380978e-05
f,s,w,f,n,f,w,b,n,t,e,f,f,w,w,p,w,o,e,n,s,g,True,False,False,False,False,n__n,n__f,0,0,2.7144253014991384e-05
b,s,w,t,l,f,c,b,n,e,c,s,s,w,w,p,w,o,p,n,s,g,False,False,True,False,False,l__n,l__t,0,0,0.0019192464493936485
f,y,n,f,s,f,c,n,b,t,,k,k,w,w,p,w,o,e,w,v,l,False,True,False,True,True,s__w,s__f,1,1,0.9999710248291238
x,s,n,f,n,a,c,b,y,e,,s,s,o,o,p,n,o,p,o,v,l,True,False,False,False,True,n__o,n__f,0,0,0.0010783013500643187
k,s,e,f,s,f,c,n,b,t,,s,s,p,w,p,w,o,e,w,v,d,False,True,False,True,True,s__w,s__f,1,1,0.9986652140500484
f,y,e,t,n,f,c,b,n,t,b,s,s,p,p,p,w,o,p,k,v,d,True,False,True,False,False,n__k,n__t,0,0,0.0014929716065245771
x,y,y,f,f,f,c,b,p,e,b,k,k,p,b,p,w,o,l,h,v,d,False,True,False,False,False,f__h,f__f,1,1,0.9998685678703538
x,y,n,f,f,f,c,n,b,t,,k,s,w,p,p,w,o,e,w,v,d,False,True,False,True,True,f__w,f__f,1,1,0.9999518081298512
f,f,g,f,n,f,w,b,h,t,e,f,f,w,w,p,w,o,e,k,a,g,True,False,False,False,False,n__k,n__f,0,0,1.4844165560848335e-05
k,y,w,t,n,f,w,n,w,e,b,s,s,w,w,p,w,o,p,w,c,l,True,False,True,True,False,n__w,n__t,1,1,0.5867091110986098
x,s,w,f,n,f,w,b,n,t,e,f,f,w,w,p,w,o,e,n,s,g,True,False,False,False,False,n__n,n__f,0,0,1.8546444164361396e-05
x,s,n,f,f,f,c,n,b,t,,k,s,p,w,p,w,o,e,w,v,d,False,True,False,True,True,f__w,f__f,1,1,0.9999486749113699
f,s,g,t,f,f,c,b,h,t,b,f,f,w,w,p,w,o,p,h,v,u,False,True,True,False,False,f__h,f__t,1,1,0.997588120406757
x,s,n,f,f,f,c,n,b,t,,k,k,p,w,p,w,o,e,w,v,d,False,True,False,True,True,f__w,f__f,1,1,0.999975151848716
x,f,g,t,n,f,c,b,n,t,b,s,s,g,g,p,w,o,p,k,v,d,True,False,True,False,False,n__k,n__t,0,0,0.00037467871423234013
b,s,w,t,l,f,c,b,k,e,c,s,s,w,w,p,w,o,p,n,n,m,False,False,True,False,False,l__n,l__t,0,0,0.0017265755036834965
f,s,n,t,p,f,c,n,p,e,e,s,s,w,w,p,w,o,p,n,v,g,False,True,True,True,False,p__n,p__t,1,1,0.9984862696799552
f,y,y,f,f,f,c,b,g,e,b,k,k,b,n,p,w,o,l,h,y,d,False,True,False,False,False,f__h,f__f,1,1,0.9997586980448014
f,s,n,t,p,f,c,n,w,e,e,s,s,w,w,p,w,o,p,n,s,g,False,True,True,True,False,p__n,p__t,1,1,0.9981952304850182
k,y,e,f,f,f,c,n,b,t,,k,k,p,p,p,w,o,e,w,v,l,False,True,False,True,True,f__w,f__f,1,1,0.999987117099514
f,f,e,t,n,f,c,b,p,t,b,s,s,p,p,p,w,o,p,k,y,d,True,False,True,False,False,n__k,n__t,0,0,0.00030783748066295056
f,f,e,t,n,f,c,b,w,t,b,s,s,p,w,p,w,o,p,n,v,d,True,False,True,False,False,n__n,n__t,0,0,0.0013747663972305975
x,s,w,t,f,f,c,b,p,t,b,s,s,w,w,p,w,o,p,h,s,g,False,True,True,False,False,f__h,f__t,1,1,0.9956511039374104
f,y,e,t,n,f,c,b,u,t,b,s,s,p,w,p,w,o,p,n,y,d,True,False,True,False,False,n__n,n__t,0,0,0.0004575705933961364
f,f,w,f,n,f,w,b,n,t,e,f,s,w,w,p,w,o,e,n,a,g,True,False,False,False,False,n__n,n__f,0,0,1.9759587277783843e-05
f,s,n,f,f,f,c,n,b,t,,s,k,w,w,p,w,o,e,w,v,l,False,True,False,True,True,f__w,f__f,1,1,0.9998737627009234
x,y,e,t,n,f,c,b,n,t,b,s,s,p,w,p,w,o,p,k,y,d,True,False,True,False,False,n__k,n__t,0,0,0.000277402305346848
f,s,b,t,f,f,c,b,w,t,b,s,s,w,w,p,w,o,p,h,s,u,False,True,True,False,False,f__h,f__t,1,1,0.9970737086892518
f,s,n,f,n,a,c,b,n,e,,s,s,o,o,p,n,o,p,y,c,l,True,False,False,False,True,n__y,n__f,0,0,0.0007736865405177391
x,y,n,t,n,f,c,b,n,t,b,s,s,w,g,p,w,o,p,k,v,d,True,False,True,False,False,n__k,n__t,0,0,0.0007294637006893667
x,y,c,f,m,a,c,b,w,e,c,k,y,c,c,p,w,n,n,w,c,d,False,True,False,False,False,m__w,m__f,1,1,0.9963342107480173
x,f,y,f,f,f,c,b,h,e,b,k,k,p,p,p,w,o,l,h,v,p,False,True,False,False,False,f__h,f__f,1,1,0.999819402358448
f,s,n,f,n,a,c,b,o,e,,s,s,o,o,p,o,o,p,b,v,l,True,False,False,False,True,n__b,n__f,0,0,0.0012148373604903844
f,s,n,f,s,f,c,n,b,t,,k,k,p,p,p,w,o,e,w,v,d,False,True,False,True,True,s__w,s__f,1,1,0.9999564526122365
x,s,e,f,y,f,c,n,b,t,,s,s,p,w,p,w,o,e,w,v,d,False,True,False,True,True,y__w,y__f,1,1,0.9984733359719432
f,f,g,t,n,f,c,b,u,t,b,s,s,w,g,p,w,o,p,n,y,d,True,False,True,False,False,n__n,n__t,0,0,0.0002675195248492687
x,y,n,t,n,f,c,b,p,t,b,s,s,g,w,p,w,o,p,n,v,d,True,False,True,False,False,n__n,n__t,0,0,0.0006397611190859008
x,f,p,f,c,f,c,n,p,e,b,s,s,w,w,p,w,o,p,n,s,d,False,True,False,True,False,c__n,c__f,1,1,0.9983160857307062
s,f,g,f,n,f,c,n,k,e,e,s,s,w,w,p,w,o,p,n,v,u,True,False,False,True,False,n__n,n__f,0,0,0.010840760304568734
k,s,e,f,f,f,c,n,b,t,,k,k,p,w,p,w,o,e,w,v,p,False,True,False,True,True,f__w,f__f,1,1,0.99997697411352
k,y,c,f,n,f,w,n,w,e,b,s,s,w,n,p,w,o,e,w,v,l,True,False,False,True,False,n__w,n__f,0,0,0.030640157890217522
x,y,n,t,p,f,c,n,k,e,e,s,s,w,w,p,w,o,p,k,v,g,False,True,True,True,False,p__k,p__t,1,1,0.9980861219048434
b,f,w,f,n,f,w,b,p,e,,s,k,w,w,p,w,t,p,w,n,g,True,False,False,False,True,n__w,n__f,0,0,0.0004311523205485362
f,f,g,f,f,f,c,b,g,e,b,k,k,p,p,p,w,o,l,h,y,p,False,True,False,False,False,f__h,f__f,1,1,0.9994996257900062
x,y,n,f,y,f,c,n,b,t,,s,k,w,p,p,w,o,e,w,v,p,False,True,False,True,True,y__w,y__f,1,1,0.9990131949324241
x,y,y,f,f,f,c,b,h,e,b,k,k,n,b,p,w,o,l,h,v,d,False,True,False,False,False,f__h,f__f,1,1,0.9999018720727592
x,f,g,f,c,f,c,n,u,e,b,s,s,w,w,p,w,o,p,k,s,d,False,True,False,True,False,c__k,c__f,1,1,0.9976114747961021
x,y,g,t,n,f,c,b,u,t,b,s,s,w,p,p,w,o,p,k,y,d,True,False,True,False,False,n__k,n__t,0,0,0.0004463293218874269
x,f,n,f,n,f,w,b,p,t,e,s,f,w,w,p,w,o,e,k,a,g,True,False,False,False,False,n__k,n__f,0,0,3.0723179166614306e-06
x,y,n,f,s,f,c,n,b,t,,k,k,p,w,p,w,o,e,w,v,p,False,True,False,True,True,s__w,s__f,1,1,0.999910889199942
f,f,g,f,n,f,w,b,k,t,e,f,f,w,w,p,w,o,e,k,a,g,True,False,False,False,False,n__k,n__f,0,0,1.1059756727873696e-05
x,y,g,t,n,f,c,b,u,t,b,s,s,g,p,p,w,o,p,k,y,d,True,False,True,False,False,n__k,n__t,0,0,0.0002925756201528775
x,y,g,t,n,f,c,b,n,t,b,s,s,g,p,p,w,o,p,n,v,d,True,False,True,False,False,n__n,n__t,0,0,0.0007206776575528251
f,y,y,f,f,f,c,b,g,e,b,k,k,p,b,p,w,o,l,h,v,p,False,True,False,False,False,f__h,f__f,1,1,0.9999366463198046
x,s,b,t,f,f,c,b,w,t,b,f,f,w,w,p,w,o,p,h,s,g,False,True,True,False,False,f__h,f__t,1,1,0.9976832127027212
x,s,n,f,n,f,w,b,h,t,e,s,f,w,w,p,w,o,e,n,a,g,True,False,False,False,False,n__n,n__f,0,0,7.292823766135202e-06
x,y,y,t,l,f,c,b,p,e,r,s,y,w,w,p,w,o,p,n,s,g,False,False,True,False,False,l__n,l__t,0,0,0.004071865531505806
x,s,n,f,n,f,w,b,p,t,e,f,s,w,w,p,w,o,e,k,a,g,True,False,False,False,False,n__k,n__f,0,0,1.2460144005250005e-05
b,y,n,f,n,f,c,b,w,e,b,y,y,n,n,p,w,t,p,w,y,d,True,False,False,False,False,n__w,n__f,0,0,0.021858026636618233
x,s,n,f,n,a,c,b,n,e,,s,s,o,o,p,o,o,p,b,c,l,True,False,False,False,True,n__b,n__f,0,0,0.0005315600901125245
k,y,n,f,f,f,c,n,b,t,,s,s,p,w,p,w,o,e,w,v,l,False,True,False,True,True,f__w,f__f,1,1,0.9995858428839828
f,y,g,t,n,f,c,b,n,t,b,s,s,g,p,p,w,o,p,k,v,d,True,False,True,False,False,n__k,n__t,0,0,0.00118779658637539
x,s,w,f,c,f,c,n,g,e,b,s,s,w,w,p,w,o,p,n,s,d,False,True,False,True,False,c__n,c__f,1,1,0.9995213365025699
f,y,g,f,f,f,c,b,p,e,b,k,k,n,b,p,w,o,l,h,y,p,False,True,False,False,False,f__h,f__f,1,1,0.9994260403371481
f,y,y,t,a,f,c,b,n,e,r,s,y,w,w,p,w,o,p,n,s,g,False,False,True,False,False,a__n,a__t,0,0,0.005155870366838388
x,y,w,t,a,f,c,b,k,e,c,s,s,w,w,p,w,o,p,k,s,g,False,False,True,False,False,a__k,a__t,0,0,0.0014066749722079835
f,f,g,t,n,f,c,b,w,t,b,s,s,p,p,p,w,o,p,k,v,d,True,False,True,False,False,n__k,n__t,0,0,0.0017532661261669157
x,s,y,t,l,f,c,b,w,e,c,s,s,w,w,p,w,o,p,n,n,m,False,False,True,False,False,l__n,l__t,0,0,0.0006854815013529421
x,s,g,f,n,f,w,b,p,t,e,s,s,w,w,p,w,o,e,k,s,g,True,False,False,False,False,n__k,n__f,0,0,9.378111297340053e-06
f,y,e,f,f,f,c,n,b,t,,k,k,p,w,p,w,o,e,w,v,d,False,True,False,True,True,f__w,f__f,1,1,0.9999840044917842
k,s,n,f,y,f,c,n,b,t,,k,k,p,w,p,w,o,e,w,v,p,False,True,False,True,True,y__w,y__f,1,1,0.9999273594497015
f,f,e,t,n,f,c,b,n,t,b,s,s,p,p,p,w,o,p,k,v,d,True,False,True,False,False,n__k,n__t,0,0,0.0009266828262808154
b,s,w,t,l,f,c,b,g,e,c,s,s,w,w,p,w,o,p,n,n,g,False,False,True,False,False,l__n,l__t,0,0,0.0023039062013344796
x,s,p,f,c,f,c,n,n,e,b,s,s,w,w,p,w,o,p,k,s,d,False,True,False,True,False,c__k,c__f,1,1,0.9990120106775335
f,y,e,t,n,f,c,b,p,t,b,s,s,g,w,p,w,o,p,k,y,d,True,False,True,False,False,n__k,n__t,0,0,0.00034852010165228224
x,y,g,f,f,f,c,b,g,e,b,k,k,b,n,p,w,o,l,h,v,g,False,True,False,False,False,f__h,f__f,1,1,0.9999331890671983
x,y,w,t,a,f,c,b,n,e,c,s,s,w,w,p,w,o,p,k,n,g,False,False,True,False,False,a__k,a__t,0,0,0.0006330479817896429
f,y,e,f,m,a,c,b,y,e,c,k,y,c,c,p,w,n,n,w,c,d,False,True,False,False,False,m__w,m__f,1,1,0.9985732564029497
k,s,n,f,n,a,c,b,y,e,,s,s,o,o,p,o,o,p,o,v,l,True,False,False,False,True,n__o,n__f,0,0,0.0012215796467150517
b,s,w,t,n,f,c,b,r,e,b,s,s,w,w,p,w,t,p,r,v,g,True,False,True,False,False,n__r,n__t,1,1,0.9790324693780826
x,s,e,f,f,f,c,n,b,t,,s,k,p,w,p,w,o,e,w,v,p,False,True,False,True,True,f__w,f__f,1,1,0.9996666593111613
f,s,e,f,s,f,c,n,b,t,,s,s,w,p,p,w,o,e,w,v,p,False,True,False,True,True,s__w,s__f,1,1,0.9989223981851879
f,y,n,t,n,f,c,b,n,t,b,s,s,g,p,p,w,o,p,k,v,d,True,False,True,False,False,n__k,n__t,0,0,0.0009408004904312396
x,y,n,t,n,f,c,b,p,t,b,s,s,g,p,p,w,o,p,n,v,d,True,False,True,False,False,n__n,n__t,0,0,0.0006680269179950516
x,y,e,f,m,a,c,b,y,e,c,k,y,c,c,p,w,n,n,w,c,d,False,True,False,False,False,m__w,m__f,1,1,0.9979132052109674
f,y,e,f,y,f,c,n,b,t,,s,k,w,p,p,w,o,e,w,v,l,False,True,False,True,True,y__w,y__f,1,1,0.9996914783430454
x,s,n,f,n,f,w,b,n,t,e,f,s,w,w,p,w,o,e,n,s,g,True,False,False,False,False,n__n,n__f,0,0,9.734938807982614e-06
x,s,e,f,f,f,c,n,b,t,,k,s,p,p,p,w,o,e,w,v,l,False,True,False,True,True,f__w,f__f,1,1,0.9999725684798326
x,y,n,t,p,f,c,n,k,e,e,s,s,w,w,p,w,o,p,k,v,u,False,True,True,True,False,p__k,p__t,1,1,0.9972857672666797
x,f,w,f,n,f,w,b,k,t,e,f,s,w,w,p,w,o,e,n,a,g,True,False,False,False,False,n__n,n__f,0,0,1.7803882516485876e-05
x,f,g,t,n,f,c,b,w,t,b,s,s,p,w,p,w,o,p,k,y,d,True,False,True,False,False,n__k,n__t,0,0,0.000325835611113196
f,y,e,t,n,f,c,b,u,t,b,s,s,g,g,p,w,o,p,k,v,d,True,False,True,False,False,n__k,n__t,0,0,0.0010345137734060334
x,s,e,f,s,f,c,n,b,t,,k,k,w,p,p,w,o,e,w,v,l,False,True,False,True,True,s__w,s__f,1,1,0.9999682124868654
f,y,n,f,s,f,c,n,b,t,,k,s,p,w,p,w,o,e,w,v,l,False,True,False,True,True,s__w,s__f,1,1,0.9999330290502371
x,y,y,f,f,f,c,b,g,e,b,k,k,p,b,p,w,o,l,h,v,g,False,True,False,False,False,f__h,f__f,1,1,0.999961506714991
x,y,y,f,f,f,c,b,h,e,b,k,k,p,n,p,w,o,l,h,y,p,False,True,False,False,False,f__h,f__f,1,1,0.999493568839437
x,y,g,t,n,f,c,b,p,t,b,s,s,w,w,p,w,o,p,k,y,d,True,False,True,False,False,n__k,n__t,0,0,0.00039398823595808473
x,s,e,f,s,f,c,n,b,t,,k,k,w,p,p,w,o,e,w,v,d,False,True,False,True,True,s__w,s__f,1,1,0.9999510884905728
x,y,w,t,a,f,c,b,g,e,c,s,s,w,w,p,w,o,p,n,n,g,False,False,True,False,False,a__n,a__t,0,0,0.0009707401414435243
x,f,g,f,n,f,w,b,n,t,e,f,s,w,w,p,w,o,e,n,s,g,True,False,False,False,False,n__n,n__f,0,0,6.951183345528795e-06
f,y,g,t,n,f,c,b,w,t,b,s,s,p,p,p,w,o,p,n,y,d,True,False,True,False,False,n__n,n__t,0,0,0.0007122354561730803
x,f,p,f,c,f,w,n,u,e,b,s,s,w,w,p,w,o,p,k,v,d,False,True,False,True,False,c__k,c__f,1,1,0.995418457619269
x,s,w,t,f,f,c,b,p,t,b,f,s,w,w,p,w,o,p,h,v,g,False,True,True,False,False,f__h,f__t,1,1,0.9985817966631803
f,f,w,f,n,f,w,b,h,t,e,s,s,w,w,p,w,o,e,n,s,g,True,False,False,False,False,n__n,n__f,0,0,2.084420290234697e-05
f,s,n,t,p,f,c,n,k,e,e,s,s,w,w,p,w,o,p,n,s,u,False,True,True,True,False,p__n,p__t,1,1,0.9966137307933076
x,s,g,f,c,f,c,n,g,e,b,s,s,w,w,p,w,o,p,n,s,d,False,True,False,True,False,c__n,c__f,1,1,0.9990425855353133
k,y,n,f,f,f,c,n,b,t,,s,k,w,w,p,w,o,e,w,v,d,False,True,False,True,True,f__w,f__f,1,1,0.9997242533435654
x,s,b,t,f,f,c,b,w,t,b,f,f,w,w,p,w,o,p,h,v,u,False,True,True,False,False,f__h,f__t,1,1,0.9981507789364964
f,f,y,f,f,f,c,b,h,e,b,k,k,n,n,p,w,o,l,h,v,p,False,True,False,False,False,f__h,f__f,1,1,0.9998213464992505
k,y,e,f,f,f,c,n,b,t,,k,k,p,p,p,w,o,e,w,v,p,False,True,False,True,True,f__w,f__f,1,1,0.9999758070742142
x,y,y,t,l,f,c,b,k,e,c,s,s,w,w,p,w,o,p,k,s,g,False,False,True,False,False,l__k,l__t,0,0,0.00091586412479997
b,f,w,f,n,f,w,b,g,e,,k,s,w,w,p,w,t,p,w,n,g,True,False,False,False,True,n__w,n__f,0,0,0.004604399560191847
f,y,n,f,s,f,c,n,b,t,,k,s,p,p,p,w,o,e,w,v,p,False,True,False,True,True,s__w,s__f,1,1,0.9998795645094491
x,y,g,f,f,f,c,b,h,e,b,k,k,b,b,p,w,o,l,h,v,g,False,True,False,False,False,f__h,f__f,1,1,0.9999435673211318
x,f,n,t,n,f,c,b,n,t,b,s,s,g,p,p,w,o,p,n,y,d,True,False,True,False,False,n__n,n__t,0,0,0.00010046885301216305
k,s,n,f,s,f,c,n,b,t,,s,k,w,w,p,w,o,e,w,v,d,False,True,False,True,True,s__w,s__f,1,1,0.9993270818183769
x,s,e,f,f,f,c,n,b,t,,k,k,p,p,p,w,o,e,w,v,l,False,True,False,True,True,f__w,f__f,1,1,0.9999867196690875
k,s,n,f,y,f,c,n,b,t,,s,s,w,w,p,w,o,e,w,v,p,False,True,False,True,True,y__w,y__f,1,1,0.9982859112252993
f,y,n,t,n,f,c,b,u,t,b,s,s,p,g,p,w,o,p,n,y,d,True,False,True,False,False,n__n,n__t,0,0,0.000305157501822313
f,s,n,t,p,f,c,n,p,e,e,s,s,w,w,p,w,o,p,k,s,u,False,True,True,True,False,p__k,p__t,1,1,0.9966144457404809
x,y,g,f,f,f,c,b,g,e,b,k,k,n,n,p,w,o,l,h,y,g,False,True,False,False,False,f__h,f__f,1,1,0.9997268828961514
k,s,e,f,y,f,c,n,b,t,,k,k,p,w,p,w,o,e,w,v,p,False,True,False,True,True,y__w,y__f,1,1,0.9999376202361948
f,f,y,f,f,f,c,b,p,e,b,k,k,p,n,p,w,o,l,h,y,d,False,True,False,False,False,f__h,f__f,1,1,0.9993090364915879
x,s,w,t,a,f,w,n,w,t,b,s,s,w,w,p,w,o,p,u,v,d,False,False,True,True,False,a__u,a__t,0,0,0.03129201035739293
x,s,n,f,f,f,c,n,b,t,,k,k,w,p,p,w,o,e,w,v,p,False,True,False,True,True,f__w,f__f,1,1,0.9999740466709921
f,y,n,f,y,f,c,n,b,t,,k,k,w,p,p,w,o,e,w,v,p,False,True,False,True,True,y__w,y__f,1,1,0.999947293292948
f,y,e,f,y,f,c,n,b,t,,k,s,w,w,p,w,o,e,w,v,l,False,True,False,True,True,y__w,y__f,1,1,0.9999480145011075
f,f,e,t,n,f,c,b,w,t,b,s,s,g,w,p,w,o,p,n,v,d,True,False,True,False,False,n__n,n__t,0,0,0.001008634578778318
x,y,e,t,n,f,c,b,p,t,b,s,s,w,g,p,w,o,p,n,v,d,True,False,True,False,False,n__n,n__t,0,0,0.0008824211321556405
x,s,n,t,p,f,c,n,w,e,e,s,s,w,w,p,w,o,p,k,s,g,False,True,True,True,False,p__k,p__t,1,1,0.997657166041076
x,f,y,f,f,f,c,b,h,e,b,k,k,n,b,p,w,o,l,h,y,g,False,True,False,False,False,f__h,f__f,1,1,0.9997174867962749
b,y,y,t,a,f,c,b,w,e,c,s,s,w,w,p,w,o,p,k,n,m,False,False,True,False,False,a__k,a__t,0,0,0.001834112235074085
x,y,g,f,f,f,c,b,h,e,b,k,k,b,n,p,w,o,l,h,v,p,False,True,False,False,False,f__h,f__f,1,1,0.9998158870505544
f,f,n,t,n,f,c,b,n,t,b,s,s,g,g,p,w,o,p,k,y,d,True,False,True,False,False,n__k,n__t,0,0,0.0001231903901634554
k,y,b,t,n,f,c,b,e,e,,s,s,e,w,p,w,t,e,w,c,w,True,False,True,False,True,n__w,n__t,0,0,0.005621261981279977
f,y,n,t,n,f,c,b,p,t,b,s,s,g,w,p,w,o,p,k,v,d,True,False,True,False,False,n__k,n__t,0,0,0.00105448802428148
k,y,n,f,f,f,c,n,b,t,,s,k,p,p,p,w,o,e,w,v,l,False,True,False,True,True,f__w,f__f,1,1,0.9998079447929764
x,y,y,f,f,f,c,b,p,e,b,k,k,p,n,p,w,o,l,h,y,g,False,True,False,False,False,f__h,f__f,1,1,0.9996820414170794
b,y,n,f,n,f,c,n,w,e,,k,y,w,n,p,w,o,e,w,v,d,True,False,False,True,True,n__w,n__f,1,1,0.9427229847599813
x,f,p,f,c,f,w,n,u,e,b,s,s,w,w,p,w,o,p,n,s,d,False,True,False,True,False,c__n,c__f,1,1,0.9908416550407771
f,f,e,t,n,f,c,b,u,t,b,s,s,w,g,p,w,o,p,k,v,d,True,False,True,False,False,n__k,n__t,0,0,0.0009792142698303783
x,f,g,t,n,f,c,b,w,t,b,s,s,p,g,p,w,o,p,n,y,d,True,False,True,False,False,n__n,n__t,0,0,0.00022459444396503503
x,y,g,f,f,f,c,b,p,e,b,k,k,p,p,p,w,o,l,h,v,g,False,True,False,False,False,f__h,f__f,1,1,0.999907422970043
x,y,w,t,a,f,c,b,k,e,c,s,s,w,w,p,w,o,p,n,s,g,False,False,True,False,False,a__n,a__t,0,0,0.001065901651649906
x,f,g,f,c,f,w,n,u,e,b,s,s,w,w,p,w,o,p,k,v,d,False,True,False,True,False,c__k,c__f,1,1,0.9920623368429486
x,f,g,t,n,f,c,b,p,t,b,s,s,p,g,p,w,o,p,n,y,d,True,False,True,False,False,n__n,n__t,0,0,0.00015057365064620075
f,s,w,t,f,f,c,b,p,t,b,f,f,w,w,p,w,o,p,h,v,u,False,True,True,False,False,f__h,f__t,1,1,0.9981764368242335
x,s,w,f,n,f,w,b,n,t,e,s,s,w,w,p,w,o,e,k,s,g,True,False,False,False,False,n__k,n__f,0,0,1.6032760017855113e-05
f,f,n,f,n,f,w,b,p,t,e,f,f,w,w,p,w,o,e,k,a,g,True,False,False,False,False,n__k,n__f,0,0,7.77356170497518e-06
x,f,y,f,f,f,c,b,p,e,b,k,k,b,n,p,w,o,l,h,y,p,False,True,False,False,False,f__h,f__f,1,1,0.998799104730965
x,s,y,t,l,f,w,n,w,t,b,s,s,w,w,p,w,o,p,u,v,d,False,False,True,True,False,l__u,l__t,0,0,0.020234694154202624
f,f,g,t,n,f,c,b,w,t,b,s,s,w,p,p,w,o,p,n,y,d,True,False,True,False,False,n__n,n__t,0,0,0.0004945171555302576
k,y,e,f,s,f,c,n,b,t,,k,k,p,p,p,w,o,e,w,v,d,False,True,False,True,True,s__w,s__f,1,1,0.999946906218095
x,y,g,t,n,f,c,b,n,t,b,s,s,w,p,p,w,o,p,k,v,d,True,False,True,False,False,n__k,n__t,0,0,0.0012381785526575835
f,y,n,t,n,f,c,b,w,e,,s,s,w,e,p,w,t,e,w,c,w,True,False,True,False,True,n__w,n__t,0,0,0.005380465069217737
k,s,n,f,f,f,c,n,b,t,,k,s,w,w,p,w,o,e,w,v,d,False,True,False,True,True,f__w,f__f,1,1,0.9999594446462357
f,y,w,f,n,f,c,n,h,e,,s,f,w,w,p,w,o,f,h,y,d,True,False,False,True,True,n__h,n__f,0,0,0.019178999520141272
f,y,b,t,n,f,c,b,r,e,b,s,s,w,w,p,w,t,p,r,v,m,True,False,True,False,False,n__r,n__t,1,1,0.9692915593651139
b,s,w,t,a,f,c,b,n,e,c,s,s,w,w,p,w,o,p,n,s,g,False,False,True,False,False,a__n,a__t,0,0,0.0019456367242735772
x,s,g,f,c,f,w,n,g,e,b,s,s,w,w,p,w,o,p,k,v,d,False,True,False,True,False,c__k,c__f,1,1,0.9971709136829481
f,y,g,f,f,f,c,b,h,e,b,k,k,p,n,p,w,o,l,h,y,d,False,True,False,False,False,f__h,f__f,1,1,0.9996267576017452
f,s,n,f,f,f,c,n,b,t,,s,k,p,p,p,w,o,e,w,v,d,False,True,False,True,True,f__w,f__f,1,1,0.9997918600268599
f,f,e,t,n,f,c,b,w,t,b,s,s,g,p,p,w,o,p,k,v,d,True,False,True,False,False,n__k,n__t,0,0,0.0011863916348524408
b,s,n,f,n,a,c,b,n,e,,s,s,o,o,p,o,o,p,b,v,l,True,False,False,False,True,n__b,n__f,0,0,0.0011846464348452069
b,s,w,t,a,f,c,b,n,e,c,s,s,w,w,p,w,o,p,n,s,m,False,False,True,False,False,a__n,a__t,0,0,0.0022371001070922232
x,f,g,f,f,f,c,b,g,e,b,k,k,n,b,p,w,o,l,h,v,d,False,True,False,False,False,f__h,f__f,1,1,0.9998180277664638
f,f,e,t,n,f,c,b,w,t,b,s,s,p,w,p,w,o,p,k,v,d,True,False,True,False,False,n__k,n__t,0,0,0.0015485898567340858
x,y,g,f,f,f,c,b,h,e,b,k,k,p,b,p,w,o,l,h,v,g,False,True,False,False,False,f__h,f__f,1,1,0.9999420308433008
f,s,n,t,p,f,c,n,k,e,e,s,s,w,w,p,w,o,p,k,v,g,False,True,True,True,False,p__k,p__t,1,1,0.9988072593297042
x,y,e,t,n,f,c,b,u,t,b,s,s,g,g,p,w,o,p,k,v,d,True,False,True,False,False,n__k,n__t,0,0,0.0007070622307404602
b,s,y,t,a,f,c,b,w,e,c,s,s,w,w,p,w,o,p,n,s,g,False,False,True,False,False,a__n,a__t,0,0,0.0022339529333789744
x,y,g,t,n,f,c,b,u,t,b,s,s,w,p,p,w,o,p,k,v,d,True,False,True,False,False,n__k,n__t,0,0,0.001571906039422339
f,f,e,t,n,f,c,b,p,t,b,s,s,w,g,p,w,o,p,n,v,d,True,False,True,False,False,n__n,n__t,0,0,0.0008012452881190954
f,f,n,t,n,f,c,b,u,t,b,s,s,w,w,p,w,o,p,n,v,d,True,False,True,False,False,n__n,n__t,0,0,0.000961220475111868
f,f,y,f,f,f,c,b,g,e,b,k,k,n,b,p,w,o,l,h,y,g,False,True,False,False,False,f__h,f__f,1,1,0.9998312677508169
f,f,w,f,n,f,w,b,n,t,e,f,f,w,w,p,w,o,e,k,s,g,True,False,False,False,False,n__k,n__f,0,0,1.7291698898411313e-05
f,s,n,f,f,f,c,n,b,t,,s,k,p,w,p,w,o,e,w,v,l,False,True,False,True,True,f__w,f__f,1,1,0.9998587426678759
x,s,n,f,n,f,c,b,w,e,b,y,y,n,n,p,w,t,p,w,y,d,True,False,False,False,False,n__w,n__f,0,0,0.011041417057926274
x,f,n,t,n,f,c,b,u,t,b,s,s,g,w,p,w,o,p,k,y,d,True,False,True,False,False,n__k,n__t,0,0,0.00013765704308265448
x,y,n,t,l,f,c,b,n,e,r,s,y,w,w,p,w,o,p,k,y,g,False,False,True,False,False,l__k,l__t,0,0,0.0014018774469276047
f,s,w,f,n,f,w,b,h,t,e,f,s,w,w,p,w,o,e,k,s,g,True,False,False,False,False,n__k,n__f,0,0,7.17974208720907e-05
x,f,g,f,c,f,w,n,n,e,b,s,s,w,w,p,w,o,p,n,s,d,False,True,False,True,False,c__n,c__f,1,1,0.9800024842332455
f,y,g,t,n,f,c,b,w,e,b,s,s,w,w,p,w,t,p,w,v,p,True,False,True,False,False,n__w,n__t,0,0,0.03241619547896271
x,y,y,t,l,f,c,b,k,e,c,s,s,w,w,p,w,o,p,k,s,m,False,False,True,False,False,l__k,l__t,0,0,0.0010532266578139706
x,y,g,t,n,f,c,b,w,t,b,s,s,g,w,p,w,o,p,n,y,d,True,False,True,False,False,n__n,n__t,0,0,0.0003419171394549038
f,f,e,t,n,f,c,b,p,t,b,s,s,g,g,p,w,o,p,k,v,d,True,False,True,False,False,n__k,n__t,0,0,0.000591773541339625
f,y,g,f,f,f,c,b,h,e,b,k,k,n,n,p,w,o,l,h,v,p,False,True,False,False,False,f__h,f__f,1,1,0.999854115062126
f,f,g,f,f,f,c,b,g,e,b,k,k,n,n,p,w,o,l,h,y,g,False,True,False,False,False,f__h,f__f,1,1,0.9996991967207585
x,s,g,f,c,f,w,n,u,e,b,s,s,w,w,p,w,o,p,k,v,d,False,True,False,True,False,c__k,c__f,1,1,0.9954963383272355
x,y,e,f,s,f,c,n,b,t,,s,k,p,w,p,w,o,e,w,v,p,False,True,False,True,True,s__w,s__f,1,1,0.9990210641486951
x,f,g,f,n,f,c,n,n,e,e,s,s,w,w,p,w,o,p,n,y,u,True,False,False,True,False,n__n,n__f,0,0,0.0018864529397190763
f,y,y,t,a,f,c,b,n,e,r,s,y,w,w,p,w,o,p,n,y,g,False,False,True,False,False,a__n,a__t,0,0,0.0026081603841436136
x,y,n,f,f,f,c,n,b,t,,k,k,w,p,p,w,o,e,w,v,d,False,True,False,True,True,f__w,f__f,1,1,0.9999766687798022
f,f,g,f,n,f,w,b,n,t,e,s,f,w,w,p,w,o,e,k,a,g,True,False,False,False,False,n__k,n__f,0,0,4.851279881848701e-06
f,f,n,t,n,f,c,b,w,t,b,s,s,g,w,p,w,o,p,n,y,d,True,False,True,False,False,n__n,n__t,0,0,0.0002458470435646547
x,s,w,f,c,f,c,n,p,e,b,s,s,w,w,p,w,o,p,n,s,d,False,True,False,True,False,c__n,c__f,1,1,0.9991721825601514
x,y,w,t,a,f,c,b,g,e,c,s,s,w,w,p,w,o,p,n,n,m,False,False,True,False,False,a__n,a__t,0,0,0.001116323857035713
f,y,n,f,s,f,c,n,b,t,,k,k,p,w,p,w,o,e,w,v,p,False,True,False,True,True,s__w,s__f,1,1,0.9999391134131916
f,y,n,f,s,f,c,n,b,t,,s,s,w,p,p,w,o,e,w,v,p,False,True,False,True,True,s__w,s__f,1,1,0.9986236489764835
k,s,n,f,n,a,c,b,o,e,,s,s,o,o,p,n,o,p,y,c,l,True,False,False,False,True,n__y,n__f,0,0,0.0009197753448282451
x,f,w,f,n,f,w,b,h,t,e,f,s,w,w,p,w,o,e,n,a,g,True,False,False,False,False,n__n,n__f,0,0,2.389592974890948e-05
f,y,w,t,p,f,c,n,p,e,e,s,s,w,w,p,w,o,p,n,s,u,False,True,True,True,False,p__n,p__t,1,1,0.9983408724413403
k,f,g,f,n,f,w,b,g,e,,k,k,w,w,p,w,t,p,w,s,g,True,False,False,False,True,n__w,n__f,0,0,0.004129704741530647
f,y,g,t,n,f,c,b,n,t,b,s,s,p,p,p,w,o,p,n,y,d,True,False,True,False,False,n__n,n__t,0,0,0.0004080295851661523
f,s,n,f,y,f,c,n,b,t,,s,k,p,p,p,w,o,e,w,v,l,False,True,False,True,True,y__w,y__f,1,1,0.9996335883727411
x,f,y,f,f,f,c,b,h,e,b,k,k,n,p,p,w,o,l,h,v,p,False,True,False,False,False,f__h,f__f,1,1,0.9997961242992178
f,f,w,t,l,f,w,n,p,t,b,s,s,w,w,p,w,o,p,u,v,d,False,False,True,True,False,l__u,l__t,0,0,0.017120344409248655
f,y,g,t,n,f,c,b,n,t,b,s,s,g,w,p,w,o,p,k,y,d,True,False,True,False,False,n__k,n__t,0,0,0.000322900772106409
f,s,e,f,y,f,c,n,b,t,,s,k,w,w,p,w,o,e,w,v,d,False,True,False,True,True,y__w,y__f,1,1,0.9995482347405965
x,y,g,t,n,f,c,b,p,t,b,s,s,g,g,p,w,o,p,n,v,d,True,False,True,False,False,n__n,n__t,0,0,0.000627356984932364
k,s,n,f,f,f,c,n,b,t,,s,s,w,p,p,w,o,e,w,v,l,False,True,False,True,True,f__w,f__f,1,1,0.9996769085139346
f,f,e,t,n,f,c,b,p,t,b,s,s,p,w,p,w,o,p,k,v,d,True,False,True,False,False,n__k,n__t,0,0,0.001038666137178601
k,y,e,f,s,f,c,n,b,t,,s,k,w,p,p,w,o,e,w,v,l,False,True,False,True,True,s__w,s__f,1,1,0.9996053120241873
f,f,g,t,n,f,c,b,p,t,b,s,s,g,g,p,w,o,p,k,v,d,True,False,True,False,False,n__k,n__t,0,0,0.0006417204856330101
f,f,n,f,n,f,w,n,w,e,b,f,f,w,n,p,w,o,e,w,v,l,True,False,False,True,False,n__w,n__f,0,0,0.041781014629283714
f,f,g,f,f,f,c,b,h,e,b,k,k,n,p,p,w,o,l,h,y,d,False,True,False,False,False,f__h,f__f,1,1,0.9994704619722241
f,s,n,f,f,f,c,n,b,t,,k,s,w,p,p,w,o,e,w,v,l,False,True,False,True,True,f__w,f__f,1,1,0.9999804951609002
x,y,n,f,y,f,c,n,b,t,,s,s,p,w,p,w,o,e,w,v,p,False,True,False,True,True,y__w,y__f,1,1,0.9976215647487264
f,f,g,t,n,f,c,b,w,t,b,s,s,w,g,p,w,o,p,n,v,d,True,False,True,False,False,n__n,n__t,0,0,0.0012955221654591855
f,y,e,f,s,f,c,n,b,t,,k,s,p,p,p,w,o,e,w,v,l,False,True,False,True,True,s__w,s__f,1,1,0.9999449238765806
x,s,b,t,f,f,c,b,p,t,b,s,s,w,w,p,w,o,p,h,s,g,False,True,True,False,False,f__h,f__t,1,1,0.9955057625186283
b,s,w,t,n,f,c,b,g,e,b,s,s,w,w,p,w,t,p,r,v,g,True,False,True,False,False,n__r,n__t,1,1,0.9706569249070909
x,f,g,f,f,f,c,b,h,e,b,k,k,n,b,p,w,o,l,h,y,p,False,True,False,False,False,f__h,f__f,1,1,0.9991047537973908
x,s,n,f,n,f,w,b,p,t,e,s,s,w,w,p,w,o,e,n,a,g,True,False,False,False,False,n__n,n__f,0,0,6.397460683646015e-06
f,y,n,t,a,f,c,b,n,e,r,s,y,w,w,p,w,o,p,k,s,p,False,False,True,False,False,a__k,a__t,0,0,0.0017057226329134393
x,y,n,f,y,f,c,n,b,t,,k,s,w,p,p,w,o,e,w,v,p,False,True,False,True,True,y__w,y__f,1,1,0.9998406736262986
f,f,w,f,n,f,w,b,p,t,e,f,s,w,w,p,w,o,e,k,s,g,True,False,False,False,False,n__k,n__f,0,0,2.6848119030709417e-05
x,y,w,t,p,f,c,n,p,e,e,s,s,w,w,p,w,o,p,k,v,g,False,True,True,True,False,p__k,p__t,1,1,0.9991458767941118
x,s,w,t,l,f,c,b,w,e,c,s,s,w,w,p,w,o,p,n,n,m,False,False,True,False,False,l__n,l__t,0,0,0.001041758999568039
x,y,n,t,n,f,c,b,p,t,b,s,s,g,w,p,w,o,p,k,v,d,True,False,True,False,False,n__k,n__t,0,0,0.0007207186532629157
f,f,g,f,f,f,c,b,h,e,b,k,k,b,p,p,w,o,l,h,y,p,False,True,False,False,False,f__h,f__f,1,1,0.9994427214647338
f,y,c,f,m,f,c,b,y,e,c,k,y,c,c,p,w,n,n,w,c,d,False,True,False,False,False,m__w,m__f,1,1,0.9983418391823679
x,y,n,f,s,f,c,n,b,t,,k,s,w,p,p,w,o,e,w,v,d,False,True,False,True,True,s__w,s__f,1,1,0.999870930337202
f,s,e,f,f,f,c,n,b,t,,k,k,w,p,p,w,o,e,w,v,p,False,True,False,True,True,f__w,f__f,1,1,0.9999847722091977
f,f,n,t,n,f,c,b,p,t,b,s,s,g,w,p,w,o,p,n,y,d,True,False,True,False,False,n__n,n__t,0,0,0.00016482307194981864
x,y,y,f,f,f,c,b,p,e,b,k,k,n,b,p,w,o,l,h,y,p,False,True,False,False,False,f__h,f__f,1,1,0.9993618495331492
x,y,g,t,n,f,c,b,u,t,b,s,s,g,g,p,w,o,p,n,y,d,True,False,True,False,False,n__n,n__t,0,0,0.0001931298531950959
k,s,n,f,f,f,c,n,b,t,,s,k,p,w,p,w,o,e,w,v,d,False,True,False,True,True,f__w,f__f,1,1,0.9997187602171292
f,s,w,t,f,f,c,b,p,t,b,s,s,w,w,p,w,o,p,h,s,g,False,True,True,False,False,f__h,f__t,1,1,0.9970245221866895
x,f,n,t,n,f,c,b,u,t,b,s,s,w,p,p,w,o,p,k,y,d,True,False,True,False,False,n__k,n__t,0,0,0.00021929839910578205
x,y,y,t,a,f,c,b,k,e,c,s,s,w,w,p,w,o,p,n,n,m,False,False,True,False,False,a__n,a__t,0,0,0.0004784759241376332
f,s,b,t,f,f,c,b,w,t,b,f,f,w,w,p,w,o,p,h,v,g,False,True,True,False,False,f__h,f__t,1,1,0.9991089473837403
b,s,w,t,l,f,c,b,w,e,c,s,s,w,w,p,w,o,p,k,n,g,False,False,True,False,False,l__k,l__t,0,0,0.0026294614419125582
f,y,n,t,p,f,c,n,k,e,e,s,s,w,w,p,w,o,p,k,v,g,False,True,True,True,False,p__k,p__t,1,1,0.9986915514253917
k,y,y,f,n,f,c,n,w,e,,k,y,w,n,p,w,o,e,w,v,d,True,False,False,True,True,n__w,n__f,1,1,0.9337350902201537
x,y,e,f,y,f,c,n,b,t,,s,s,p,p,p,w,o,e,w,v,d,False,True,False,True,True,y__w,y__f,1,1,0.9983960810831992
f,f,n,f,n,f,w,b,p,t,e,s,s,w,w,p,w,o,e,k,s,g,True,False,False,False,False,n__k,n__f,0,0,6.145514187093315e-06
k,f,n,f,n,f,c,n,w,e,,k,y,w,n,p,w,o,e,w,v,d,True,False,False,True,True,n__w,n__f,1,1,0.8402198527905947
k,s,e,f,f,f,c,n,b,t,,s,s,w,w,p,w,o,e,w,v,l,False,True,False,True,True,f__w,f__f,1,1,0.999710273275843
f,y,n,t,l,f,c,b,n,e,r,s,y,w,w,p,w,o,p,n,y,p,False,False,True,False,False,l__n,l__t,0,0,0.0006437606062839887
x,f,g,t,n,f,c,b,n,t,b,s,s,w,g,p,w,o,p,k,y,d,True,False,True,False,False,n__k,n__t,0,0,0.0001621716484833333
f,s,w,t,f,f,c,b,p,t,b,f,f,w,w,p,w,o,p,h,s,g,False,True,True,False,False,f__h,f__t,1,1,0.9977153432090707
x,s,w,t,l,f,c,b,g,e,c,s,s,w,w,p,w,o,p,k,s,m,False,False,True,False,False,l__k,l__t,0,0,0.0026932492578935112
x,y,n,f,s,f,c,n,b,t,,s,s,w,p,p,w,o,e,w,v,l,False,True,False,True,True,s__w,s__f,1,1,0.9989269933047716
f,y,y,f,f,f,c,b,p,e,b,k,k,p,n,p,w,o,l,h,y,g,False,True,False,False,False,f__h,f__f,1,1,0.9997827332230261
f,y,p,t,n,f,c,b,w,e,,s,s,e,w,p,w,t,e,w,c,w,True,False,True,False,True,n__w,n__t,0,0,0.010313258825191973
f,s,n,f,n,f,w,b,h,t,e,s,s,w,w,p,w,o,e,k,s,g,True,False,False,False,False,n__k,n__f,0,0,1.643494511850353e-05
k,y,n,f,s,f,c,n,b,t,,s,s,p,w,p,w,o,e,w,v,p,False,True,False,True,True,s__w,s__f,1,1,0.997920274323529
f,s,b,t,f,f,c,b,w,t,b,f,s,w,w,p,w,o,p,h,s,u,False,True,True,False,False,f__h,f__t,1,1,0.9983051992016191
x,y,c,f,m,a,c,b,y,e,c,k,y,c,c,p,w,n,n,w,c,d,False,True,False,False,False,m__w,m__f,1,1,0.9967995694604234
f,f,g,f,f,f,c,b,p,e,b,k,k,n,p,p,w,o,l,h,y,d,False,True,False,False,False,f__h,f__f,1,1,0.9991994908819646
f,s,b,t,f,f,c,b,h,t,b,f,f,w,w,p,w,o,p,h,s,g,False,True,True,False,False,f__h,f__t,1,1,0.9984372532824424
x,f,n,t,n,f,c,b,n,t,b,s,s,p,p,p,w,o,p,k,y,d,True,False,True,False,False,n__k,n__t,0,0,0.00015432824150806278
f,s,b,t,f,f,c,b,w,t,b,s,f,w,w,p,w,o,p,h,v,g,False,True,True,False,False,f__h,f__t,1,1,0.9984605825972387
x,f,g,t,n,f,c,b,n,t,b,s,s,p,g,p,w,o,p,n,y,d,True,False,True,False,False,n__n,n__t,0,0,0.00012864015755769027
x,f,w,f,n,f,w,b,h,t,e,s,f,w,w,p,w,o,e,k,a,g,True,False,False,False,False,n__k,n__f,0,0,1.1740293176511889e-05
f,y,w,t,p,f,c,n,k,e,e,s,s,w,w,p,w,o,p,k,v,u,False,True,True,True,False,p__k,p__t,1,1,0.9992647121712079
k,s,e,t,n,f,c,b,w,e,,s,s,e,w,p,w,t,e,w,c,w,True,False,True,False,True,n__w,n__t,0,0,0.004664490873335329
k,s,n,f,y,f,c,n,b,t,,k,k,p,p,p,w,o,e,w,v,p,False,True,False,True,True,y__w,y__f,1,1,0.9999304347968655
f,y,y,f,f,f,c,b,p,e,b,k,k,n,p,p,w,o,l,h,v,d,False,True,False,False,False,f__h,f__f,1,1,0.9998929247593874
x,y,e,f,f,f,c,n,b,t,,k,k,p,p,p,w,o,e,w,v,l,False,True,False,True,True,f__w,f__f,1,1,0.9999854296735957
x,f,g,t,n,f,c,b,u,t,b,s,s,g,g,p,w,o,p,k,v,d,True,False,True,False,False,n__k,n__t,0,0,0.0004757771073239736
b,y,w,t,n,f,c,b,w,e,b,s,s,w,w,p,w,t,p,r,v,m,True,False,True,False,False,n__r,n__t,1,1,0.9676378789092032
f,f,g,t,n,f,c,b,p,t,b,s,s,w,g,p,w,o,p,k,v,d,True,False,True,False,False,n__k,n__t,0,0,0.0009787763952569279
f,y,n,t,n,f,c,b,p,t,b,s,s,g,w,p,w,o,p,n,v,d,True,False,True,False,False,n__n,n__t,0,0,0.0009360736640407058
b,s,y,t,a,f,c,b,w,e,c,s,s,w,w,p,w,o,p,k,n,g,False,False,True,False,False,a__k,a__t,0,0,0.0017497381127336124
x,s,n,f,y,f,c,n,b,t,,s,k,w,p,p,w,o,e,w,v,p,False,True,False,True,True,y__w,y__f,1,1,0.9991004850784677
k,s,n,f,n,a,c,b,n,e,,s,s,o,o,p,o,o,p,b,c,l,True,False,False,False,True,n__b,n__f,0,0,0.0006011439643837959
k,s,n,f,f,f,c,n,b,t,,k,k,w,p,p,w,o,e,w,v,l,False,True,False,True,True,f__w,f__f,1,1,0.9999877802302723
x,s,e,f,s,f,c,n,b,t,,s,k,p,p,p,w,o,e,w,v,p,False,True,False,True,True,s__w,s__f,1,1,0.9991454077756206
f,y,n,t,n,f,c,b,w,t,b,s,s,g,w,p,w,o,p,k,v,d,True,False,True,False,False,n__k,n__t,0,0,0.0015721671311272048
x,y,y,t,l,f,c,b,w,e,c,s,s,w,w,p,w,o,p,n,s,m,False,False,True,False,False,l__n,l__t,0,0,0.001053201430286415
x,y,n,t,l,f,c,b,w,e,r,s,y,w,w,p,w,o,p,n,y,g,False,False,True,False,False,l__n,l__t,0,0,0.0018478325714309364
b,s,y,t,l,f,c,b,k,e,c,s,s,w,w,p,w,o,p,k,n,g,False,False,True,False,False,l__k,l__t,0,0,0.0013080016916783466
k,s,n,f,f,f,c,n,b,t,,k,k,p,w,p,w,o,e,w,v,l,False,True,False,True,True,f__w,f__f,1,1,0.9999857215731397
k,s,p,t,n,f,c,b,e,e,,s,s,w,e,p,w,t,e,w,c,w,True,False,True,False,True,n__w,n__t,0,0,0.006306234401461981
x,f,g,f,n,f,w,b,h,t,e,s,f,w,w,p,w,o,e,n,a,g,True,False,False,False,False,n__n,n__f,0,0,5.207399933722247e-06
x,f,w,f,n,f,w,b,p,e,,s,s,w,w,p,w,t,p,w,s,g,True,False,False,False,True,n__w,n__f,0,0,0.00016032987294315154
x,y,n,t,p,f,c,n,k,e,e,s,s,w,w,p,w,o,p,n,s,u,False,True,True,True,False,p__n,p__t,1,1,0.9945735794334681
k,y,e,f,y,f,c,n,b,t,,s,s,p,w,p,w,o,e,w,v,d,False,True,False,True,True,y__w,y__f,1,1,0.9985189562153458
k,y,e,f,f,f,c,n,b,t,,s,s,p,p,p,w,o,e,w,v,p,False,True,False,True,True,f__w,f__f,1,1,0.9993605322917845
k,s,n,f,f,f,c,n,b,t,,s,k,p,p,p,w,o,e,w,v,d,False,True,False,True,True,f__w,f__f,1,1,0.9997306645483849
f,s,n,f,n,a,c,b,o,e,,s,s,o,o,p,o,o,p,b,c,l,True,False,False,False,True,n__b,n__f,0,0,0.0011962700823604725
k,s,n,t,n,f,c,b,w,e,,s,s,w,w,p,w,t,e,w,c,w,True,False,True,False,True,n__w,n__t,0,0,0.00689690452228728
x,f,g,f,n,f,w,b,w,e,,s,s,w,w,p,w,t,p,w,s,g,True,False,False,False,True,n__w,n__f,0,0,0.00011951890705510216
f,f,e,t,n,f,c,b,n,t,b,s,s,g,p,p,w,o,p,k,v,d,True,False,True,False,False,n__k,n__t,0,0,0.0006798047023340889
f,y,g,f,f,f,c,b,p,e,b,k,k,p,b,p,w,o,l,h,y,d,False,True,False,False,False,f__h,f__f,1,1,0.999583352750935
f,y,g,t,n,f,c,b,p,t,b,s,s,w,w,p,w,o,p,k,v,d,True,False,True,False,False,n__k,n__t,0,0,0.002029800847477834
f,y,w,t,p,f,c,n,k,e,e,s,s,w,w,p,w,o,p,n,v,u,False,True,True,True,False,p__n,p__t,1,1,0.9991715164005226
f,y,e,t,n,f,c,b,p,t,b,s,s,p,p,p,w,o,p,k,v,d,True,False,True,False,False,n__k,n__t,0,0,0.0017471208123056685
f,f,e,t,n,f,c,b,w,t,b,s,s,w,p,p,w,o,p,k,y,d,True,False,True,False,False,n__k,n__t,0,0,0.0005137407881839728
f,s,w,f,n,f,w,b,p,t,e,s,f,w,w,p,w,o,e,n,s,g,True,False,False,False,False,n__n,n__f,0,0,1.8379287824039496e-05
f,f,w,f,n,f,w,b,n,t,e,f,f,w,w,p,w,o,e,n,a,g,True,False,False,False,False,n__n,n__f,0,0,1.4896408534858604e-05
k,s,n,f,f,f,c,n,b,t,,k,s,p,w,p,w,o,e,w,v,l,False,True,False,True,True,f__w,f__f,1,1,0.9999705068691149
x,y,g,f,f,f,c,b,h,e,b,k,k,b,n,p,w,o,l,h,v,d,False,True,False,False,False,f__h,f__f,1,1,0.999849137578175
f,y,y,f,f,f,c,b,h,e,b,k,k,n,p,p,w,o,l,h,v,p,False,True,False,False,False,f__h,f__f,1,1,0.9999135770984604
x,f,g,f,c,f,c,n,g,e,b,s,s,w,w,p,w,o,p,n,v,d,False,True,False,True,False,c__n,c__f,1,1,0.9990481949371471
k,s,e,f,y,f,c,n,b,t,,s,k,w,p,p,w,o,e,w,v,p,False,True,False,True,True,y__w,y__f,1,1,0.9993168655273081
f,f,y,f,f,f,c,b,p,e,b,k,k,n,n,p,w,o,l,h,v,p,False,True,False,False,False,f__h,f__f,1,1,0.9997298787897565
f,y,e,t,n,f,c,b,n,t,b,s,s,g,g,p,w,o,p,n,y,d,True,False,True,False,False,n__n,n__t,0,0,0.0002052412313059793
x,s,e,t,n,f,c,b,w,e,,s,s,e,e,p,w,t,e,w,c,w,True,False,True,False,True,n__w,n__t,0,0,0.0027289205994489494
s,f,g,f,n,f,c,n,g,e,e,s,s,w,w,p,w,o,p,n,v,u,True,False,False,True,False,n__n,n__f,0,0,0.01655107873449622
k,s,e,f,s,f,c,n,b,t,,k,s,w,w,p,w,o,e,w,v,p,False,True,False,True,True,s__w,s__f,1,1,0.999886163971281
x,s,e,f,y,f,c,n,b,t,,k,k,p,w,p,w,o,e,w,v,l,False,True,False,True,True,y__w,y__f,1,1,0.9999624308637544
x,y,y,t,a,f,c,b,n,e,r,s,y,w,w,p,w,o,p,n,s,g,False,False,True,False,False,a__n,a__t,0,0,0.0035285059553754198
x,y,n,t,a,f,c,b,w,e,r,s,y,w,w,p,w,o,p,k,y,p,False,False,True,False,False,a__k,a__t,0,0,0.001027467434221263
x,s,n,f,s,f,c,n,b,t,,s,k,p,w,p,w,o,e,w,v,p,False,True,False,True,True,s__w,s__f,1,1,0.9989610203473993
x,y,e,t,n,f,c,b,n,t,b,s,s,g,w,p,w,o,p,n,v,d,True,False,True,False,False,n__n,n__t,0,0,0.0006364688977727173
x,s,n,f,n,f,w,b,k,t,e,s,f,w,w,p,w,o,e,k,a,g,True,False,False,False,False,n__k,n__f,0,0,6.121635567709808e-06
x,f,n,t,n,f,c,b,n,t,b,s,s,g,p,p,w,o,p,k,v,d,True,False,True,False,False,n__k,n__t,0,0,0.00039897470709563055
f,f,y,f,f,f,c,b,h,e,b,k,k,p,b,p,w,o,l,h,v,p,False,True,False,False,False,f__h,f__f,1,1,0.9998831619249204
k,y,e,f,y,f,c,n,b,t,,s,s,w,p,p,w,o,e,w,v,p,False,True,False,True,True,y__w,y__f,1,1,0.9984531836296274
x,f,g,f,f,f,c,b,p,e,b,k,k,b,b,p,w,o,l,h,v,p,False,True,False,False,False,f__h,f__f,1,1,0.9996687289516586
b,s,n,f,n,a,c,b,n,e,,s,s,o,o,p,n,o,p,y,v,l,True,False,False,False,True,n__y,n__f,0,0,0.0011783882370168862
x,y,n,t,n,f,c,b,u,t,b,s,s,g,g,p,w,o,p,k,v,d,True,False,True,False,False,n__k,n__t,0,0,0.0006072411069509952
f,y,e,f,y,f,c,n,b,t,,s,k,p,w,p,w,o,e,w,v,d,False,True,False,True,True,y__w,y__f,1,1,0.999445426729507
k,y,n,f,f,f,c,n,b,t,,k,k,w,w,p,w,o,e,w,v,p,False,True,False,True,True,f__w,f__f,1,1,0.9999737102829072
x,f,g,f,n,f,w,b,g,e,,s,s,w,w,p,w,t,p,w,n,g,True,False,False,False,True,n__w,n__f,0,0,8.220347041350477e-05
x,f,g,f,n,f,w,b,n,t,e,f,f,w,w,p,w,o,e,n,s,g,True,False,False,False,False,n__n,n__f,0,0,5.240359478864138e-06
x,y,g,t,n,f,c,b,w,t,b,s,s,p,p,p,w,o,p,n,v,d,True,False,True,False,False,n__n,n__t,0,0,0.001714065795205411
f,f,e,t,n,f,c,b,p,t,b,s,s,w,g,p,w,o,p,n,y,d,True,False,True,False,False,n__n,n__t,0,0,0.00022738109509217217
x,f,g,f,n,f,w,b,w,e,,k,s,w,w,p,w,t,p,w,s,g,True,False,False,False,True,n__w,n__f,0,0,0.001528180783087961
f,y,n,t,n,f,c,b,u,t,b,s,s,p,g,p,w,o,p,k,v,d,True,False,True,False,False,n__k,n__t,0,0,0.001211082994709719
x,y,y,f,f,f,c,b,p,e,b,k,k,b,n,p,w,o,l,h,y,d,False,True,False,False,False,f__h,f__f,1,1,0.9993892305811719
f,y,g,t,n,f,c,b,w,e,b,s,s,w,w,p,w,t,p,w,y,p,True,False,True,False,False,n__w,n__t,0,0,0.009412517544364632
f,f,e,t,n,f,c,b,w,t,b,s,s,w,w,p,w,o,p,n,v,d,True,False,True,False,False,n__n,n__t,0,0,0.0015381110593147625
x,y,n,t,n,f,c,b,p,t,b,s,s,g,p,p,w,o,p,n,y,d,True,False,True,False,False,n__n,n__t,0,0,0.00018955766886146508
f,y,n,f,f,f,c,n,b,t,,s,s,p,p,p,w,o,e,w,v,d,False,True,False,True,True,f__w,f__f,1,1,0.9995284267987391
f,y,y,f,f,f,c,b,h,e,b,k,k,b,p,p,w,o,l,h,v,g,False,True,False,False,False,f__h,f__f,1,1,0.9999690611753109
x,s,n,f,f,f,c,n,b,t,,s,k,p,p,p,w,o,e,w,v,p,False,True,False,True,True,f__w,f__f,1,1,0.9996282738578742
x,y,g,f,f,f,c,b,g,e,b,k,k,p,n,p,w,o,l,h,y,d,False,True,False,False,False,f__h,f__f,1,1,0.9995225833350939
f,f,n,f,n,f,w,b,h,t,e,f,f,w,w,p,w,o,e,n,s,g,True,False,False,False,False,n__n,n__f,0,0,1.0749705614702462e-05
x,s,w,f,n,f,w,b,w,e,,s,k,w,w,p,w,t,p,w,s,g,True,False,False,False,True,n__w,n__f,0,0,0.0008730953125274971
x,y,n,t,p,f,c,n,n,e,e,s,s,w,w,p,w,o,p,k,v,u,False,True,True,True,False,p__k,p__t,1,1,0.9964237447807229
x,f,n,f,n,f,w,b,k,t,e,f,s,w,w,p,w,o,e,n,s,g,True,False,False,False,False,n__n,n__f,0,0,7.25878048237441e-06
k,y,c,f,m,f,c,b,w,e,c,k,y,c,c,p,w,n,n,w,c,d,False,True,False,False,False,m__w,m__f,1,1,0.9975429980665517
f,y,n,t,p,f,c,n,n,e,e,s,s,w,w,p,w,o,p,n,v,u,False,True,True,True,False,p__n,p__t,1,1,0.997244299146136
f,f,n,t,n,f,c,b,n,t,b,s,s,w,p,p,w,o,p,n,y,d,True,False,True,False,False,n__n,n__t,0,0,0.0002243275951482587
f,s,n,f,s,f,c,n,b,t,,k,k,w,w,p,w,o,e,w,v,p,False,True,False,True,True,s__w,s__f,1,1,0.9999504052438674
x,f,g,t,n,f,c,b,w,t,b,s,s,g,p,p,w,o,p,n,v,d,True,False,True,False,False,n__n,n__t,0,0,0.0007805711297939799
x,f,g,f,f,f,c,b,p,e,b,k,k,p,b,p,w,o,l,h,y,p,False,True,False,False,False,f__h,f__f,1,1,0.9988012353762993
f,y,n,t,n,f,c,b,w,e,b,s,s,w,w,p,w,t,p,w,v,p,True,False,True,False,False,n__w,n__t,0,0,0.0258434381879583
f,y,e,f,s,f,c,n,b,t,,k,s,w,w,p,w,o,e,w,v,p,False,True,False,True,True,s__w,s__f,1,1,0.9999034874935266
f,s,n,f,n,a,c,b,y,e,,s,s,o,o,p,o,o,p,b,c,l,True,False,False,False,True,n__b,n__f,0,0,0.0015550858669177725
b,s,w,t,a,f,c,b,w,e,c,s,s,w,w,p,w,o,p,k,n,g,False,False,True,False,False,a__k,a__t,0,0,0.0026576895408957947
x,y,n,t,n,f,c,b,n,t,b,s,s,p,g,p,w,o,p,n,y,d,True,False,True,False,False,n__n,n__t,0,0,0.00016420102505548137
f,y,n,t,n,f,c,b,w,t,b,s,s,g,g,p,w,o,p,k,y,d,True,False,True,False,False,n__k,n__t,0,0,0.0003466654390235369
f,s,e,f,s,f,c,n,b,t,,s,k,p,w,p,w,o,e,w,v,p,False,True,False,True,True,s__w,s__f,1,1,0.9993901363756783
x,f,y,f,f,f,c,b,g,e,b,k,k,p,n,p,w,o,l,h,y,p,False,True,False,False,False,f__h,f__f,1,1,0.9992866083144916
f,y,g,t,n,f,c,b,u,t,b,s,s,g,w,p,w,o,p,n,v,d,True,False,True,False,False,n__n,n__t,0,0,0.0012820885170990073
f,s,w,t,p,f,c,n,p,e,e,s,s,w,w,p,w,o,p,k,s,u,False,True,True,True,False,p__k,p__t,1,1,0.9986575765261441
f,f,n,t,n,f,c,b,n,t,b,s,s,g,g,p,w,o,p,n,v,d,True,False,True,False,False,n__n,n__t,0,0,0.0003854253723235081
x,y,y,f,f,f,c,b,h,e,b,k,k,p,n,p,w,o,l,h,v,g,False,True,False,False,False,f__h,f__f,1,1,0.9999403465760162
k,y,e,f,f,f,c,n,b,t,,s,k,p,w,p,w,o,e,w,v,l,False,True,False,True,True,f__w,f__f,1,1,0.9998277801328712
k,y,e,f,f,f,c,n,b,t,,k,k,p,w,p,w,o,e,w,v,l,False,True,False,True,True,f__w,f__f,1,1,0.9999865475369332
x,y,n,f,y,f,c,n,b,t,,s,k,p,p,p,w,o,e,w,v,l,False,True,False,True,True,y__w,y__f,1,1,0.9994117596944578
f,s,n,t,p,f,c,n,n,e,e,s,s,w,w,p,w,o,p,n,s,g,False,True,True,True,False,p__n,p__t,1,1,0.9968529656284763
k,y,n,f,s,f,c,n,b,t,,k,s,w,w,p,w,o,e,w,v,d,False,True,False,True,True,s__w,s__f,1,1,0.9998808317619822
f,y,g,f,f,f,c,b,h,e,b,k,k,n,b,p,w,o,l,h,y,g,False,True,False,False,False,f__h,f__f,1,1,0.9998423635254979
x,f,n,t,n,f,c,b,p,t,b,s,s,w,g,p,w,o,p,k,v,d,True,False,True,False,False,n__k,n__t,0,0,0.0005297924099413885
f,s,n,t,p,f,c,n,p,e,e,s,s,w,w,p,w,o,p,k,v,g,False,True,True,True,False,p__k,p__t,1,1,0.9986564449139447
x,s,n,f,n,f,w,b,n,t,e,f,s,w,w,p,w,o,e,k,a,g,True,False,False,False,False,n__k,n__f,0,0,1.0644907854386035e-05
f,y,n,t,n,f,c,b,w,t,b,s,s,g,w,p,w,o,p,n,v,d,True,False,True,False,False,n__n,n__t,0,0,0.0013957009095435127
x,s,n,t,n,f,c,b,e,e,,s,s,e,w,p,w,t,e,w,c,w,True,False,True,False,True,n__w,n__t,0,0,0.0022378158502311275
x,f,w,f,n,f,w,b,n,t,e,s,f,w,w,p,w,o,e,n,a,g,True,False,False,False,False,n__n,n__f,0,0,5.887481404747495e-06
f,y,y,f,f,f,c,b,p,e,b,k,k,p,n,p,w,o,l,h,y,d,False,True,False,False,False,f__h,f__f,1,1,0.9995712517243758
k,y,e,f,y,f,c,n,b,t,,s,k,w,p,p,w,o,e,w,v,d,False,True,False,True,True,y__w,y__f,1,1,0.9993858429820148
k,y,n,f,f,f,c,n,b,t,,s,k,w,p,p,w,o,e,w,v,d,False,True,False,True,True,f__w,f__f,1,1,0.9997359252229155
f,s,w,f,n,f,w,b,p,t,e,f,s,w,w,p,w,o,e,n,s,g,True,False,False,False,False,n__n,n__f,0,0,4.2145550413444054e-05
f,f,g,t,n,f,c,b,w,t,b,s,s,g,w,p,w,o,p,n,y,d,True,False,True,False,False,n__n,n__t,0,0,0.0003104479864859329
f,s,p,t,n,f,c,b,w,e,b,s,s,w,w,p,w,t,p,r,v,m,True,False,True,False,False,n__r,n__t,1,1,0.949983684510178
x,f,e,t,n,f,c,b,w,t,b,s,s,g,g,p,w,o,p,n,y,d,True,False,True,False,False,n__n,n__t,0,0,0.0001519022703958279
k,y,n,f,s,f,c,n,b,t,,s,k,w,p,p,w,o,e,w,v,d,False,True,False,True,True,s__w,s__f,1,1,0.9992929990597738
f,y,e,t,n,f,c,b,u,t,b,s,s,p,w,p,w,o,p,n,v,d,True,False,True,False,False,n__n,n__t,0,0,0.00161145043649044
x,s,g,f,n,f,w,b,w,e,,k,s,w,w,p,w,t,p,w,n,g,True,False,False,False,True,n__w,n__f,0,0,0.001602630779400172
f,f,n,t,n,f,c,b,p,t,b,s,s,g,p,p,w,o,p,n,y,d,True,False,True,False,False,n__n,n__t,0,0,0.0001721088660117127
f,f,n,f,n,f,w,b,k,t,e,s,s,w,w,p,w,o,e,n,s,g,True,False,False,False,False,n__n,n__f,0,0,6.14539995322668e-06
f,s,n,f,s,f,c,n,b,t,,k,k,w,p,p,w,o,e,w,v,p,False,True,False,True,True,s__w,s__f,1,1,0.9999525049589494
f,f,g,f,n,f,w,b,h,t,e,f,s,w,w,p,w,o,e,k,a,g,True,False,False,False,False,n__k,n__f,0,0,1.969028905737953e-05
x,y,y,f,f,f,c,b,g,e,b,k,k,n,b,p,w,o,l,h,v,p,False,True,False,False,False,f__h,f__f,1,1,0.9998953261067622
b,s,y,t,a,f,c,b,g,e,c,s,s,w,w,p,w,o,p,n,n,m,False,False,True,False,False,a__n,a__t,0,0,0.0017679283430563
x,y,g,t,n,f,c,b,n,t,b,s,s,p,p,p,w,o,p,n,y,d,True,False,True,False,False,n__n,n__t,0,0,0.00027882185666837855
f,s,e,f,f,f,c,n,b,t,,s,k,p,p,p,w,o,e,w,v,d,False,True,False,True,True,f__w,f__f,1,1,0.9998212572614178
f,s,b,t,f,f,c,b,p,t,b,f,s,w,w,p,w,o,p,h,v,u,False,True,True,False,False,f__h,f__t,1,1,0.9985785299690894
x,y,n,t,a,f,c,b,p,e,r,s,y,w,w,p,w,o,p,k,s,g,False,False,True,False,False,a__k,a__t,0,0,0.0032809695093977687
x,y,e,t,n,f,c,b,u,t,b,s,s,g,p,p,w,o,p,k,v,d,True,False,True,False,False,n__k,n__t,0,0,0.0009506061105928195
x,y,n,t,n,f,c,b,u,t,b,s,s,w,w,p,w,o,p,n,y,d,True,False,True,False,False,n__n,n__t,0,0,0.00030046601881089625
f,f,g,t,n,f,c,b,u,t,b,s,s,p,w,p,w,o,p,n,v,d,True,False,True,False,False,n__n,n__t,0,0,0.0010846545513507077
k,s,n,f,s,f,c,n,b,t,,s,s,p,w,p,w,o,e,w,v,l,False,True,False,True,True,s__w,s__f,1,1,0.99898951344495
f,f,g,t,n,f,c,b,w,t,b,s,s,w,p,p,w,o,p,n,v,d,True,False,True,False,False,n__n,n__t,0,0,0.0017414047674034726
x,f,e,t,n,f,c,b,n,t,b,s,s,w,w,p,w,o,p,n,y,d,True,False,True,False,False,n__n,n__t,0,0,0.00017093711598688198
f,s,n,f,n,f,w,b,p,t,e,s,s,w,w,p,w,o,e,k,s,g,True,False,False,False,False,n__k,n__f,0,0,1.0868854790204036e-05
f,s,g,t,f,f,c,b,p,t,b,s,s,w,w,p,w,o,p,h,s,g,False,True,True,False,False,f__h,f__t,1,1,0.9940633332047801
