cap-shape,cap-surface,cap-color,bruises,odor,gill-attachment,gill-spacing,gill-size,gill-color,stalk-shape,stalk-root,stalk-surface-above-ring,stalk-surface-below-ring,stalk-color-above-ring,stalk-color-below-ring,veil-type,veil-color,ring-number,ring-type,spore-print-color,population,habitat,actual,predicted,predicted_proba_poisonous
f,y,e,f,y,f,c,n,b,t,,s,s,p,p,p,w,o,e,w,v,d,1,1,0.9971419421422866
x,f,y,f,f,f,c,b,g,e,b,k,k,n,n,p,w,o,l,h,y,d,1,1,0.9943319190503729
x,s,w,f,n,f,w,b,w,e,,k,k,w,w,p,w,t,p,w,s,g,0,0,0.053633659686990784
x,s,e,f,f,f,c,n,b,t,,s,s,w,w,p,w,o,e,w,v,d,1,1,0.9995051400529208
f,y,n,f,n,f,w,n,w,e,b,s,f,w,n,p,w,o,e,w,v,l,0,0,0.033258856829114815
x,s,g,f,c,f,c,n,g,e,b,s,s,w,w,p,w,o,p,n,s,d,1,1,0.9971569491679375
x,y,g,f,f,f,c,b,g,e,b,k,k,b,b,p,w,o,l,h,y,d,1,1,0.999226041529158
k,y,n,f,s,f,c,n,b,t,,s,s,w,p,p,w,o,e,w,v,d,1,1,0.9914010970645796
f,f,g,f,f,f,c,b,h,e,b,k,k,n,p,p,w,o,l,h,v,d,1,1,0.9996644824024238
x,f,e,t,n,f,c,b,w,t,b,s,s,g,w,p,w,o,p,k,v,d,0,0,0.0013466902706008297
x,y,c,f,m,a,c,b,w,e,c,k,y,c,c,p,w,n,n,w,c,d,1,1,0.9569199933336281
x,f,y,f,f,f,c,b,h,e,b,k,k,b,n,p,w,o,l,h,v,p,1,1,0.9992115336473191
x,f,n,t,n,f,c,b,n,t,b,s,s,w,g,p,w,o,p,k,v,d,0,0,0.0005421671919171874
x,s,w,f,n,f,w,b,p,t,e,s,s,w,w,p,w,o,e,k,a,g,0,0,8.005480188402463e-05
x,y,e,f,f,f,c,n,b,t,,s,k,p,p,p,w,o,e,w,v,l,1,1,0.999914239117433
x,f,g,f,f,f,c,b,g,e,b,k,k,p,b,p,w,o,l,h,v,d,1,1,0.9996594976772141
f,y,e,t,n,f,c,b,p,t,b,s,s,w,g,p,w,o,p,k,y,d,0,0,0.0004400077892229625
x,y,n,t,p,f,c,n,k,e,e,s,s,w,w,p,w,o,p,k,v,u,1,1,0.9835478861610687
k,s,n,f,n,a,c,b,n,e,,s,s,o,o,p,n,o,p,n,v,l,0,0,0.0006448042926893336
f,f,w,f,n,f,w,b,p,t,e,f,f,w,w,p,w,o,e,k,a,g,0,0,3.3575672181145444e-05
f,y,e,t,n,f,c,b,p,t,b,s,s,g,p,p,w,o,p,n,v,d,0,0,0.002426961918016165
k,y,e,f,s,f,c,n,b,t,,k,k,p,p,p,w,o,e,w,v,p,1,1,0.9997950984881434
b,f,w,f,n,f,w,b,g,e,,k,s,w,w,p,w,t,p,w,n,g,0,0,0.005551670454305123
x,y,n,t,n,f,c,b,w,t,b,s,s,g,w,p,w,o,p,k,v,d,0,0,0.0017206697317052198
x,s,w,t,f,f,c,b,w,t,b,f,s,w,w,p,w,o,p,h,v,u,1,1,0.9963814806856921
f,y,y,f,f,f,c,b,g,e,b,k,k,p,b,p,w,o,l,h,v,d,1,1,0.9997523060343615
x,y,y,t,l,f,c,b,k,e,c,s,s,w,w,p,w,o,p,k,s,m,0,0,0.004788367632857975
x,s,b,t,f,f,c,b,w,t,b,s,s,w,w,p,w,o,p,h,v,u,1,1,0.9955548931778123
x,s,p,t,n,f,c,b,w,e,b,s,s,w,w,p,w,t,p,w,y,p,0,0,0.01726566698130601
x,y,n,f,s,f,c,n,b,t,,k,k,w,p,p,w,o,e,w,v,l,1,1,0.9997953690766727
f,s,w,t,a,f,w,n,p,t,b,s,s,w,w,p,w,o,p,u,v,d,0,0,0.09375206880015663
x,f,n,t,n,f,c,b,w,t,b,s,s,w,g,p,w,o,p,n,y,d,0,0,0.00013426601287723288
x,y,y,t,a,f,c,b,g,e,c,s,s,w,w,p,w,o,p,k,s,m,0,0,0.00802484974108577
x,y,w,t,l,f,c,b,g,e,c,s,s,w,w,p,w,o,p,n,s,g,0,0,0.01041448479624628
x,f,g,f,f,f,c,b,p,e,b,k,k,p,p,p,w,o,l,h,v,g,1,1,0.9997951535559448
b,y,w,t,a,f,c,b,n,e,c,s,s,w,w,p,w,o,p,k,s,m,0,0,0.012450206649600604
f,y,n,f,s,f,c,n,b,t,,k,s,w,p,p,w,o,e,w,v,l,1,1,0.9996735616509682
f,y,p,t,n,f,c,b,w,e,,s,s,w,e,p,w,t,e,w,c,w,0,0,0.01769346565150913
f,y,e,f,f,f,c,n,b,t,,s,s,p,p,p,w,o,e,w,v,p,1,1,0.9997561967279411
f,y,c,f,m,a,c,b,w,e,c,k,y,c,c,p,w,n,n,w,c,d,1,1,0.9619354603565292
f,y,e,f,s,f,c,n,b,t,,k,k,w,p,p,w,o,e,w,v,p,1,1,0.9997816495984903
x,f,g,f,c,f,c,n,n,e,b,s,s,w,w,p,w,o,p,n,v,d,1,1,0.9916062734506671
b,f,g,f,n,f,w,b,w,e,,k,s,w,w,p,w,t,p,w,s,g,0,0,0.01171271498900222
f,f,g,t,n,f,c,b,w,t,b,s,s,g,w,p,w,o,p,n,y,d,0,0,0.0003016309620801998
f,y,g,t,n,f,c,b,u,t,b,s,s,p,g,p,w,o,p,n,y,d,0,0,0.0006516290710035114
f,s,e,f,s,f,c,n,b,t,,k,s,p,w,p,w,o,e,w,v,p,1,1,0.9997217524697721
x,s,g,f,c,f,c,n,p,e,b,s,s,w,w,p,w,o,p,k,s,d,1,1,0.9967182832523097
x,s,e,f,y,f,c,n,b,t,,s,s,w,w,p,w,o,e,w,v,l,1,1,0.9976400118868429
f,y,u,f,n,f,c,n,h,e,,s,f,w,w,p,w,o,f,h,y,d,0,0,0.02224672489174996
k,s,n,f,s,f,c,n,b,t,,k,s,p,w,p,w,o,e,w,v,l,1,1,0.9996836607133688
f,f,n,f,n,f,w,b,k,t,e,f,f,w,w,p,w,o,e,n,a,g,0,0,1.0454877346428418e-05
f,f,n,t,n,f,c,b,n,t,b,s,s,w,w,p,w,o,p,k,y,d,0,0,0.0001936672989624301
k,y,n,f,f,f,c,n,b,t,,s,s,w,w,p,w,o,e,w,v,l,1,1,0.9994700556930741
f,y,e,f,s,f,c,n,b,t,,k,s,w,w,p,w,o,e,w,v,p,1,1,0.9994848392103299
x,f,y,f,f,f,c,b,h,e,b,k,k,p,b,p,w,o,l,h,y,g,1,1,0.9990269562038262
f,f,g,f,f,f,c,b,h,e,b,k,k,n,n,p,w,o,l,h,v,g,1,1,0.9997120236246884
b,s,w,t,a,f,c,b,g,e,c,s,s,w,w,p,w,o,p,n,s,m,0,0,0.02110458594852222
f,f,e,t,n,f,c,b,u,t,b,s,s,w,w,p,w,o,p,n,v,d,0,0,0.0013482063018823702
x,y,n,t,n,f,c,b,p,t,b,s,s,g,g,p,w,o,p,n,y,d,0,0,0.0001729997528570496
f,y,g,f,f,f,c,b,p,e,b,k,k,b,p,p,w,o,l,h,v,g,1,1,0.9999098446731506
f,y,n,f,y,f,c,n,b,t,,k,k,p,p,p,w,o,e,w,v,l,1,1,0.9998795582100419
x,s,w,f,c,f,w,n,g,e,b,s,s,w,w,p,w,o,p,k,s,d,1,1,0.9826164233745475
f,f,w,f,n,f,w,b,p,t,e,f,s,w,w,p,w,o,e,k,s,g,0,0,0.000108386257912157
f,f,n,t,n,f,c,b,n,t,b,s,s,p,w,p,w,o,p,k,v,d,0,0,0.0012923890897123074
f,f,y,f,f,f,c,b,h,e,b,k,k,b,n,p,w,o,l,h,v,g,1,1,0.999654082646354
x,y,n,t,l,f,c,b,n,e,r,s,y,w,w,p,w,o,p,n,s,g,0,0,0.009415791846807749
f,y,y,f,f,f,c,b,p,e,b,k,k,b,n,p,w,o,l,h,v,p,1,1,0.9994331706875668
x,y,n,f,f,f,c,n,b,t,,k,s,p,w,p,w,o,e,w,v,l,1,1,0.9999676713915718
x,f,g,f,c,f,c,n,g,e,b,s,s,w,w,p,w,o,p,n,v,d,1,1,0.9951113741698584
k,y,e,f,f,f,c,n,b,t,,k,k,p,p,p,w,o,e,w,v,p,1,1,0.9999798248969579
x,y,e,t,n,f,c,b,n,t,b,s,s,p,w,p,w,o,p,k,y,d,0,0,0.0006893170238859017
x,s,n,t,p,f,c,n,n,e,e,s,s,w,w,p,w,o,p,n,v,u,1,1,0.9822324404458248
x,y,n,t,n,f,c,b,p,t,b,s,s,g,p,p,w,o,p,n,v,d,0,0,0.0014545835066330547
x,y,n,t,n,f,c,b,p,t,b,s,s,g,p,p,w,o,p,n,y,d,0,0,0.0003206153217610036
f,y,u,f,n,f,c,n,h,e,,s,f,w,w,p,w,o,f,h,v,d,0,0,0.09366412402724238
f,f,w,f,n,f,w,b,n,t,e,f,s,w,w,p,w,o,e,n,a,g,0,0,5.208012871368926e-05
x,y,n,f,f,f,c,n,b,t,,s,k,p,w,p,w,o,e,w,v,p,1,1,0.9997083464258308
x,f,g,t,n,f,c,b,p,t,b,s,s,p,g,p,w,o,p,k,y,d,0,0,0.0003435816937130416
b,s,w,f,n,f,w,b,g,e,,s,s,w,w,p,w,t,p,w,n,g,0,0,0.0014328976876810846
f,f,g,f,n,f,w,b,h,t,e,s,s,w,w,p,w,o,e,k,s,g,0,0,5.9415022854877915e-05
k,f,w,f,n,f,w,b,p,e,,k,k,w,w,p,w,t,p,w,s,g,0,0,0.016043750236351864
x,y,e,t,n,f,c,b,n,t,b,s,s,w,p,p,w,o,p,k,v,d,0,0,0.0027618931587925443
x,y,e,t,n,f,c,b,n,t,b,s,s,g,w,p,w,o,p,k,y,d,0,0,0.0003904117509275013
f,y,w,t,n,f,c,b,g,e,b,s,s,w,w,p,w,t,p,r,v,g,1,1,0.8698910588079427
x,y,y,f,f,f,c,b,p,e,b,k,k,p,p,p,w,o,l,h,y,g,1,1,0.9992304959719495
k,y,n,f,s,f,c,n,b,t,,k,k,w,p,p,w,o,e,w,v,p,1,1,0.9995576855064678
x,y,b,t,n,f,c,b,e,e,,s,s,e,w,p,w,t,e,w,c,w,0,0,0.012210112679755917
f,s,n,f,y,f,c,n,b,t,,k,k,w,w,p,w,o,e,w,v,l,1,1,0.9998170722822284
x,f,g,t,n,f,c,b,n,t,b,s,s,g,g,p,w,o,p,k,v,d,0,0,0.0007509414545631411
b,s,y,t,a,f,c,b,w,e,c,s,s,w,w,p,w,o,p,k,s,m,0,0,0.01039084197335143
k,y,e,t,n,f,c,b,w,e,,s,s,w,e,p,w,t,e,w,c,w,0,0,0.005290419859007227
f,y,g,f,f,f,c,b,p,e,b,k,k,b,p,p,w,o,l,h,v,p,1,1,0.999819311836632
x,y,g,t,n,f,c,b,n,t,b,s,s,p,p,p,w,o,p,n,y,d,0,0,0.0008004899897322444
x,s,n,f,f,f,c,n,b,t,,s,k,w,p,p,w,o,e,w,v,l,1,1,0.9998529366137499
f,y,e,t,n,f,c,b,p,t,b,s,s,w,g,p,w,o,p,n,v,d,0,0,0.0015735849810193138
x,y,e,f,s,f,c,n,b,t,,s,k,w,w,p,w,o,e,w,v,d,1,1,0.996523570902534
x,f,g,f,c,f,c,n,u,e,b,s,s,w,w,p,w,o,p,k,v,d,1,1,0.9949932747623885
x,s,n,f,f,f,c,n,b,t,,s,s,p,p,p,w,o,e,w,v,d,1,1,0.999620092796643
f,y,n,t,n,f,c,b,u,t,b,s,s,w,g,p,w,o,p,k,y,d,0,0,0.0003379650731740294
f,f,g,f,n,f,w,b,h,t,e,f,f,w,w,p,w,o,e,k,a,g,0,0,3.7095862199688296e-05
k,f,c,f,n,f,w,n,w,e,b,s,s,w,n,p,w,o,e,w,v,l,0,0,0.024822355861522344
f,f,n,t,n,f,c,b,w,t,b,s,s,g,p,p,w,o,p,k,v,d,0,0,0.0013569887272008787
f,f,g,f,n,f,w,b,n,t,e,s,s,w,w,p,w,o,e,k,a,g,0,0,2.3604627513157233e-05
x,y,e,f,f,f,c,n,b,t,,s,s,p,w,p,w,o,e,w,v,p,1,1,0.9996394016595022
f,f,g,f,f,f,c,b,h,e,b,k,k,n,b,p,w,o,l,h,y,p,1,1,0.9986598996743036
s,f,g,f,n,f,c,n,n,e,e,s,s,w,w,p,w,o,p,k,v,u,0,0,0.035545797369075684
f,f,y,f,f,f,c,b,p,e,b,k,k,b,b,p,w,o,l,h,v,d,1,1,0.9993606408150926
b,s,w,t,n,f,c,b,r,e,b,s,s,w,w,p,w,t,p,r,v,g,1,1,0.9513206593749008
k,s,n,f,s,f,c,n,b,t,,k,k,w,p,p,w,o,e,w,v,d,1,1,0.9995872436950228
x,y,g,t,n,f,c,b,u,t,b,s,s,p,g,p,w,o,p,k,y,d,0,0,0.0007265526040165648
f,y,n,f,f,f,c,n,b,t,,k,s,w,w,p,w,o,e,w,v,p,1,1,0.9999255188211272
f,y,e,f,s,f,c,n,b,t,,s,k,w,w,p,w,o,e,w,v,p,1,1,0.9973968965823993
f,y,y,f,f,f,c,b,g,e,b,k,k,n,p,p,w,o,l,h,v,p,1,1,0.9997524758274009
k,s,e,f,y,f,c,n,b,t,,s,k,w,p,p,w,o,e,w,v,l,1,1,0.9987854442436149
x,s,w,t,a,f,w,n,n,t,b,s,s,w,w,p,w,o,p,n,v,d,0,0,0.057917784681489025
f,y,e,t,n,f,c,b,p,t,b,s,s,w,g,p,w,o,p,n,y,d,0,0,0.0003468775287877155
x,y,n,t,n,f,c,b,u,t,b,s,s,p,w,p,w,o,p,k,v,d,0,0,0.0028221088198250666
f,f,e,t,n,f,c,b,n,t,b,s,s,g,p,p,w,o,p,k,v,d,0,0,0.0013965399589875285
f,f,e,t,n,f,c,b,w,t,b,s,s,w,p,p,w,o,p,k,y,d,0,0,0.0005270725995783885
f,f,e,t,n,f,c,b,p,t,b,s,s,g,p,p,w,o,p,n,y,d,0,0,0.00028538595785905225
b,s,w,t,a,f,c,b,g,e,c,s,s,w,w,p,w,o,p,k,n,g,0,0,0.006118217614643596
b,s,n,f,n,a,c,b,n,e,,s,s,o,o,p,o,o,p,y,v,l,0,0,0.003468744988393878
x,f,w,f,c,f,w,n,n,e,b,s,s,w,w,p,w,o,p,k,v,d,1,1,0.9500979982388998
k,y,n,f,s,f,c,n,b,t,,k,k,w,p,p,w,o,e,w,v,d,1,1,0.9994803696833128
k,s,n,f,n,a,c,b,y,e,,s,s,o,o,p,n,o,p,o,v,l,0,0,0.005101005861336571
b,s,w,t,l,f,c,b,n,e,c,s,s,w,w,p,w,o,p,n,n,m,0,0,0.003343458792504866
x,f,g,f,n,f,w,b,h,t,e,f,f,w,w,p,w,o,e,n,s,g,0,0,3.585168844149161e-05
k,y,e,f,s,f,c,n,b,t,,k,k,w,w,p,w,o,e,w,v,p,1,1,0.9996082214659767
f,s,w,f,n,f,w,b,n,t,e,s,f,w,w,p,w,o,e,k,a,g,0,0,3.345928397432566e-05
x,y,g,t,n,f,c,b,n,t,b,s,s,g,w,p,w,o,p,k,y,d,0,0,0.00044238534556178345
f,f,e,t,n,f,c,b,u,t,b,s,s,g,p,p,w,o,p,n,y,d,0,0,0.0003217405986787135
x,y,e,t,n,f,c,b,u,t,b,s,s,w,g,p,w,o,p,n,v,d,0,0,0.0015594086566956904
k,y,b,t,n,f,c,b,e,e,,s,s,e,w,p,w,t,e,w,c,w,0,0,0.010086150523378714
f,y,n,f,y,f,c,n,b,t,,s,k,w,p,p,w,o,e,w,v,p,1,1,0.9971063935282655
f,y,e,t,n,f,c,b,p,t,b,s,s,w,p,p,w,o,p,n,v,d,0,0,0.002912796850987808
f,y,e,f,y,f,c,n,b,t,,k,s,w,w,p,w,o,e,w,v,l,1,1,0.9997152466396596
f,f,w,f,n,f,w,b,h,t,e,s,s,w,w,p,w,o,e,n,s,g,0,0,6.503985795013324e-05
b,s,y,t,a,f,c,b,w,e,c,s,s,w,w,p,w,o,p,k,n,g,0,0,0.0023576909740495033
f,s,n,f,y,f,c,n,b,t,,k,s,w,p,p,w,o,e,w,v,p,1,1,0.9995450158140197
x,y,n,t,p,f,c,n,k,e,e,s,s,w,w,p,w,o,p,k,v,g,1,1,0.9861576307426617
x,f,g,t,n,f,c,b,n,t,b,s,s,p,w,p,w,o,p,k,y,d,0,0,0.0004164123711132568
f,f,y,f,f,f,c,b,p,e,b,k,k,b,b,p,w,o,l,h,y,d,1,1,0.9971025909521962
x,f,e,t,n,f,c,b,w,t,b,s,s,w,w,p,w,o,p,n,y,d,0,0,0.00028094272015907794
f,f,y,f,f,f,c,b,h,e,b,k,k,b,p,p,w,o,l,h,y,g,1,1,0.9992229716369758
f,y,g,f,f,f,c,b,g,e,b,k,k,b,b,p,w,o,l,h,y,d,1,1,0.9993196492707593
f,f,n,t,n,f,c,b,w,t,b,s,s,g,w,p,w,o,p,n,y,d,0,0,0.00018134509045683478
f,y,g,t,n,f,c,b,n,t,b,s,s,g,w,p,w,o,p,k,y,d,0,0,0.0005032685187196442
f,y,n,t,n,f,c,b,u,t,b,s,s,g,p,p,w,o,p,k,v,d,0,0,0.002364731492536592
f,f,w,f,n,f,w,b,p,t,e,f,s,w,w,p,w,o,e,n,a,g,0,0,6.125425800101266e-05
f,y,y,t,a,f,c,b,w,e,r,s,y,w,w,p,w,o,p,k,s,p,0,0,0.010835156224007611
f,f,g,f,f,f,c,b,h,e,b,k,k,b,b,p,w,o,l,h,y,d,1,1,0.9987817597251486
x,y,y,t,l,f,c,b,n,e,r,s,y,w,w,p,w,o,p,n,s,p,0,0,0.005054921040788072
x,y,y,f,f,f,c,b,p,e,b,k,k,n,n,p,w,o,l,h,v,d,1,1,0.9990210740587998
k,s,e,f,s,f,c,n,b,t,,s,k,p,p,p,w,o,e,w,v,l,1,1,0.9991612132891393
f,s,e,f,y,f,c,n,b,t,,k,s,w,w,p,w,o,e,w,v,l,1,1,0.9997738236962211
x,f,p,f,c,f,w,n,n,e,b,s,s,w,w,p,w,o,p,k,s,d,1,1,0.9558531528848059
x,y,y,f,f,f,c,b,g,e,b,k,k,b,n,p,w,o,l,h,v,g,1,1,0.9997803057215899
x,s,w,f,c,f,w,n,u,e,b,s,s,w,w,p,w,o,p,n,s,d,1,1,0.971663967567207
x,f,y,f,f,f,c,b,g,e,b,k,k,n,b,p,w,o,l,h,y,g,1,1,0.9987628984632626
x,f,g,f,f,f,c,b,h,e,b,k,k,b,n,p,w,o,l,h,y,p,1,1,0.9976970907908642
x,s,p,f,c,f,c,n,g,e,b,s,s,w,w,p,w,o,p,k,v,d,1,1,0.999243548420207
x,f,n,t,n,f,c,b,w,t,b,s,s,p,w,p,w,o,p,n,y,d,0,0,0.00028148990226848156
f,y,g,t,n,f,c,b,u,t,b,s,s,g,w,p,w,o,p,k,v,d,0,0,0.0030234855103267954
b,s,n,f,n,a,c,b,o,e,,s,s,o,o,p,n,o,p,y,v,l,0,0,0.00487122098203702
k,s,n,f,s,f,c,n,b,t,,s,k,p,p,p,w,o,e,w,v,l,1,1,0.9987691559430502
f,y,n,f,s,f,c,n,b,t,,s,s,p,p,p,w,o,e,w,v,p,1,1,0.9963767310315336
f,y,g,t,n,f,c,b,w,t,b,s,s,p,p,p,w,o,p,n,v,d,0,0,0.0058701231714489216
f,y,n,f,y,f,c,n,b,t,,k,s,p,w,p,w,o,e,w,v,d,1,1,0.9994051302843956
x,s,w,f,n,f,w,b,k,t,e,f,f,w,w,p,w,o,e,n,a,g,0,0,5.0149961626913444e-05
x,s,n,f,s,f,c,n,b,t,,k,s,p,w,p,w,o,e,w,v,p,1,1,0.9995353801392386
f,f,e,t,n,f,c,b,n,t,b,s,s,w,p,p,w,o,p,k,v,d,0,0,0.0016764492520569003
f,y,n,t,n,f,c,b,u,t,b,s,s,p,g,p,w,o,p,n,y,d,0,0,0.00039182394508846687
f,f,g,t,n,f,c,b,w,t,b,s,s,p,g,p,w,o,p,k,v,d,0,0,0.0021492010446817413
x,y,w,f,n,f,c,n,w,e,,s,f,w,w,p,w,o,f,h,y,d,0,0,0.03446571236257397
x,f,y,t,a,f,w,n,w,t,b,s,s,w,w,p,w,o,p,u,v,d,0,0,0.02118848332865121
f,y,g,f,f,f,c,b,g,e,b,k,k,n,p,p,w,o,l,h,y,p,1,1,0.999276292460034
b,s,w,f,n,f,w,b,p,e,,s,k,w,w,p,w,t,p,w,s,g,0,0,0.006292003586876728
x,y,w,t,l,f,c,b,n,e,c,s,s,w,w,p,w,o,p,k,n,m,0,0,0.002706912208101708
x,s,n,f,s,f,c,n,b,t,,s,k,p,w,p,w,o,e,w,v,p,1,1,0.9976517982403446
x,f,g,f,f,f,c,b,h,e,b,k,k,p,p,p,w,o,l,h,y,p,1,1,0.9987857671439548
f,s,g,f,n,f,w,b,k,t,e,f,s,w,w,p,w,o,e,n,s,g,0,0,0.0001326269702405692
x,s,w,t,f,f,c,b,p,t,b,f,s,w,w,p,w,o,p,h,v,g,1,1,0.9963178587235029
x,s,n,t,p,f,c,n,w,e,e,s,s,w,w,p,w,o,p,n,v,g,1,1,0.9894700467555823
f,s,e,f,f,f,c,n,b,t,,s,s,w,p,p,w,o,e,w,v,p,1,1,0.9997151988556561
f,f,n,t,n,f,c,b,p,t,b,s,s,w,p,p,w,o,p,n,v,d,0,0,0.0010594497442155892
k,s,n,f,n,a,c,b,o,e,,s,s,o,o,p,n,o,p,y,c,l,0,0,0.004404046272166255
f,y,g,f,f,f,c,b,p,e,b,k,k,n,p,p,w,o,l,h,y,g,1,1,0.9994709432305487
x,s,y,t,l,f,w,n,w,t,b,s,s,w,w,p,w,o,p,n,v,d,0,0,0.037378965505733365
f,s,e,f,y,f,c,n,b,t,,k,s,w,w,p,w,o,e,w,v,p,1,1,0.9995969987460517
b,y,w,t,l,f,c,b,n,e,c,s,s,w,w,p,w,o,p,n,s,m,0,0,0.009399783148460671
x,f,g,t,n,f,c,b,u,t,b,s,s,g,p,p,w,o,p,k,y,d,0,0,0.0004065075766727087
f,f,g,f,n,f,c,n,g,e,e,s,s,w,w,p,w,o,p,k,v,u,0,0,0.0931183807248308
x,y,n,t,n,f,c,b,u,t,b,s,s,g,g,p,w,o,p,k,v,d,0,0,0.0011227776277250427
x,y,y,t,a,f,c,b,w,e,c,s,s,w,w,p,w,o,p,k,s,m,0,0,0.006652189637885806
f,y,g,t,n,f,c,b,p,t,b,s,s,p,g,p,w,o,p,n,y,d,0,0,0.0005780206843049464
x,f,e,t,n,f,c,b,u,t,b,s,s,w,p,p,w,o,p,n,v,d,0,0,0.001540482212169932
k,y,e,f,f,f,c,n,b,t,,k,k,p,p,p,w,o,e,w,v,l,1,1,0.9999886790338042
f,y,n,t,n,f,c,b,p,t,b,s,s,p,w,p,w,o,p,n,v,d,0,0,0.002246137301618456
x,y,e,f,y,f,c,n,b,t,,k,k,p,w,p,w,o,e,w,v,p,1,1,0.9997837357724676
x,y,y,t,l,f,c,b,w,e,r,s,y,w,w,p,w,o,p,k,s,g,0,0,0.01809320226611964
f,y,e,f,f,f,c,n,b,t,,k,s,p,p,p,w,o,e,w,v,d,1,1,0.9999688280721599
f,y,g,f,f,f,c,b,p,e,b,k,k,n,b,p,w,o,l,h,y,p,1,1,0.9989039213449582
x,s,n,t,p,f,c,n,n,e,e,s,s,w,w,p,w,o,p,k,v,u,1,1,0.9859414678214221
f,f,g,f,f,f,c,b,p,e,b,k,k,p,n,p,w,o,l,h,y,p,1,1,0.9966972511180561
f,y,e,f,y,f,c,n,b,t,,s,k,w,w,p,w,o,e,w,v,d,1,1,0.9969892627088417
b,f,n,f,n,f,c,n,w,e,,k,y,w,y,p,w,o,e,w,v,d,1,1,0.9756316644848317
x,s,n,t,p,f,c,n,n,e,e,s,s,w,w,p,w,o,p,n,s,u,1,1,0.9757985562128674
f,s,g,t,f,f,c,b,p,t,b,s,f,w,w,p,w,o,p,h,s,u,1,1,0.9667581810755027
k,s,e,f,f,f,c,n,b,t,,s,s,w,p,p,w,o,e,w,v,d,1,1,0.9995382421448339
f,y,n,f,f,f,c,n,b,t,,s,s,p,w,p,w,o,e,w,v,l,1,1,0.9997388877298856
b,s,w,t,l,f,c,b,w,e,c,s,s,w,w,p,w,o,p,n,n,g,0,0,0.0038208208484887987
x,f,g,t,n,f,c,b,u,t,b,s,s,p,g,p,w,o,p,k,y,d,0,0,0.0003873468790182166
f,y,n,t,n,f,c,b,n,t,b,s,s,w,p,p,w,o,p,n,v,d,0,0,0.0016890897084630018
f,y,n,t,n,f,c,b,w,t,b,s,s,p,g,p,w,o,p,k,y,d,0,0,0.0005345938170975408
x,f,g,f,f,f,c,b,p,e,b,k,k,p,p,p,w,o,l,h,y,p,1,1,0.9981382000543213
b,s,n,f,n,a,c,b,n,e,,s,s,o,o,p,o,o,p,b,v,l,0,0,0.003413471370384571
f,s,e,f,f,f,c,n,b,t,,k,s,w,w,p,w,o,e,w,v,p,1,1,0.9999597011874006
f,y,n,t,n,f,c,b,u,t,b,s,s,w,p,p,w,o,p,n,v,d,0,0,0.002238571072039095
x,y,y,t,a,f,c,b,n,e,c,s,s,w,w,p,w,o,p,k,n,g,0,0,0.0010556063034491661
f,y,e,f,y,f,c,n,b,t,,k,k,w,p,p,w,o,e,w,v,d,1,1,0.9997473623508437
f,y,g,f,f,f,c,b,p,e,b,k,k,p,b,p,w,o,l,h,y,d,1,1,0.9989394118557512
x,s,n,f,y,f,c,n,b,t,,s,k,w,p,p,w,o,e,w,v,d,1,1,0.996928594142788
x,y,n,f,y,f,c,n,b,t,,s,k,w,w,p,w,o,e,w,v,p,1,1,0.9957256253780263
k,y,e,f,y,f,c,n,b,t,,s,k,p,w,p,w,o,e,w,v,l,1,1,0.9986484027472363
x,f,w,f,c,f,c,n,u,e,b,s,s,w,w,p,w,o,p,k,s,d,1,1,0.9950564547468808
x,f,n,f,n,f,w,n,w,e,b,s,f,w,n,p,w,o,e,w,v,l,0,0,0.01586039284623597
k,y,n,f,s,f,c,n,b,t,,k,k,p,w,p,w,o,e,w,v,p,1,1,0.9996089829519099
x,f,g,f,f,f,c,b,g,e,b,k,k,p,n,p,w,o,l,h,v,p,1,1,0.9994337447195506
x,y,n,t,n,f,c,b,u,t,b,s,s,p,w,p,w,o,p,k,y,d,0,0,0.0006227063481638573
b,s,y,t,a,f,c,b,k,e,c,s,s,w,w,p,w,o,p,k,s,g,0,0,0.006293159043573456
b,s,y,t,a,f,c,b,n,e,c,s,s,w,w,p,w,o,p,k,n,m,0,0,0.0020627495220512278
f,s,e,f,s,f,c,n,b,t,,s,k,p,w,p,w,o,e,w,v,l,1,1,0.9992098135572549
x,y,g,f,f,f,c,b,h,e,b,k,k,b,b,p,w,o,l,h,y,d,1,1,0.9992609865053362
x,s,y,t,a,f,c,b,n,e,c,s,s,w,w,p,w,o,p,n,s,g,0,0,0.003721176467312193
x,y,y,f,f,f,c,b,g,e,b,k,k,b,n,p,w,o,l,h,y,g,1,1,0.9990029240794418
x,f,y,f,f,f,c,b,p,e,b,k,k,p,n,p,w,o,l,h,v,d,1,1,0.9984880926074092
f,f,g,f,n,f,w,b,h,t,e,f,s,w,w,p,w,o,e,n,s,g,0,0,9.439694101308974e-05
x,s,w,t,a,f,w,n,p,t,b,s,s,w,w,p,w,o,p,u,v,d,0,0,0.08335110555487499
k,s,b,t,n,f,c,b,w,e,,s,s,w,e,p,w,t,e,w,c,w,0,0,0.01698254924826072
x,y,n,t,l,f,c,b,w,e,r,s,y,w,w,p,w,o,p,n,y,g,0,0,0.00407605028221878
x,f,n,f,n,f,w,b,h,t,e,s,f,w,w,p,w,o,e,k,a,g,0,0,9.724963852491602e-06
x,y,g,f,f,f,c,b,h,e,b,k,k,p,b,p,w,o,l,h,v,g,1,1,0.9999264019001555
x,y,n,t,n,f,c,b,n,t,b,s,s,g,w,p,w,o,p,n,y,d,0,0,0.0002096789336266311
x,s,p,f,c,f,w,n,u,e,b,s,s,w,w,p,w,o,p,n,v,d,1,1,0.986542557808167
x,y,y,t,a,f,c,b,p,e,r,s,y,w,w,p,w,o,p,k,y,g,0,0,0.004780775147466946
x,y,n,t,n,f,c,b,n,t,b,s,s,w,w,p,w,o,p,n,v,d,0,0,0.001142498139427177
x,s,g,t,f,f,c,b,h,t,b,f,s,w,w,p,w,o,p,h,v,g,1,1,0.9966661201403066
x,f,g,f,f,f,c,b,p,e,b,k,k,p,b,p,w,o,l,h,y,d,1,1,0.997738668095896
x,f,g,t,n,f,c,b,n,t,b,s,s,g,p,p,w,o,p,k,v,d,0,0,0.0013910114895468622
f,y,e,t,n,f,c,b,w,t,b,s,s,p,g,p,w,o,p,k,y,d,0,0,0.0007845799921805902
f,y,e,t,n,f,c,b,n,t,b,s,s,p,p,p,w,o,p,n,v,d,0,0,0.003639924397675266
b,f,w,f,n,f,w,b,w,e,,s,s,w,w,p,w,t,p,w,s,g,0,0,0.0017874860714705777
b,s,y,t,l,f,c,b,w,e,c,s,s,w,w,p,w,o,p,n,s,g,0,0,0.006294881675713833
k,s,n,f,y,f,c,n,b,t,,s,s,p,p,p,w,o,e,w,v,d,1,1,0.9954086256425655
x,f,e,t,n,f,c,b,n,t,b,s,s,p,w,p,w,o,p,n,y,d,0,0,0.000289703391513463
f,f,n,f,n,f,w,b,k,t,e,s,s,w,w,p,w,o,e,n,s,g,0,0,1.6745445365963997e-05
x,s,e,f,f,f,c,n,b,t,,s,k,p,w,p,w,o,e,w,v,d,1,1,0.9998145865563136
k,s,e,f,f,f,c,n,b,t,,k,k,p,p,p,w,o,e,w,v,l,1,1,0.9999910083932708
f,y,e,t,n,f,c,b,w,t,b,s,s,p,w,p,w,o,p,n,v,d,0,0,0.003991693342411611
f,s,w,f,n,f,w,b,p,t,e,s,f,w,w,p,w,o,e,k,a,g,0,0,3.93534038184384e-05
k,y,n,f,f,f,c,n,b,t,,k,k,w,p,p,w,o,e,w,v,p,1,1,0.9999564393097359
x,y,g,t,n,f,c,b,u,t,b,s,s,g,p,p,w,o,p,k,y,d,0,0,0.000762479825671858
x,y,y,f,f,f,c,b,g,e,b,k,k,n,n,p,w,o,l,h,v,p,1,1,0.9994310175348259
k,y,n,t,n,f,c,b,e,e,,s,s,w,e,p,w,t,e,w,c,w,0,0,0.002264925473210205
k,y,n,f,y,f,c,n,b,t,,k,k,p,p,p,w,o,e,w,v,p,1,1,0.9997037969651894
f,s,n,t,p,f,c,n,k,e,e,s,s,w,w,p,w,o,p,n,s,g,1,1,0.9832411692279803
f,f,n,f,n,f,w,b,n,t,e,f,s,w,w,p,w,o,e,k,a,g,0,0,2.8600532481333732e-05
f,y,e,t,n,f,c,b,p,t,b,s,s,g,p,p,w,o,p,n,y,d,0,0,0.0005353507275631061
f,y,n,f,f,f,c,n,b,t,,s,s,w,p,p,w,o,e,w,v,p,1,1,0.9994737332177628
f,y,u,f,n,f,c,n,w,e,,s,f,w,w,p,w,o,f,h,y,d,0,0,0.017666177573720385
x,s,g,f,n,f,w,b,g,e,,k,k,w,w,p,w,t,p,w,n,g,0,0,0.013653807346402912
f,s,n,f,n,f,w,b,p,t,e,s,s,w,w,p,w,o,e,k,s,g,0,0,5.4995191615759255e-05
x,f,e,t,n,f,c,b,u,t,b,s,s,p,w,p,w,o,p,k,v,d,0,0,0.0022092665548206704
f,s,e,f,f,f,c,n,b,t,,s,k,p,w,p,w,o,e,w,v,d,1,1,0.9998370233150116
b,y,w,t,l,f,c,b,g,e,c,s,s,w,w,p,w,o,p,n,s,g,0,0,0.012936185710600793
x,f,e,t,n,f,c,b,u,t,b,s,s,g,w,p,w,o,p,n,v,d,0,0,0.0009872542556846231
f,s,n,f,f,f,c,n,b,t,,k,s,p,p,p,w,o,e,w,v,l,1,1,0.9999826415325883
x,y,g,f,f,f,c,b,p,e,b,k,k,p,n,p,w,o,l,h,y,d,1,1,0.9976449707672336
f,y,g,f,f,f,c,b,g,e,b,k,k,n,p,p,w,o,l,h,y,g,1,1,0.9996388039559939
f,y,g,f,f,f,c,b,g,e,b,k,k,n,b,p,w,o,l,h,y,g,1,1,0.9996264524572703
x,y,y,t,l,f,c,b,n,e,c,s,s,w,w,p,w,o,p,n,s,m,0,0,0.0035213204008591454
f,s,n,t,p,f,c,n,n,e,e,s,s,w,w,p,w,o,p,k,v,g,1,1,0.9895922336848739
f,y,g,t,n,f,c,b,w,t,b,s,s,w,p,p,w,o,p,k,v,d,0,0,0.005067051866449498
x,y,y,t,a,f,c,b,n,e,r,s,y,w,w,p,w,o,p,n,s,g,0,0,0.01055259084604731
b,s,y,t,a,f,c,b,w,e,c,s,s,w,w,p,w,o,p,n,s,g,0,0,0.0065907030728873574
x,s,w,f,n,f,w,b,p,e,,k,k,w,w,p,w,t,p,w,s,g,0,0,0.04464605184984343
f,f,n,t,n,f,c,b,w,t,b,s,s,w,w,p,w,o,p,n,y,d,0,0,0.0002177452980938162
k,s,e,f,y,f,c,n,b,t,,k,k,p,w,p,w,o,e,w,v,p,1,1,0.9997916142773641
k,s,e,f,y,f,c,n,b,t,,s,k,p,w,p,w,o,e,w,v,l,1,1,0.9989262061957209
x,s,w,f,n,f,w,b,n,t,e,f,f,w,w,p,w,o,e,n,a,g,0,0,4.672639120777397e-05
f,y,n,f,f,f,c,n,b,t,,s,s,p,p,p,w,o,e,w,v,l,1,1,0.9997991628650322
x,f,y,f,f,f,c,b,h,e,b,k,k,p,b,p,w,o,l,h,v,d,1,1,0.9994952653011641
k,y,e,t,n,f,c,b,e,e,,s,s,e,w,p,w,t,e,w,c,w,0,0,0.003933830295177615
b,y,y,t,a,f,c,b,n,e,c,s,s,w,w,p,w,o,p,k,n,m,0,0,0.0016390177588254868
f,y,y,f,f,f,c,b,p,e,b,k,k,n,n,p,w,o,l,h,y,d,1,1,0.9961032605982109
f,s,b,t,f,f,c,b,p,t,b,f,s,w,w,p,w,o,p,h,v,u,1,1,0.9976442722254799
x,y,y,f,f,f,c,b,h,e,b,k,k,n,p,p,w,o,l,h,y,g,1,1,0.9993909187892225
x,y,w,t,a,f,c,b,g,e,c,s,s,w,w,p,w,o,p,n,n,m,0,0,0.0038461572924519075
k,s,n,f,s,f,c,n,b,t,,k,k,p,w,p,w,o,e,w,v,l,1,1,0.9998256963337746
k,s,e,f,y,f,c,n,b,t,,k,s,p,p,p,w,o,e,w,v,d,1,1,0.9996582521478996
x,f,g,f,c,f,c,n,u,e,b,s,s,w,w,p,w,o,p,k,s,d,1,1,0.9931480340120628
k,s,g,f,n,f,w,b,w,e,,s,s,w,w,p,w,t,p,w,n,g,0,0,0.0005658551287869919
x,f,g,f,n,f,c,n,p,e,e,s,s,w,w,p,w,o,p,k,y,u,0,0,0.013382237572783362
k,y,n,f,s,f,c,n,b,t,,k,s,p,p,p,w,o,e,w,v,p,1,1,0.9994542078233218
b,y,w,t,l,f,c,b,k,e,c,s,s,w,w,p,w,o,p,k,s,g,0,0,0.010249923469107896
f,y,g,f,f,f,c,b,h,e,b,k,k,b,p,p,w,o,l,h,v,p,1,1,0.9998822273816793
x,s,n,f,n,f,w,b,p,t,e,s,f,w,w,p,w,o,e,n,s,g,0,0,1.6464291971995958e-05
x,s,n,f,n,f,w,b,p,t,e,f,f,w,w,p,w,o,e,n,a,g,0,0,2.3790722616097196e-05
k,s,n,f,n,a,c,b,n,e,,s,s,o,o,p,o,o,p,n,c,l,0,0,0.0008811118408706529
x,y,n,t,p,f,c,n,p,e,e,s,s,w,w,p,w,o,p,n,v,u,1,1,0.981003952540685
x,f,e,t,n,f,c,b,n,t,b,s,s,p,p,p,w,o,p,n,y,d,0,0,0.000376638973595284
x,f,g,f,f,f,c,b,p,e,b,k,k,b,b,p,w,o,l,h,y,p,1,1,0.9981910884930677
x,f,g,t,n,f,c,b,p,t,b,s,s,w,p,p,w,o,p,n,y,d,0,0,0.000341304526983602
f,y,n,f,f,f,c,n,b,t,,s,k,p,p,p,w,o,e,w,v,l,1,1,0.9998893440224271
x,f,g,t,n,f,c,b,p,t,b,s,s,p,g,p,w,o,p,n,y,d,0,0,0.000270855058412597
x,y,y,t,l,f,c,b,k,e,c,s,s,w,w,p,w,o,p,n,s,m,0,0,0.0037783601679239093
f,y,y,f,f,f,c,b,h,e,b,k,k,b,b,p,w,o,l,h,v,p,1,1,0.9998108891161912
x,y,g,f,f,f,c,b,h,e,b,k,k,b,p,p,w,o,l,h,v,p,1,1,0.999866012965888
x,s,n,f,f,f,c,n,b,t,,k,k,w,p,p,w,o,e,w,v,p,1,1,0.9999714814767477
f,s,n,f,s,f,c,n,b,t,,k,s,p,p,p,w,o,e,w,v,l,1,1,0.9998237001347317
x,y,n,t,n,f,c,b,p,t,b,s,s,g,w,p,w,o,p,k,v,d,0,0,0.001419283732309172
x,y,g,f,f,f,c,b,p,e,b,k,k,p,p,p,w,o,l,h,y,p,1,1,0.9990068921359033
x,y,e,f,y,f,c,n,b,t,,s,s,p,p,p,w,o,e,w,v,d,1,1,0.9967496837069123
x,f,g,f,f,f,c,b,h,e,b,k,k,p,p,p,w,o,l,h,v,p,1,1,0.9997324123236643
x,s,g,f,n,f,w,b,p,t,e,s,s,w,w,p,w,o,e,k,s,g,0,0,8.041009294083913e-05
x,y,e,t,n,f,c,b,u,t,b,s,s,p,g,p,w,o,p,k,y,d,0,0,0.0006412150663259625
f,f,n,f,n,f,w,b,k,t,e,s,s,w,w,p,w,o,e,n,a,g,0,0,1.2005078703091973e-05
x,s,w,t,a,f,c,b,g,e,c,s,s,w,w,p,w,o,p,n,s,m,0,0,0.017018039983076213
f,y,n,t,n,f,c,b,w,t,b,s,s,p,g,p,w,o,p,n,y,d,0,0,0.00042145230346897304
b,s,w,t,a,f,c,b,g,e,c,s,s,w,w,p,w,o,p,k,n,m,0,0,0.007621254985598134
k,f,w,f,n,f,w,b,p,e,,k,k,w,w,p,w,t,p,w,n,g,0,0,0.004557535949808914
f,f,e,t,n,f,c,b,u,t,b,s,s,w,p,p,w,o,p,n,v,d,0,0,0.0017522257706309612
x,s,p,t,n,f,c,b,w,e,b,s,s,w,w,p,w,t,p,w,v,p,0,0,0.07390125701048654
b,y,y,t,l,f,c,b,w,e,c,s,s,w,w,p,w,o,p,k,n,m,0,0,0.002230900685791795
b,s,n,f,n,a,c,b,o,e,,s,s,o,o,p,n,o,p,o,c,l,0,0,0.006601921366775871
x,s,g,t,f,f,c,b,p,t,b,f,f,w,w,p,w,o,p,h,v,u,1,1,0.986042141799679
x,y,e,f,s,f,c,n,b,t,,s,k,w,p,p,w,o,e,w,v,p,1,1,0.9977215013212296
x,y,e,t,n,f,c,b,u,t,b,s,s,p,w,p,w,o,p,k,v,d,0,0,0.004137352222538491
x,s,e,f,s,f,c,n,b,t,,s,k,p,p,p,w,o,e,w,v,l,1,1,0.99930850585494
f,s,n,t,p,f,c,n,w,e,e,s,s,w,w,p,w,o,p,n,s,g,1,1,0.9873371523364053
x,y,y,f,f,f,c,b,p,e,b,k,k,n,b,p,w,o,l,h,v,d,1,1,0.9994988470321627
x,f,y,f,f,f,c,b,p,e,b,k,k,p,b,p,w,o,l,h,v,g,1,1,0.999671089517239
x,s,y,t,a,f,c,b,g,e,c,s,s,w,w,p,w,o,p,n,s,m,0,0,0.007964997683875734
x,y,y,t,a,f,c,b,w,e,r,s,y,w,w,p,w,o,p,n,y,g,0,0,0.004571139967826973
f,f,g,t,n,f,c,b,n,t,b,s,s,w,w,p,w,o,p,n,y,d,0,0,0.0002539380752438135
k,s,n,f,y,f,c,n,b,t,,s,k,w,w,p,w,o,e,w,v,p,1,1,0.9958807317157042
x,f,w,f,n,f,w,b,h,t,e,f,s,w,w,p,w,o,e,k,s,g,0,0,0.0001461655508912753
x,y,g,f,f,f,c,b,p,e,b,k,k,n,b,p,w,o,l,h,y,d,1,1,0.9985354510844616
f,f,y,f,f,f,c,b,h,e,b,k,k,n,p,p,w,o,l,h,v,g,1,1,0.9997787489609862
k,s,n,f,y,f,c,n,b,t,,k,s,w,w,p,w,o,e,w,v,l,1,1,0.9995418361800371
x,y,g,f,f,f,c,b,h,e,b,k,k,b,b,p,w,o,l,h,v,g,1,1,0.9999308612425136
f,y,y,f,f,f,c,b,g,e,b,k,k,p,n,p,w,o,l,h,y,p,1,1,0.9981316921842294
f,f,g,t,n,f,c,b,w,t,b,s,s,p,p,p,w,o,p,k,v,d,0,0,0.003976344479288449
b,y,y,t,l,f,c,b,k,e,c,s,s,w,w,p,w,o,p,k,n,g,0,0,0.0013467540763094955
f,f,n,f,n,f,w,b,n,t,e,f,s,w,w,p,w,o,e,n,a,g,0,0,2.2545095992773614e-05
x,s,g,t,f,f,c,b,p,t,b,s,s,w,w,p,w,o,p,h,v,g,1,1,0.9897612974868433
x,y,e,t,n,f,c,b,w,e,,s,s,e,w,p,w,t,e,w,c,w,0,0,0.00758890851636358
x,y,g,f,f,f,c,b,p,e,b,k,k,n,b,p,w,o,l,h,v,p,1,1,0.9997252252386717
f,y,g,t,n,f,c,b,p,t,b,s,s,g,g,p,w,o,p,k,y,d,0,0,0.0004152529798530254
x,f,e,t,n,f,c,b,u,t,b,s,s,p,g,p,w,o,p,n,v,d,0,0,0.0012228104423206345
x,f,y,f,f,f,c,b,p,e,b,k,k,p,b,p,w,o,l,h,y,p,1,1,0.9970136094447856
f,f,g,f,f,f,c,b,g,e,b,k,k,n,n,p,w,o,l,h,y,g,1,1,0.9986315938290815
x,f,g,f,n,f,c,n,p,e,e,s,s,w,w,p,w,o,p,n,v,u,0,0,0.046313548575172635
b,s,n,f,n,a,c,b,n,e,,s,s,o,o,p,o,o,p,y,c,l,0,0,0.0047297293154918586
f,s,e,f,y,f,c,n,b,t,,s,s,p,w,p,w,o,e,w,v,d,1,1,0.9970488403133478
k,y,n,f,y,f,c,n,b,t,,s,k,w,p,p,w,o,e,w,v,d,1,1,0.9953160911652865
x,f,n,t,n,f,c,b,u,t,b,s,s,w,w,p,w,o,p,n,v,d,0,0,0.0008076885519267105
f,f,e,t,n,f,c,b,w,t,b,s,s,w,w,p,w,o,p,n,y,d,0,0,0.0003196144966460679
x,s,b,t,n,f,c,b,e,e,,s,s,w,e,p,w,t,e,w,c,w,0,0,0.01296192151977482
f,f,n,f,n,f,w,b,p,t,e,s,s,w,w,p,w,o,e,k,s,g,0,0,2.327967390493217e-05
x,f,w,f,n,f,w,b,k,t,e,f,f,w,w,p,w,o,e,n,s,g,0,0,2.961090451095467e-05
x,y,n,f,f,f,c,n,b,t,,k,k,w,p,p,w,o,e,w,v,d,1,1,0.9999578143054633
f,f,e,t,n,f,c,b,p,t,b,s,s,p,g,p,w,o,p,n,y,d,0,0,0.0002719327635804386
x,y,g,f,f,f,c,b,p,e,b,k,k,n,b,p,w,o,l,h,v,g,1,1,0.9998628931965854
x,f,p,f,c,f,c,n,n,e,b,s,s,w,w,p,w,o,p,k,v,d,1,1,0.9969278983933346
x,f,n,t,n,f,c,b,n,t,b,s,s,w,g,p,w,o,p,k,y,d,0,0,0.00011941794472709393
x,y,g,f,f,f,c,b,h,e,b,k,k,n,b,p,w,o,l,h,v,d,1,1,0.9997895790396714
x,f,y,f,f,f,c,b,h,e,b,k,k,p,b,p,w,o,l,h,v,p,1,1,0.9995703657572286
k,f,n,f,n,f,w,n,w,e,b,f,f,w,n,p,w,o,e,w,v,l,0,0,0.026076922782532132
b,y,w,t,l,f,c,b,w,e,c,s,s,w,w,p,w,o,p,n,s,m,0,0,0.013353909374474716
x,f,e,t,n,f,c,b,p,t,b,s,s,g,p,p,w,o,p,k,v,d,0,0,0.0014436954608118629
k,s,e,t,n,f,c,b,e,e,,s,s,e,w,p,w,t,e,w,c,w,0,0,0.004947894774405485
x,y,c,t,n,f,c,b,w,e,b,s,s,w,w,p,w,t,p,w,v,p,0,0,0.014358390424932106
f,s,w,f,n,f,w,b,n,t,e,f,f,w,w,p,w,o,e,n,s,g,0,0,7.41497286658751e-05
x,f,n,t,n,f,c,b,u,t,b,s,s,g,p,p,w,o,p,k,v,d,0,0,0.0011091446595221494
k,y,e,f,y,f,c,n,b,t,,s,s,p,p,p,w,o,e,w,v,l,1,1,0.9981141213164025
f,s,n,f,n,f,w,b,p,t,e,s,f,w,w,p,w,o,e,k,s,g,0,0,2.3762385414917978e-05
x,y,g,t,n,f,c,b,w,t,b,s,s,p,g,p,w,o,p,k,v,d,0,0,0.0035396503943652177
f,s,w,f,n,f,w,b,k,t,e,f,f,w,w,p,w,o,e,k,s,g,0,0,0.00010095606963473412
f,f,g,f,n,f,w,b,n,t,e,s,f,w,w,p,w,o,e,k,s,g,0,0,1.42261284533458e-05
k,y,e,f,y,f,c,n,b,t,,s,s,w,w,p,w,o,e,w,v,l,1,1,0.9963996578140968
x,f,n,f,n,f,w,b,k,t,e,f,s,w,w,p,w,o,e,n,s,g,0,0,2.966655456210375e-05
f,s,w,t,f,f,c,b,p,t,b,f,f,w,w,p,w,o,p,h,v,u,1,1,0.9911199863190808
f,y,y,f,f,f,c,b,p,e,b,k,k,b,n,p,w,o,l,h,v,g,1,1,0.999717122739441
f,s,e,f,f,f,c,n,b,t,,s,s,p,p,p,w,o,e,w,v,l,1,1,0.9998913286874654
f,f,y,f,f,f,c,b,g,e,b,k,k,p,p,p,w,o,l,h,v,d,1,1,0.9995507025275675
x,f,n,f,n,f,c,n,n,e,e,s,s,w,w,p,w,o,p,k,v,u,0,0,0.03052618969552768
f,f,n,t,n,f,c,b,u,t,b,s,s,p,g,p,w,o,p,n,v,d,0,0,0.0009479429293212388
x,f,g,f,f,f,c,b,h,e,b,k,k,p,n,p,w,o,l,h,y,p,1,1,0.9975489098920745
f,f,e,t,n,f,c,b,w,t,b,s,s,w,w,p,w,o,p,n,v,d,0,0,0.0014500480480519387
x,f,e,t,n,f,c,b,n,t,b,s,s,g,p,p,w,o,p,n,y,d,0,0,0.00021328986227633106
k,y,n,f,y,f,c,n,b,t,,k,s,w,w,p,w,o,e,w,v,d,1,1,0.9987930881190427
x,f,g,f,f,f,c,b,p,e,b,k,k,p,b,p,w,o,l,h,y,p,1,1,0.9980746325789356
x,f,w,f,c,f,c,n,g,e,b,s,s,w,w,p,w,o,p,k,s,d,1,1,0.9961911811287019
f,s,w,f,n,f,w,b,k,t,e,s,f,w,w,p,w,o,e,n,s,g,0,0,3.9485074966649586e-05
x,y,g,f,f,f,c,b,p,e,b,k,k,b,b,p,w,o,l,h,y,d,1,1,0.99886657283385
x,s,n,f,s,f,c,n,b,t,,s,k,w,w,p,w,o,e,w,v,l,1,1,0.9980611479616182
k,y,e,f,m,a,c,b,y,e,c,k,y,c,c,p,w,n,n,w,c,d,1,1,0.9807662970621117
x,y,g,f,f,f,c,b,g,e,b,k,k,n,p,p,w,o,l,h,y,g,1,1,0.9995890898468688
b,y,y,f,n,f,w,n,w,e,c,y,y,y,y,p,y,o,e,w,c,l,1,1,0.8213605955355517
x,f,n,t,n,f,c,b,p,t,b,s,s,p,g,p,w,o,p,n,y,d,0,0,0.00016284015317557328
f,y,e,t,n,f,c,b,p,t,b,s,s,g,g,p,w,o,p,k,v,d,0,0,0.0016623308418903411
x,s,g,f,n,f,w,b,g,e,,s,s,w,w,p,w,t,p,w,n,g,0,0,0.0008290691392348121
x,f,p,f,c,f,w,n,u,e,b,s,s,w,w,p,w,o,p,k,s,d,1,1,0.9663424652797675
f,s,n,f,s,f,c,n,b,t,,s,s,p,p,p,w,o,e,w,v,d,1,1,0.9966181410572829
x,f,y,f,f,f,c,b,g,e,b,k,k,p,n,p,w,o,l,h,y,p,1,1,0.9960201327312291
x,y,y,t,l,f,c,b,p,e,r,s,y,w,w,p,w,o,p,k,s,p,0,0,0.0075236453494946605
f,y,g,f,f,f,c,b,p,e,b,k,k,n,p,p,w,o,l,h,v,g,1,1,0.9998834709536278
x,s,n,f,s,f,c,n,b,t,,s,s,p,w,p,w,o,e,w,v,l,1,1,0.9976083990763103
x,y,y,f,f,f,c,b,h,e,b,k,k,n,n,p,w,o,l,h,v,g,1,1,0.9997288746140794
k,s,n,f,y,f,c,n,b,t,,s,s,w,p,p,w,o,e,w,v,d,1,1,0.9932613630619653
x,y,e,f,f,f,c,n,b,t,,k,k,p,w,p,w,o,e,w,v,l,1,1,0.9999878670743546
x,y,e,t,n,f,c,b,u,t,b,s,s,w,p,p,w,o,p,n,y,d,0,0,0.0006369665228708381
x,f,g,f,n,f,c,n,n,e,e,s,s,w,w,p,w,o,p,n,y,u,0,0,0.009008589895361687
f,s,w,t,p,f,c,n,w,e,e,s,s,w,w,p,w,o,p,k,v,u,1,1,0.9962107419348311
b,y,w,t,a,f,c,b,w,e,c,s,s,w,w,p,w,o,p,k,s,g,0,0,0.014209246830652259
k,s,n,f,f,f,c,n,b,t,,s,s,w,p,p,w,o,e,w,v,l,1,1,0.9996762102078434
f,y,r,f,n,f,c,n,u,e,,s,f,w,w,p,w,o,f,h,v,d,0,0,0.06318552371186126
f,s,g,t,f,f,c,b,h,t,b,s,s,w,w,p,w,o,p,h,s,u,1,1,0.9904099478754153
f,y,n,t,n,f,c,b,w,t,b,s,s,g,p,p,w,o,p,n,y,d,0,0,0.000442299330907558
f,f,g,f,f,f,c,b,h,e,b,k,k,b,n,p,w,o,l,h,v,d,1,1,0.9994754651267641
f,y,y,f,f,f,c,b,h,e,b,k,k,p,p,p,w,o,l,h,y,p,1,1,0.9991165117028165
f,s,e,f,s,f,c,n,b,t,,s,s,w,p,p,w,o,e,w,v,p,1,1,0.9971145064637337
x,y,g,f,f,f,c,b,p,e,b,k,k,p,b,p,w,o,l,h,v,d,1,1,0.999734129394244
f,f,e,t,n,f,c,b,w,t,b,s,s,g,w,p,w,o,p,n,v,d,0,0,0.001207894222922586
f,s,e,f,s,f,c,n,b,t,,s,k,p,p,p,w,o,e,w,v,p,1,1,0.9989172478312842
x,s,g,t,f,f,c,b,w,t,b,f,s,w,w,p,w,o,p,h,v,u,1,1,0.9949819973122209
x,f,g,f,f,f,c,b,p,e,b,k,k,b,n,p,w,o,l,h,y,p,1,1,0.9964709690900041
x,f,y,f,f,f,c,b,g,e,b,k,k,b,p,p,w,o,l,h,y,p,1,1,0.9981462454199398
x,f,n,t,n,f,c,b,n,t,b,s,s,w,w,p,w,o,p,n,y,d,0,0,0.00013419365528874477
f,f,n,t,n,f,c,b,n,t,b,s,s,g,g,p,w,o,p,n,v,d,0,0,0.00040498120873604066
f,y,n,t,p,f,c,n,w,e,e,s,s,w,w,p,w,o,p,k,s,u,1,1,0.9850578772864678
x,s,p,f,c,f,c,n,g,e,b,s,s,w,w,p,w,o,p,k,s,d,1,1,0.9989631239666455
f,s,w,t,p,f,c,n,p,e,e,s,s,w,w,p,w,o,p,k,s,u,1,1,0.9937151939205645
x,y,y,f,f,f,c,b,p,e,b,k,k,n,p,p,w,o,l,h,v,g,1,1,0.9997941666210716
f,y,e,f,y,f,c,n,b,t,,s,k,w,p,p,w,o,e,w,v,l,1,1,0.998891952366649
k,y,n,f,y,f,c,n,b,t,,s,s,p,p,p,w,o,e,w,v,d,1,1,0.9942260417325246
x,y,w,t,a,f,c,b,n,e,c,s,s,w,w,p,w,o,p,k,s,g,0,0,0.00804955984371512
b,f,w,f,n,f,w,b,p,e,,k,s,w,w,p,w,t,p,w,n,g,0,0,0.0037962726341634256
f,s,n,t,p,f,c,n,p,e,e,s,s,w,w,p,w,o,p,k,s,u,1,1,0.9855999692205584
x,y,n,f,f,f,c,n,b,t,,k,k,w,w,p,w,o,e,w,v,d,1,1,0.9999451509449133
f,s,w,t,f,f,c,b,w,t,b,s,s,w,w,p,w,o,p,h,v,u,1,1,0.9936071286214023
f,y,e,t,n,f,c,b,p,t,b,s,s,w,g,p,w,o,p,k,v,d,0,0,0.001995406302624299
f,y,y,f,f,f,c,b,g,e,b,k,k,p,n,p,w,o,l,h,y,d,1,1,0.9978056623526144
f,f,g,t,n,f,c,b,u,t,b,s,s,p,w,p,w,o,p,k,y,d,0,0,0.0006280792034636002
f,s,e,f,s,f,c,n,b,t,,s,k,w,p,p,w,o,e,w,v,l,1,1,0.9991061959858147
f,y,n,t,p,f,c,n,k,e,e,s,s,w,w,p,w,o,p,n,v,g,1,1,0.9845894393958314
f,y,g,f,f,f,c,b,h,e,b,k,k,n,b,p,w,o,l,h,v,p,1,1,0.9998425692280489
k,y,e,f,y,f,c,n,b,t,,k,s,w,p,p,w,o,e,w,v,d,1,1,0.9993673058938949
x,s,n,t,p,f,c,n,p,e,e,s,s,w,w,p,w,o,p,k,s,g,1,1,0.9862434274978589
x,s,n,f,n,f,w,b,k,t,e,s,f,w,w,p,w,o,e,k,a,g,0,0,1.3663967414796481e-05
f,y,e,t,n,f,c,b,p,t,b,s,s,w,p,p,w,o,p,k,v,d,0,0,0.0036922849262725783
f,f,y,f,f,f,c,b,h,e,b,k,k,p,b,p,w,o,l,h,v,p,1,1,0.9996223443510416
f,y,y,f,f,f,c,b,h,e,b,k,k,p,p,p,w,o,l,h,v,d,1,1,0.9997713164409899
k,y,n,f,y,f,c,n,b,t,,k,s,w,w,p,w,o,e,w,v,l,1,1,0.9994232116923496
x,s,w,f,n,f,w,b,w,e,,s,k,w,w,p,w,t,p,w,s,g,0,0,0.006128346620374718
x,s,g,f,n,f,w,b,k,t,e,f,f,w,w,p,w,o,e,n,s,g,0,0,5.037253875774697e-05
f,s,n,t,p,f,c,n,p,e,e,s,s,w,w,p,w,o,p,k,v,g,1,1,0.9911372836808849
x,y,y,f,n,f,c,n,w,e,,k,y,w,n,p,w,o,e,w,v,d,1,1,0.9406329038607092
f,y,y,f,f,f,c,b,p,e,b,k,k,n,p,p,w,o,l,h,v,g,1,1,0.9998190739355319
f,f,y,f,f,f,c,b,g,e,b,k,k,p,p,p,w,o,l,h,v,g,1,1,0.9998091589847217
f,y,n,f,s,f,c,n,b,t,,k,k,p,p,p,w,o,e,w,v,l,1,1,0.999877703415163
x,f,g,f,f,f,c,b,h,e,b,k,k,b,p,p,w,o,l,h,v,p,1,1,0.9997486226278446
x,y,e,f,y,f,c,n,b,t,,s,k,w,p,p,w,o,e,w,v,l,1,1,0.9987395731075276
x,f,y,f,f,f,c,b,h,e,b,k,k,n,p,p,w,o,l,h,v,d,1,1,0.9994074513321334
f,f,e,t,n,f,c,b,w,t,b,s,s,g,g,p,w,o,p,n,y,d,0,0,0.0001867376669024919
f,y,y,f,f,f,c,b,h,e,b,k,k,p,n,p,w,o,l,h,y,d,1,1,0.9979046043423131
x,f,n,f,n,f,w,b,p,t,e,s,s,w,w,p,w,o,e,n,a,g,0,0,1.1563733781513178e-05
f,y,w,t,p,f,c,n,k,e,e,s,s,w,w,p,w,o,p,k,v,g,1,1,0.9946875786713278
f,y,e,t,n,f,c,b,u,t,b,s,s,p,p,p,w,o,p,k,y,d,0,0,0.0013512119074232632
f,s,g,f,n,f,w,b,p,t,e,f,f,w,w,p,w,o,e,n,a,g,0,0,4.502422713684981e-05
x,y,y,t,l,f,c,b,w,e,c,s,s,w,w,p,w,o,p,k,s,m,0,0,0.006353626088884246
f,s,w,t,p,f,c,n,w,e,e,s,s,w,w,p,w,o,p,n,v,g,1,1,0.9959671642170091
f,y,n,t,p,f,c,n,n,e,e,s,s,w,w,p,w,o,p,n,s,u,1,1,0.9732857381072371
f,y,e,f,s,f,c,n,b,t,,k,s,w,p,p,w,o,e,w,v,d,1,1,0.9995344655533457
f,y,n,t,n,f,c,b,n,t,b,s,s,g,g,p,w,o,p,k,v,d,0,0,0.0009634545324220723
x,y,n,f,s,f,c,n,b,t,,k,k,w,p,p,w,o,e,w,v,d,1,1,0.9995716417973947
x,s,w,f,n,f,w,b,h,t,e,f,s,w,w,p,w,o,e,k,s,g,0,0,0.0003452392395485949
x,s,w,f,n,f,w,b,p,e,,s,k,w,w,p,w,t,p,w,s,g,0,0,0.005058840934205667
f,f,n,f,n,f,c,n,k,e,e,s,s,w,w,p,w,o,p,k,v,u,0,0,0.037024326810348084
f,y,n,f,y,f,c,n,b,t,,k,s,p,p,p,w,o,e,w,v,p,1,1,0.9996105024371065
f,f,g,t,n,f,c,b,n,t,b,s,s,g,g,p,w,o,p,k,y,d,0,0,0.0001882039675615076
f,s,g,t,f,f,c,b,p,t,b,s,s,w,w,p,w,o,p,h,s,g,1,1,0.9876866632053085
x,s,y,t,a,f,w,n,w,t,b,s,s,w,w,p,w,o,p,n,v,d,0,0,0.039078105487923766
f,y,y,f,f,f,c,b,h,e,b,k,k,b,p,p,w,o,l,h,y,g,1,1,0.9995857332177229
x,s,g,f,n,f,w,b,w,e,,k,k,w,w,p,w,t,p,w,s,g,0,0,0.03920994450337301
f,f,n,f,n,f,w,n,w,e,b,f,f,w,n,p,w,o,e,w,v,l,0,0,0.035638869490979996
x,s,g,f,c,f,w,n,u,e,b,s,s,w,w,p,w,o,p,k,v,d,1,1,0.9772466527437415
x,s,e,f,f,f,c,n,b,t,,s,k,p,w,p,w,o,e,w,v,p,1,1,0.9998421820847829
k,y,e,f,s,f,c,n,b,t,,k,k,w,p,p,w,o,e,w,v,l,1,1,0.9998308812327888
f,y,e,f,y,f,c,n,b,t,,s,k,w,p,p,w,o,e,w,v,p,1,1,0.9980270397411081
f,f,g,f,f,f,c,b,p,e,b,k,k,p,n,p,w,o,l,h,v,d,1,1,0.999143574088865
k,s,n,f,y,f,c,n,b,t,,k,s,p,w,p,w,o,e,w,v,p,1,1,0.9994449302169387
x,f,n,t,n,f,c,b,n,t,b,s,s,p,w,p,w,o,p,k,y,d,0,0,0.0002503648707417256
f,y,w,t,p,f,c,n,k,e,e,s,s,w,w,p,w,o,p,n,v,u,1,1,0.991990597140844
x,y,y,f,f,f,c,b,h,e,b,k,k,b,p,p,w,o,l,h,y,g,1,1,0.999528718030265
x,f,e,t,n,f,c,b,w,t,b,s,s,g,g,p,w,o,p,n,y,d,0,0,0.00016414069113266917
k,y,e,f,y,f,c,n,b,t,,s,s,w,p,p,w,o,e,w,v,p,1,1,0.9950717664566816
f,f,g,f,f,f,c,b,h,e,b,k,k,b,n,p,w,o,l,h,y,p,1,1,0.9979752454046645
f,y,y,f,f,f,c,b,g,e,b,k,k,b,n,p,w,o,l,h,v,g,1,1,0.9998068899802918
f,s,n,f,n,f,w,b,p,t,e,f,f,w,w,p,w,o,e,n,s,g,0,0,3.775381167628349e-05
x,f,w,f,n,f,w,b,w,e,,s,k,w,w,p,w,t,p,w,s,g,0,0,0.002603270848969375
f,y,y,f,f,f,c,b,g,e,b,k,k,b,n,p,w,o,l,h,y,d,1,1,0.9979383533351012
f,s,g,t,f,f,c,b,h,t,b,f,f,w,w,p,w,o,p,h,v,u,1,1,0.9919558995880285
x,y,e,t,n,f,c,b,p,t,b,s,s,w,w,p,w,o,p,k,v,d,0,0,0.002499079583107141
f,y,n,t,n,f,c,b,p,t,b,s,s,g,p,p,w,o,p,n,v,d,0,0,0.0016545396147657518
x,y,y,f,f,f,c,b,h,e,b,k,k,n,p,p,w,o,l,h,v,d,1,1,0.9996841143959755
x,f,w,f,n,f,w,b,n,t,e,s,s,w,w,p,w,o,e,n,a,g,0,0,2.2712127186076424e-05
x,s,e,f,s,f,c,n,b,t,,s,k,p,p,p,w,o,e,w,v,p,1,1,0.9987683429277331
x,s,w,t,a,f,w,n,w,t,b,s,s,w,w,p,w,o,p,n,v,d,0,0,0.08062051272524884
x,y,g,f,f,f,c,b,g,e,b,k,k,n,n,p,w,o,l,h,v,p,1,1,0.999633484843567
f,f,g,f,f,f,c,b,g,e,b,k,k,p,p,p,w,o,l,h,y,p,1,1,0.9988821105402564
x,f,g,f,n,f,w,b,p,t,e,s,s,w,w,p,w,o,e,n,a,g,0,0,1.92361042346669e-05
x,y,g,f,f,f,c,b,h,e,b,k,k,n,n,p,w,o,l,h,y,d,1,1,0.9981353200775643
x,y,e,f,y,f,c,n,b,t,,k,k,w,w,p,w,o,e,w,v,d,1,1,0.9996263367155841
k,y,n,t,n,f,c,b,w,e,,s,s,e,w,p,w,t,e,w,c,w,0,0,0.0042754118029029965
f,s,b,t,f,f,c,b,w,t,b,f,f,w,w,p,w,o,p,h,s,u,1,1,0.9938591191302353
x,y,n,t,n,f,c,b,w,t,b,s,s,p,w,p,w,o,p,n,v,d,0,0,0.0023938993281738246
f,f,n,f,n,f,w,b,k,t,e,f,s,w,w,p,w,o,e,k,a,g,0,0,3.06960900320748e-05
f,y,y,t,a,f,c,b,n,e,r,s,y,w,w,p,w,o,p,k,y,p,0,0,0.002312882438224393
x,y,e,t,n,f,c,b,w,e,,s,s,w,w,p,w,t,e,w,c,w,0,0,0.011531481946265805
x,y,g,t,n,f,c,b,u,t,b,s,s,g,w,p,w,o,p,n,v,d,0,0,0.002096820355853902
x,s,g,f,c,f,w,n,u,e,b,s,s,w,w,p,w,o,p,k,s,d,1,1,0.9690642069092441
x,y,g,f,f,f,c,b,g,e,b,k,k,n,p,p,w,o,l,h,v,p,1,1,0.9998186252100058
x,y,n,f,s,f,c,n,b,t,,s,s,p,p,p,w,o,e,w,v,p,1,1,0.9958798839954023
f,y,n,f,s,f,c,n,b,t,,k,s,p,p,p,w,o,e,w,v,p,1,1,0.9996045058416329
f,y,y,f,f,f,c,b,g,e,b,k,k,n,b,p,w,o,l,h,v,d,1,1,0.999699254133552
x,f,e,t,n,f,c,b,n,t,b,s,s,w,w,p,w,o,p,n,y,d,0,0,0.000196982046959435
f,f,g,f,f,f,c,b,g,e,b,k,k,n,b,p,w,o,l,h,y,g,1,1,0.9992993225565836
f,y,n,f,y,f,c,n,b,t,,s,k,p,p,p,w,o,e,w,v,p,1,1,0.9980308684593668
k,s,g,f,n,f,w,b,w,e,,k,s,w,w,p,w,t,p,w,n,g,0,0,0.005176808557696497
x,f,g,f,f,f,c,b,p,e,b,k,k,n,b,p,w,o,l,h,y,g,1,1,0.9988327254494684
f,f,e,t,n,f,c,b,n,t,b,s,s,w,p,p,w,o,p,k,y,d,0,0,0.0003695823801866842
f,y,n,f,y,f,c,n,b,t,,k,k,w,w,p,w,o,e,w,v,d,1,1,0.9995179081748968
x,f,y,f,f,f,c,b,g,e,b,k,k,n,b,p,w,o,l,h,v,g,1,1,0.9997273677505756
x,s,g,f,n,f,w,b,p,t,e,f,f,w,w,p,w,o,e,n,a,g,0,0,3.9575202621899185e-05
x,f,n,t,n,f,c,b,n,t,b,s,s,w,p,p,w,o,p,n,y,d,0,0,0.00017447127472366918
f,y,n,t,l,f,c,b,p,e,r,s,y,w,w,p,w,o,p,k,s,p,0,0,0.007985902863417887
x,y,g,f,f,f,c,b,p,e,b,k,k,b,p,p,w,o,l,h,y,d,1,1,0.9989040225083579
f,f,n,f,n,f,c,n,g,e,e,s,s,w,w,p,w,o,p,k,y,u,0,0,0.013407656887395722
b,f,w,f,n,f,w,b,g,e,,k,k,w,w,p,w,t,p,w,n,g,0,0,0.01003162036720014
k,s,n,f,n,a,c,b,o,e,,s,s,o,o,p,o,o,p,y,v,l,0,0,0.0032332590304101514
f,y,g,t,n,f,c,b,n,t,b,s,s,p,g,p,w,o,p,n,v,d,0,0,0.002228459146567701
b,y,w,t,l,f,c,b,w,e,c,s,s,w,w,p,w,o,p,k,s,g,0,0,0.013576143006409767
k,y,n,f,f,f,c,n,b,t,,k,s,p,p,p,w,o,e,w,v,d,1,1,0.9999368425998051
f,f,g,f,n,f,w,b,p,t,e,f,s,w,w,p,w,o,e,k,s,g,0,0,7.805073184540184e-05
f,y,y,f,f,f,c,b,h,e,b,k,k,n,n,p,w,o,l,h,y,g,1,1,0.9989184669311596
f,f,e,t,n,f,c,b,n,t,b,s,s,g,g,p,w,o,p,n,v,d,0,0,0.0005943941229774068
x,y,n,t,p,f,c,n,k,e,e,s,s,w,w,p,w,o,p,n,v,u,1,1,0.9792206752213338
x,f,w,f,c,f,c,n,p,e,b,s,s,w,w,p,w,o,p,n,s,d,1,1,0.9929444727401757
x,y,g,f,f,f,c,b,p,e,b,k,k,p,n,p,w,o,l,h,v,p,1,1,0.9995578353608063
x,s,e,f,s,f,c,n,b,t,,k,s,w,w,p,w,o,e,w,v,d,1,1,0.9994531046886004
f,y,e,t,n,f,c,b,w,t,b,s,s,p,g,p,w,o,p,n,y,d,0,0,0.0006185641118445355
x,y,n,t,a,f,c,b,w,e,r,s,y,w,w,p,w,o,p,k,s,g,0,0,0.01769447920132815
x,y,g,t,n,f,c,b,n,t,b,s,s,w,w,p,w,o,p,n,y,d,0,0,0.0004187406667583154
x,y,y,t,a,f,c,b,p,e,r,s,y,w,w,p,w,o,p,k,y,p,0,0,0.0023909050357421528
k,s,w,f,n,f,w,b,p,e,,s,k,w,w,p,w,t,p,w,s,g,0,0,0.0041735941364531935
x,f,w,f,n,f,w,b,k,t,e,f,f,w,w,p,w,o,e,k,s,g,0,0,3.756409062371826e-05
f,s,b,t,f,f,c,b,p,t,b,f,s,w,w,p,w,o,p,h,s,u,1,1,0.9967728941810832
x,s,w,f,c,f,c,n,p,e,b,s,s,w,w,p,w,o,p,n,s,d,1,1,0.9970012613456937
x,s,n,f,s,f,c,n,b,t,,s,s,w,p,p,w,o,e,w,v,p,1,1,0.9951901827333542
f,f,g,t,n,f,c,b,n,t,b,s,s,w,g,p,w,o,p,n,y,d,0,0,0.00017814239223265104
k,y,e,f,f,f,c,n,b,t,,k,s,w,p,p,w,o,e,w,v,p,1,1,0.9999461387222321
x,f,n,t,n,f,c,b,n,t,b,s,s,w,g,p,w,o,p,n,v,d,0,0,0.0004274235335880405
x,y,e,f,y,f,c,n,b,t,,k,k,p,p,p,w,o,e,w,v,d,1,1,0.9998045745148973
f,y,y,f,f,f,c,b,g,e,b,k,k,p,b,p,w,o,l,h,y,p,1,1,0.9990431196418277
f,y,n,t,n,f,c,b,u,t,b,s,s,g,w,p,w,o,p,n,y,d,0,0,0.00031629421485430536
f,f,g,t,n,f,c,b,p,t,b,s,s,w,p,p,w,o,p,k,v,d,0,0,0.0022331444681128678
x,s,g,f,n,f,w,b,k,t,e,s,f,w,w,p,w,o,e,k,s,g,0,0,3.170480608353363e-05
k,y,e,f,s,f,c,n,b,t,,s,k,w,w,p,w,o,e,w,v,l,1,1,0.9979827354238118
x,s,w,t,l,f,c,b,n,e,c,s,s,w,w,p,w,o,p,n,n,g,0,0,0.002154657718718741
f,f,w,f,n,f,w,b,n,t,e,f,f,w,w,p,w,o,e,k,s,g,0,0,3.9818742012341934e-05
x,s,w,t,l,f,c,b,g,e,c,s,s,w,w,p,w,o,p,k,s,g,0,0,0.01653166901809804
k,s,e,f,f,f,c,n,b,t,,s,s,p,w,p,w,o,e,w,v,l,1,1,0.9998049978509201
x,f,n,t,n,f,c,b,w,t,b,s,s,w,p,p,w,o,p,k,v,d,0,0,0.0014321116498033598
x,y,n,t,l,f,c,b,p,e,r,s,y,w,w,p,w,o,p,n,y,g,0,0,0.0033634947717350434
x,f,e,t,n,f,c,b,u,t,b,s,s,w,p,p,w,o,p,k,y,d,0,0,0.00043074126395843156
f,s,b,t,n,f,c,b,g,e,b,s,s,w,w,p,w,t,p,r,v,g,1,1,0.9324346958657668
f,s,e,f,f,f,c,n,b,t,,k,k,p,w,p,w,o,e,w,v,d,1,1,0.9999822653168572
f,y,n,t,n,f,c,b,w,t,b,s,s,w,w,p,w,o,p,k,v,d,0,0,0.0023491367760402047
f,f,g,f,n,f,w,b,h,t,e,f,s,w,w,p,w,o,e,k,a,g,0,0,8.585242015091084e-05
x,y,y,f,f,f,c,b,p,e,b,k,k,b,b,p,w,o,l,h,v,g,1,1,0.9998353022442276
x,s,n,t,n,f,c,b,e,e,,s,s,e,w,p,w,t,e,w,c,w,0,0,0.004092594428318015
x,y,n,f,y,f,c,n,b,t,,k,s,p,p,p,w,o,e,w,v,l,1,1,0.9997513117365535
k,y,p,t,n,f,c,b,e,e,,s,s,w,w,p,w,t,e,w,c,w,0,0,0.014568272044094473
f,s,n,f,s,f,c,n,b,t,,k,k,p,p,p,w,o,e,w,v,p,1,1,0.999826906333642
f,f,y,f,f,f,c,b,g,e,b,k,k,p,p,p,w,o,l,h,y,g,1,1,0.9991337852955071
f,y,g,f,f,f,c,b,h,e,b,k,k,n,n,p,w,o,l,h,y,d,1,1,0.9983606305737999
x,y,n,f,y,f,c,n,b,t,,s,s,w,w,p,w,o,e,w,v,d,1,1,0.9909284725294042
f,y,g,t,n,f,c,b,n,t,b,s,s,p,p,p,w,o,p,n,y,d,0,0,0.000910612326942957
f,y,g,t,n,f,c,b,w,t,b,s,s,p,p,p,w,o,p,n,y,d,0,0,0.001298352309485624
x,f,n,f,n,f,c,n,g,e,e,s,s,w,w,p,w,o,p,k,v,u,0,0,0.051462565820865086
k,s,e,f,f,f,c,n,b,t,,k,k,p,p,p,w,o,e,w,v,d,1,1,0.9999811736533781
f,f,g,t,n,f,c,b,w,t,b,s,s,w,w,p,w,o,p,n,y,d,0,0,0.00036216661602462517
f,f,g,t,n,f,c,b,p,t,b,s,s,w,w,p,w,o,p,k,y,d,0,0,0.0003788492545805991
x,y,e,t,n,f,c,b,p,t,b,s,s,p,g,p,w,o,p,n,v,d,0,0,0.0020334422963786836
x,s,w,t,a,f,c,b,n,e,c,s,s,w,w,p,w,o,p,n,n,g,0,0,0.0022563554002936813
b,y,w,t,l,f,c,b,n,e,c,s,s,w,w,p,w,o,p,n,s,g,0,0,0.00754865871086388
x,s,w,t,l,f,c,b,w,e,c,s,s,w,w,p,w,o,p,n,s,m,0,0,0.013499417301807117
x,s,e,f,f,f,c,n,b,t,,k,s,p,w,p,w,o,e,w,v,d,1,1,0.9999633774124456
b,y,y,t,a,f,c,b,w,e,c,s,s,w,w,p,w,o,p,k,n,m,0,0,0.002336188533741782
x,y,w,t,l,f,c,b,k,e,c,s,s,w,w,p,w,o,p,n,s,m,0,0,0.008111766769085552
k,s,e,f,y,f,c,n,b,t,,s,s,p,p,p,w,o,e,w,v,p,1,1,0.9973327572279653
x,y,g,t,n,f,c,b,p,t,b,s,s,g,g,p,w,o,p,k,y,d,0,0,0.00036501364417619424
f,s,g,t,f,f,c,b,w,t,b,s,s,w,w,p,w,o,p,h,s,u,1,1,0.9878976079242258
x,y,e,f,m,a,c,b,y,e,c,k,y,c,c,p,w,n,n,w,c,d,1,1,0.9840923446592172
x,y,g,t,n,f,c,b,n,t,b,s,s,p,p,p,w,o,p,k,y,d,0,0,0.001015283193290709
f,y,n,f,s,f,c,n,b,t,,s,s,p,w,p,w,o,e,w,v,d,1,1,0.9944756965910821
k,s,e,f,f,f,c,n,b,t,,k,s,w,w,p,w,o,e,w,v,d,1,1,0.9999346522238235
k,s,n,f,y,f,c,n,b,t,,k,s,p,w,p,w,o,e,w,v,d,1,1,0.9993479178183022
f,y,n,t,n,f,c,b,u,t,b,s,s,w,w,p,w,o,p,k,v,d,0,0,0.002184287137155889
x,s,y,t,l,f,c,b,n,e,c,s,s,w,w,p,w,o,p,k,n,g,0,0,0.0012687703211993135
f,f,g,t,n,f,c,b,n,t,b,s,s,g,p,p,w,o,p,n,v,d,0,0,0.0012476532015923672
f,f,g,t,n,f,c,b,p,t,b,s,s,w,g,p,w,o,p,k,v,d,0,0,0.001206037301939733
b,y,y,t,a,f,c,b,g,e,c,s,s,w,w,p,w,o,p,k,s,m,0,0,0.009973770425126257
x,f,n,t,n,f,c,b,n,t,b,s,s,p,p,p,w,o,p,k,y,d,0,0,0.00032549940458565836
f,y,n,t,n,f,c,b,w,t,b,s,s,g,w,p,w,o,p,n,y,d,0,0,0.00034021322262270685
k,y,e,f,f,f,c,n,b,t,,k,k,w,p,p,w,o,e,w,v,l,1,1,0.9999833486906179
k,y,n,f,f,f,c,n,b,t,,s,s,w,w,p,w,o,e,w,v,p,1,1,0.9990559687389676
f,f,e,t,n,f,c,b,w,t,b,s,s,g,p,p,w,o,p,k,v,d,0,0,0.0019907763119997985
x,s,w,t,p,f,c,n,k,e,e,s,s,w,w,p,w,o,p,k,s,g,1,1,0.9934266387380268
x,y,b,t,n,f,c,b,e,e,,s,s,e,e,p,w,t,e,w,c,w,0,0,0.006790388445031145
f,s,b,t,f,f,c,b,p,t,b,s,f,w,w,p,w,o,p,h,s,u,1,1,0.9851215880885097
f,y,n,t,n,f,c,b,w,e,b,s,s,w,w,p,w,t,p,w,y,p,0,0,0.004388076302164341
f,y,e,f,f,f,c,n,b,t,,k,s,w,p,p,w,o,e,w,v,d,1,1,0.9999541515667357
x,y,y,f,f,f,c,b,h,e,b,k,k,p,n,p,w,o,l,h,y,p,1,1,0.9979708066438636
f,y,g,f,f,f,c,b,g,e,b,k,k,b,b,p,w,o,l,h,v,d,1,1,0.9998501295417342
f,y,b,t,n,f,c,b,w,e,,s,s,e,w,p,w,t,e,w,c,w,0,0,0.021951994254702626
f,f,g,t,n,f,c,b,w,t,b,s,s,g,g,p,w,o,p,k,v,d,0,0,0.0012180247786457831
f,y,p,t,n,f,c,b,w,e,,s,s,e,w,p,w,t,e,w,c,w,0,0,0.020900634045233433
f,s,w,f,n,f,w,b,h,t,e,s,f,w,w,p,w,o,e,n,s,g,0,0,6.638842279135618e-05
f,f,n,t,n,f,c,b,u,t,b,s,s,p,p,p,w,o,p,n,y,d,0,0,0.00038706290897909374
f,s,g,f,n,f,w,b,h,t,e,s,s,w,w,p,w,o,e,k,s,g,0,0,0.00014035332815412303
f,y,y,f,f,f,c,b,h,e,b,k,k,p,b,p,w,o,l,h,v,g,1,1,0.9998995559140191
x,s,g,t,f,f,c,b,h,t,b,s,s,w,w,p,w,o,p,h,v,g,1,1,0.9933029509199868
x,f,n,f,n,f,c,n,n,e,e,s,s,w,w,p,w,o,p,n,y,u,0,0,0.005434977359841947
f,f,e,t,n,f,c,b,n,t,b,s,s,w,g,p,w,o,p,k,v,d,0,0,0.0009051548830459168
x,f,e,t,n,f,c,b,w,t,b,s,s,g,w,p,w,o,p,k,y,d,0,0,0.0002968087880425017
x,f,w,f,c,f,c,n,g,e,b,s,s,w,w,p,w,o,p,n,v,d,1,1,0.9964749031413983
f,f,e,t,n,f,c,b,u,t,b,s,s,p,w,p,w,o,p,n,v,d,0,0,0.001981745874018118
f,y,b,t,n,f,c,b,w,e,,s,s,w,w,p,w,t,e,w,c,w,0,0,0.033107513687146164
x,s,n,f,n,f,w,b,n,t,e,s,f,w,w,p,w,o,e,n,a,g,0,0,1.0035612464412455e-05
f,y,e,f,y,f,c,n,b,t,,s,s,w,p,p,w,o,e,w,v,p,1,1,0.9964245660050387
f,y,n,t,p,f,c,n,w,e,e,s,s,w,w,p,w,o,p,k,v,g,1,1,0.9908016995868378
f,y,y,t,a,f,c,b,n,e,r,s,y,w,w,p,w,o,p,n,s,p,0,0,0.006017181521163321
x,y,e,t,n,f,c,b,p,t,b,s,s,g,w,p,w,o,p,n,v,d,0,0,0.001641986698390756
x,y,g,f,f,f,c,b,p,e,b,k,k,n,b,p,w,o,l,h,v,d,1,1,0.9996771856184861
x,y,g,f,f,f,c,b,p,e,b,k,k,b,b,p,w,o,l,h,v,p,1,1,0.9997874066890933
x,y,n,t,n,f,c,b,u,t,b,s,s,g,p,p,w,o,p,n,v,d,0,0,0.0016396351731290456
f,s,n,f,n,a,c,b,n,e,,s,s,o,o,p,n,o,p,y,c,l,0,0,0.004317902909125246
x,f,y,f,f,f,c,b,g,e,b,k,k,b,n,p,w,o,l,h,y,d,1,1,0.9956092437519307
x,s,w,t,f,f,c,b,p,t,b,s,f,w,w,p,w,o,p,h,s,u,1,1,0.972602105034718
x,y,g,t,n,f,c,b,w,t,b,s,s,w,w,p,w,o,p,k,v,d,0,0,0.003431104394646362
x,s,w,t,p,f,c,n,k,e,e,s,s,w,w,p,w,o,p,n,v,g,1,1,0.9939150358737863
f,y,g,f,f,f,c,b,h,e,b,k,k,n,b,p,w,o,l,h,y,g,1,1,0.9996433249446995
f,y,e,f,s,f,c,n,b,t,,k,k,p,p,p,w,o,e,w,v,p,1,1,0.9998515373730564
f,f,e,t,n,f,c,b,p,t,b,s,s,g,g,p,w,o,p,k,v,d,0,0,0.0008866258251909426
x,s,g,f,n,f,w,b,k,t,e,f,s,w,w,p,w,o,e,n,s,g,0,0,0.00011657712313377448
f,s,e,f,f,f,c,n,b,t,,s,s,w,w,p,w,o,e,w,v,p,1,1,0.9996297338185453
f,y,e,t,n,f,c,b,p,t,b,s,s,p,w,p,w,o,p,k,v,d,0,0,0.004174866208833714
f,s,n,f,n,a,c,b,y,e,,s,s,o,o,p,n,o,p,n,c,l,0,0,0.002716497716076764
f,y,y,f,f,f,c,b,p,e,b,k,k,n,p,p,w,o,l,h,y,g,1,1,0.9991787597778305
x,s,g,f,n,f,w,b,n,t,e,f,s,w,w,p,w,o,e,k,s,g,0,0,0.00013779038970285608
x,f,w,f,n,f,w,b,p,t,e,f,f,w,w,p,w,o,e,k,s,g,0,0,4.1165148214276094e-05
x,y,n,f,s,f,c,n,b,t,,k,s,w,w,p,w,o,e,w,v,l,1,1,0.9995171989895196
f,f,e,t,n,f,c,b,u,t,b,s,s,w,g,p,w,o,p,n,v,d,0,0,0.0009461014696653001
k,y,n,f,s,f,c,n,b,t,,s,k,w,p,p,w,o,e,w,v,l,1,1,0.9977230037800144
f,y,g,t,n,f,c,b,u,t,b,s,s,g,p,p,w,o,p,k,y,d,0,0,0.0008673776946103526
k,s,g,f,n,f,w,b,w,e,,k,k,w,w,p,w,t,p,w,s,g,0,0,0.03254407018806474
x,y,e,t,n,f,c,b,w,t,b,s,s,w,p,p,w,o,p,k,y,d,0,0,0.0008689819591020806
x,y,y,f,f,f,c,b,g,e,b,k,k,b,b,p,w,o,l,h,y,g,1,1,0.9994895507755496
f,y,n,f,s,f,c,n,b,t,,s,k,w,w,p,w,o,e,w,v,p,1,1,0.9961833299551506
f,s,n,f,y,f,c,n,b,t,,s,s,w,p,p,w,o,e,w,v,d,1,1,0.9951086753271537
x,f,w,f,n,f,w,b,w,e,,k,s,w,w,p,w,t,p,w,s,g,0,0,0.013043858823428706
b,s,y,t,l,f,c,b,k,e,c,s,s,w,w,p,w,o,p,k,s,g,0,0,0.006010612000611871
x,y,e,t,n,f,c,b,p,t,b,s,s,w,g,p,w,o,p,n,v,d,0,0,0.0013833989277389437
k,f,g,f,n,f,w,b,g,e,,k,k,w,w,p,w,t,p,w,s,g,0,0,0.016910060491543557
k,y,c,f,m,f,c,b,w,e,c,k,y,c,c,p,w,n,n,w,c,d,1,1,0.9707756997705721
f,s,b,t,n,f,c,b,w,e,,s,s,w,e,p,w,t,e,w,c,w,0,0,0.023289493939588592
x,y,w,t,p,f,c,n,p,e,e,s,s,w,w,p,w,o,p,k,v,g,1,1,0.9944859387955656
f,y,g,f,f,f,c,b,p,e,b,k,k,b,p,p,w,o,l,h,y,p,1,1,0.9991798389423716
b,f,w,f,n,f,w,b,p,e,,k,s,w,w,p,w,t,p,w,s,g,0,0,0.013389705911521133
b,s,y,t,l,f,c,b,n,e,c,s,s,w,w,p,w,o,p,n,s,m,0,0,0.005510127500603103
x,f,e,t,n,f,c,b,p,t,b,s,s,p,w,p,w,o,p,n,y,d,0,0,0.0003407215749783432
x,s,n,f,n,f,w,b,n,t,e,f,s,w,w,p,w,o,e,k,a,g,0,0,5.938774879170418e-05
x,s,p,f,c,f,w,n,n,e,b,s,s,w,w,p,w,o,p,n,v,d,1,1,0.9822328234092138
x,f,g,f,f,f,c,b,g,e,b,k,k,b,p,p,w,o,l,h,v,p,1,1,0.9997367299277803
x,f,w,f,n,f,w,b,h,t,e,s,f,w,w,p,w,o,e,k,s,g,0,0,3.1336114631676106e-05
f,f,n,t,n,f,c,b,n,t,b,s,s,p,g,p,w,o,p,n,v,d,0,0,0.0007150331048370264
k,s,e,t,n,f,c,b,e,e,,s,s,w,w,p,w,t,e,w,c,w,0,0,0.007528823368550165
f,y,n,t,p,f,c,n,n,e,e,s,s,w,w,p,w,o,p,k,v,u,1,1,0.9844650146266194
f,y,g,t,n,f,c,b,u,t,b,s,s,p,w,p,w,o,p,k,v,d,0,0,0.005327568608091981
f,y,g,t,n,f,c,b,p,t,b,s,s,g,p,p,w,o,p,k,v,d,0,0,0.003485195195408764
x,y,n,t,p,f,c,n,k,e,e,s,s,w,w,p,w,o,p,n,s,u,1,1,0.9717275800002607
x,y,y,t,a,f,c,b,w,e,c,s,s,w,w,p,w,o,p,k,s,g,0,0,0.005339239711460619
k,y,e,f,f,f,c,n,b,t,,k,k,w,w,p,w,o,e,w,v,d,1,1,0.9999546707639828
x,y,g,t,n,f,c,b,n,t,b,s,s,g,p,p,w,o,p,n,v,d,0,0,0.002056038018979669
x,s,g,f,n,f,w,b,k,t,e,f,s,w,w,p,w,o,e,k,a,g,0,0,0.0001060251332673449
f,s,b,t,f,f,c,b,w,t,b,f,s,w,w,p,w,o,p,h,s,u,1,1,0.9973374380664325
f,f,n,t,n,f,c,b,p,t,b,s,s,w,p,p,w,o,p,n,y,d,0,0,0.00023344900132743414
x,y,y,f,f,f,c,b,h,e,b,k,k,n,p,p,w,o,l,h,v,p,1,1,0.9997311231875118
f,y,e,t,n,f,c,b,u,t,b,s,s,g,g,p,w,o,p,k,v,d,0,0,0.0018737624656623812
f,y,y,f,f,f,c,b,h,e,b,k,k,n,p,p,w,o,l,h,v,p,1,1,0.9997636574060287
x,s,n,f,n,f,c,b,w,e,b,y,y,n,n,p,w,t,p,w,y,d,0,0,0.028636615806225174
x,y,y,t,a,f,c,b,w,e,r,s,y,w,w,p,w,o,p,k,s,g,0,0,0.018932909585289422
x,f,w,f,n,f,w,b,n,t,e,f,f,w,w,p,w,o,e,n,s,g,0,0,2.7589428250963676e-05
x,y,w,t,a,f,c,b,w,e,c,s,s,w,w,p,w,o,p,n,n,m,0,0,0.003185971847611692
f,f,n,t,n,f,c,b,p,t,b,s,s,p,p,p,w,o,p,k,v,d,0,0,0.0019750313588893856
f,f,e,t,n,f,c,b,n,t,b,s,s,g,w,p,w,o,p,n,v,d,0,0,0.0008471457318630502
f,f,n,t,n,f,c,b,n,t,b,s,s,w,g,p,w,o,p,k,v,d,0,0,0.0006167743432905804
b,s,w,t,a,f,c,b,n,e,c,s,s,w,w,p,w,o,p,n,s,g,0,0,0.009929952538958084
x,y,e,f,f,f,c,n,b,t,,s,s,w,p,p,w,o,e,w,v,l,1,1,0.9997710700701233
x,y,w,t,l,f,c,b,g,e,c,s,s,w,w,p,w,o,p,k,s,m,0,0,0.01638302091582449
f,y,n,f,f,f,c,n,b,t,,s,k,p,p,p,w,o,e,w,v,d,1,1,0.9997683377148949
x,s,n,f,n,a,c,b,o,e,,s,s,o,o,p,o,o,p,n,c,l,0,0,0.0015040294829317717
x,y,n,t,n,f,c,b,p,t,b,s,s,w,g,p,w,o,p,n,v,d,0,0,0.0009427945710355995
f,f,w,f,n,f,w,b,n,t,e,s,s,w,w,p,w,o,e,k,s,g,0,0,4.5722683735328657e-05
f,s,w,t,f,f,c,b,w,t,b,f,s,w,w,p,w,o,p,h,s,u,1,1,0.9956423662253069
x,y,c,f,m,a,c,b,y,e,c,k,y,c,c,p,w,n,n,w,c,d,1,1,0.9721363126780243
k,y,n,f,y,f,c,n,b,t,,k,k,p,w,p,w,o,e,w,v,p,1,1,0.9996149116903092
x,y,e,f,y,f,c,n,b,t,,s,s,w,w,p,w,o,e,w,v,p,1,1,0.9947201668994717
f,y,e,f,y,f,c,n,b,t,,s,s,w,p,p,w,o,e,w,v,l,1,1,0.9979905617738215
x,s,n,f,f,f,c,n,b,t,,s,k,p,p,p,w,o,e,w,v,d,1,1,0.999790664290399
f,s,n,f,n,f,w,b,h,t,e,s,s,w,w,p,w,o,e,k,s,g,0,0,8.437711252690374e-05
f,y,e,f,y,f,c,n,b,t,,s,s,p,p,p,w,o,e,w,v,p,1,1,0.9975663455335707
x,s,w,t,a,f,c,b,k,e,c,s,s,w,w,p,w,o,p,n,s,g,0,0,0.008569917560338498
f,y,g,t,n,f,c,b,p,t,b,s,s,w,w,p,w,o,p,k,v,d,0,0,0.003219528107651295
x,f,e,t,n,f,c,b,w,t,b,s,s,w,w,p,w,o,p,n,v,d,0,0,0.0012747738069591864
x,f,n,f,n,f,w,b,h,t,e,s,s,w,w,p,w,o,e,k,a,g,0,0,2.2507677971614006e-05
f,y,y,f,f,f,c,b,h,e,b,k,k,b,p,p,w,o,l,h,v,p,1,1,0.9998171432586731
x,s,b,t,f,f,c,b,h,t,b,f,s,w,w,p,w,o,p,h,v,g,1,1,0.9985328907919566
x,s,n,f,y,f,c,n,b,t,,s,k,w,p,p,w,o,e,w,v,l,1,1,0.9985307301310877
x,s,n,f,n,a,c,b,y,e,,s,s,o,o,p,n,o,p,n,v,l,0,0,0.001750614287638362
b,s,y,t,a,f,c,b,g,e,c,s,s,w,w,p,w,o,p,n,n,m,0,0,0.0027996353779700823
x,s,g,f,n,f,w,b,n,t,e,s,f,w,w,p,w,o,e,k,a,g,0,0,2.1178055008021077e-05
b,y,b,t,n,f,c,b,g,e,b,s,s,w,w,p,w,t,p,r,v,m,1,1,0.9373738878561152
x,y,g,t,n,f,c,b,n,t,b,s,s,w,p,p,w,o,p,k,v,d,0,0,0.003128582309246817
x,y,g,t,n,f,c,b,u,t,b,s,s,p,g,p,w,o,p,k,v,d,0,0,0.0032915326210671697
x,s,w,f,n,f,w,b,n,t,e,s,s,w,w,p,w,o,e,k,s,g,0,0,9.493939350341633e-05
x,s,e,t,n,f,c,b,w,e,,s,s,e,w,p,w,t,e,w,c,w,0,0,0.009536160116088776
x,s,e,f,f,f,c,n,b,t,,s,s,p,p,p,w,o,e,w,v,l,1,1,0.9998763671444678
x,y,n,t,n,f,c,b,p,t,b,s,s,w,p,p,w,o,p,n,y,d,0,0,0.0003849595637869245
x,s,e,f,s,f,c,n,b,t,,s,s,p,p,p,w,o,e,w,v,l,1,1,0.9987455536520633
x,y,y,t,l,f,c,b,w,e,c,s,s,w,w,p,w,o,p,k,s,g,0,0,0.005099301472867924
x,y,e,f,s,f,c,n,b,t,,s,s,w,w,p,w,o,e,w,v,l,1,1,0.996984844958673
x,y,y,t,a,f,c,b,k,e,c,s,s,w,w,p,w,o,p,n,n,g,0,0,0.0008932186020616826
x,y,g,f,f,f,c,b,p,e,b,k,k,p,b,p,w,o,l,h,y,d,1,1,0.9987935513662624
x,y,e,t,n,f,c,b,n,t,b,s,s,p,g,p,w,o,p,n,y,d,0,0,0.0003812718398329175
f,y,e,f,s,f,c,n,b,t,,k,s,p,p,p,w,o,e,w,v,l,1,1,0.9998487873437433
x,y,u,f,n,f,c,n,w,e,,s,f,w,w,p,w,o,f,h,v,d,0,0,0.06698735606345718
k,s,e,f,s,f,c,n,b,t,,k,k,p,p,p,w,o,e,w,v,l,1,1,0.9999086704791895
f,y,w,t,p,f,c,n,p,e,e,s,s,w,w,p,w,o,p,n,v,g,1,1,0.993855376173738
b,s,w,t,a,f,c,b,g,e,c,s,s,w,w,p,w,o,p,n,n,m,0,0,0.0060173212039286205
f,f,n,t,n,f,c,b,u,t,b,s,s,w,g,p,w,o,p,k,y,d,0,0,0.00018014656200192853
x,y,n,f,s,f,c,n,b,t,,k,k,p,w,p,w,o,e,w,v,l,1,1,0.9998191061468203
x,y,e,t,n,f,c,b,n,t,b,s,s,w,w,p,w,o,p,n,y,d,0,0,0.00036954393765668625
f,y,n,t,n,f,c,b,n,t,b,s,s,w,g,p,w,o,p,n,v,d,0,0,0.0009119850791685488
f,y,g,f,f,f,c,b,p,e,b,k,k,n,b,p,w,o,l,h,v,p,1,1,0.9997584729393094
f,y,g,t,n,f,c,b,n,t,b,s,s,p,p,p,w,o,p,n,v,d,0,0,0.004122705471134834
k,f,w,f,n,f,w,b,g,e,,k,s,w,w,p,w,t,p,w,s,g,0,0,0.012989008695141963
x,s,n,f,n,f,w,b,h,t,e,s,f,w,w,p,w,o,e,n,a,g,0,0,1.81101186451835e-05
k,y,n,f,s,f,c,n,b,t,,k,k,p,p,p,w,o,e,w,v,p,1,1,0.9996992362739945
x,s,e,f,s,f,c,n,b,t,,s,k,w,p,p,w,o,e,w,v,d,1,1,0.9978735036395469
b,s,y,t,l,f,c,b,n,e,c,s,s,w,w,p,w,o,p,k,n,m,0,0,0.001969760751358987
x,y,g,t,n,f,c,b,n,t,b,s,s,w,w,p,w,o,p,k,v,d,0,0,0.002407974942871535
k,y,n,f,s,f,c,n,b,t,,s,k,p,p,p,w,o,e,w,v,p,1,1,0.9972424589465991
f,y,w,f,n,f,c,n,p,e,,s,f,w,w,p,w,o,f,h,v,d,0,0,0.1320207767497657
x,s,b,t,f,f,c,b,w,t,b,s,f,w,w,p,w,o,p,h,s,u,1,1,0.9860291575494295
f,s,n,f,f,f,c,n,b,t,,s,k,p,w,p,w,o,e,w,v,l,1,1,0.9998857291247164
x,y,n,t,a,f,c,b,w,e,r,s,y,w,w,p,w,o,p,k,y,p,0,0,0.002705560571193282
x,f,g,f,n,f,w,b,n,t,e,s,s,w,w,p,w,o,e,n,a,g,0,0,1.635498514355305e-05
f,s,w,f,n,f,w,b,h,t,e,s,s,w,w,p,w,o,e,k,a,g,0,0,0.00013973321562490217
x,y,e,t,n,f,c,b,e,e,,s,s,e,w,p,w,t,e,w,c,w,0,0,0.004768465122425937
x,f,n,f,n,f,w,b,n,t,e,f,s,w,w,p,w,o,e,k,a,g,0,0,2.513912375936892e-05
x,y,g,t,n,f,c,b,n,t,b,s,s,w,p,p,w,o,p,n,v,d,0,0,0.0024678042214886942
f,f,g,t,n,f,c,b,w,t,b,s,s,w,p,p,w,o,p,n,v,d,0,0,0.0021349822787017038
x,y,e,f,f,f,c,n,b,t,,k,k,p,w,p,w,o,e,w,v,d,1,1,0.9999745965447783
k,s,n,f,n,a,c,b,n,e,,s,s,o,o,p,n,o,p,b,c,l,0,0,0.0030821856727084583
x,f,g,t,n,f,c,b,u,t,b,s,s,g,w,p,w,o,p,n,y,d,0,0,0.00024649269575259503
x,s,g,f,c,f,w,n,g,e,b,s,s,w,w,p,w,o,p,k,v,d,1,1,0.9823970686212444
x,y,n,t,p,f,c,n,w,e,e,s,s,w,w,p,w,o,p,k,v,g,1,1,0.9895483858694651
x,y,y,f,f,f,c,b,p,e,b,k,k,p,p,p,w,o,l,h,v,g,1,1,0.9998304786940404
x,f,w,f,n,f,w,b,k,t,e,s,f,w,w,p,w,o,e,k,a,g,0,0,1.3361282152828606e-05
x,y,y,t,l,f,c,b,w,e,c,s,s,w,w,p,w,o,p,n,n,g,0,0,0.0011331769115055527
b,s,w,f,n,f,w,b,p,e,,k,s,w,w,p,w,t,p,w,n,g,0,0,0.008922334938978068
k,s,n,f,f,f,c,n,b,t,,k,s,p,p,p,w,o,e,w,v,p,1,1,0.9999573038195989
f,y,e,t,n,f,c,b,p,t,b,s,s,p,w,p,w,o,p,n,v,d,0,0,0.003293835933926251
f,y,n,t,n,f,c,b,n,t,b,s,s,p,p,p,w,o,p,n,y,d,0,0,0.0005476069133828543
f,y,n,f,s,f,c,n,b,t,,s,k,p,p,p,w,o,e,w,v,p,1,1,0.998000600904786
f,y,n,t,n,f,c,b,u,t,b,s,s,p,p,p,w,o,p,k,y,d,0,0,0.0009208494728119747
x,f,g,f,f,f,c,b,g,e,b,k,k,p,b,p,w,o,l,h,v,p,1,1,0.9997101687651215
x,s,b,t,f,f,c,b,p,t,b,s,f,w,w,p,w,o,p,h,v,u,1,1,0.9876229877795256
f,y,g,t,n,f,c,b,w,t,b,s,s,g,p,p,w,o,p,n,v,d,0,0,0.0033321804931655398
f,f,e,t,n,f,c,b,p,t,b,s,s,g,p,p,w,o,p,n,v,d,0,0,0.0012949145791000915
x,y,y,t,a,f,c,b,n,e,r,s,y,w,w,p,w,o,p,k,s,p,0,0,0.006704890761651833
f,y,y,t,a,f,c,b,n,e,r,s,y,w,w,p,w,o,p,k,s,g,0,0,0.015159415870080182
f,f,g,t,n,f,c,b,p,t,b,s,s,g,g,p,w,o,p,n,y,d,0,0,0.00017449311247378288
x,y,y,t,l,f,c,b,k,e,c,s,s,w,w,p,w,o,p,k,n,g,0,0,0.001081750185219904
f,y,n,t,n,f,c,b,p,t,b,s,s,g,w,p,w,o,p,n,v,d,0,0,0.001273015408345524
x,s,n,f,n,a,c,b,n,e,,s,s,o,o,p,o,o,p,o,v,l,0,0,0.002771877897322949
x,y,g,t,n,f,c,b,n,t,b,s,s,w,w,p,w,o,p,k,y,d,0,0,0.0005311546113284433
f,s,w,t,f,f,c,b,w,t,b,f,f,w,w,p,w,o,p,h,s,g,1,1,0.9915713605319074
x,f,g,t,n,f,c,b,n,t,b,s,s,w,p,p,w,o,p,n,y,d,0,0,0.0002901990801320085
f,f,e,t,n,f,c,b,u,t,b,s,s,g,w,p,w,o,p,n,v,d,0,0,0.0011230406258621937
f,f,n,t,n,f,c,b,u,t,b,s,s,p,w,p,w,o,p,n,y,d,0,0,0.00029772199698423706
x,s,p,f,c,f,c,n,n,e,b,s,s,w,w,p,w,o,p,k,v,d,1,1,0.9986973009376411
x,f,w,f,n,f,w,b,g,e,,s,k,w,w,p,w,t,p,w,s,g,0,0,0.003143091848186458
f,s,w,f,n,f,w,b,k,t,e,s,f,w,w,p,w,o,e,n,a,g,0,0,2.8307666572336006e-05
k,s,e,f,s,f,c,n,b,t,,k,s,w,w,p,w,o,e,w,v,p,1,1,0.9994352885351991
f,y,y,f,n,f,w,n,y,e,c,y,y,y,y,p,y,o,e,w,c,l,1,1,0.8683816640044211
k,s,e,f,s,f,c,n,b,t,,s,s,w,p,p,w,o,e,w,v,l,1,1,0.9977637558404376
x,s,w,t,p,f,c,n,k,e,e,s,s,w,w,p,w,o,p,n,s,u,1,1,0.9900958839473365
x,y,e,f,s,f,c,n,b,t,,k,k,w,p,p,w,o,e,w,v,p,1,1,0.9997515915162808
f,s,w,f,n,f,w,b,p,t,e,f,s,w,w,p,w,o,e,k,a,g,0,0,0.00018355635422847755
b,y,y,t,l,f,c,b,g,e,c,s,s,w,w,p,w,o,p,n,n,g,0,0,0.001703722913147205
x,f,g,f,f,f,c,b,p,e,b,k,k,b,b,p,w,o,l,h,v,p,1,1,0.9996011743413533
f,y,n,t,a,f,c,b,p,e,r,s,y,w,w,p,w,o,p,n,y,g,0,0,0.0040050695478643485
k,s,n,f,n,a,c,b,n,e,,s,s,o,o,p,o,o,p,o,v,l,0,0,0.002285907400193878
x,y,e,t,n,f,c,b,p,t,b,s,s,p,w,p,w,o,p,k,v,d,0,0,0.0036714411561631663
f,f,y,f,f,f,c,b,h,e,b,k,k,b,b,p,w,o,l,h,v,g,1,1,0.9998229652446128
f,s,n,f,y,f,c,n,b,t,,k,k,w,w,p,w,o,e,w,v,p,1,1,0.9996740481134851
f,y,e,t,n,f,c,b,w,t,b,s,s,p,p,p,w,o,p,n,y,d,0,0,0.0011459308178246972
k,f,w,f,n,f,w,b,w,e,,s,k,w,w,p,w,t,p,w,s,g,0,0,0.0021467971986774206
k,s,e,f,f,f,c,n,b,t,,k,k,w,w,p,w,o,e,w,v,l,1,1,0.9999828046746014
f,y,w,t,n,f,c,b,w,e,b,s,s,w,w,p,w,t,p,r,v,g,1,1,0.8469680425027102
x,y,g,f,f,f,c,b,h,e,b,k,k,n,p,p,w,o,l,h,y,g,1,1,0.9996076492755085
x,f,p,f,c,f,w,n,g,e,b,s,s,w,w,p,w,o,p,n,v,d,1,1,0.9757994246025078
b,s,w,f,n,f,w,b,p,e,,k,k,w,w,p,w,t,p,w,n,g,0,0,0.016078283748760056
x,f,y,f,f,f,c,b,g,e,b,k,k,b,p,p,w,o,l,h,y,d,1,1,0.9978227496670339
f,s,n,f,f,f,c,n,b,t,,s,s,p,w,p,w,o,e,w,v,p,1,1,0.9996304535071457
b,y,w,t,l,f,c,b,k,e,c,s,s,w,w,p,w,o,p,n,s,g,0,0,0.008097286338510732
x,f,p,f,c,f,c,n,n,e,b,s,s,w,w,p,w,o,p,k,s,d,1,1,0.9957926529057067
x,s,n,f,n,a,c,b,y,e,,s,s,o,o,p,o,o,p,o,v,l,0,0,0.006188705644893532
f,y,g,f,f,f,c,b,h,e,b,k,k,n,n,p,w,o,l,h,v,p,1,1,0.9996923821284156
k,y,b,t,n,f,c,b,w,e,,s,s,w,w,p,w,t,e,w,c,w,0,0,0.024207683825435256
k,s,g,f,n,f,w,b,g,e,,s,s,w,w,p,w,t,p,w,s,g,0,0,0.002429872619139181
x,s,n,f,f,f,c,n,b,t,,s,k,p,w,p,w,o,e,w,v,l,1,1,0.9998699967508133
x,y,b,t,n,f,c,b,w,e,,s,s,w,w,p,w,t,e,w,c,w,0,0,0.02921761637436602
f,y,g,t,n,f,c,b,w,t,b,s,s,g,p,p,w,o,p,k,y,d,0,0,0.0009329322056520799
x,s,w,f,c,f,c,n,u,e,b,s,s,w,w,p,w,o,p,n,v,d,1,1,0.9980580320980807
k,s,e,f,f,f,c,n,b,t,,s,s,w,w,p,w,o,e,w,v,p,1,1,0.9994890181836699
f,y,e,t,n,f,c,b,u,t,b,s,s,p,w,p,w,o,p,n,v,d,0,0,0.003712006894232125
f,s,e,f,f,f,c,n,b,t,,s,s,w,w,p,w,o,e,w,v,l,1,1,0.9997921985795398
f,y,g,f,f,f,c,b,h,e,b,k,k,b,n,p,w,o,l,h,y,p,1,1,0.9989198877681509
f,s,n,f,f,f,c,n,b,t,,k,k,w,p,p,w,o,e,w,v,p,1,1,0.9999749329604677
x,y,y,f,f,f,c,b,h,e,b,k,k,n,p,p,w,o,l,h,v,g,1,1,0.9998658365450697
x,f,w,f,n,f,w,b,p,e,,s,s,w,w,p,w,t,p,w,s,g,0,0,0.001184320011111277
x,y,b,t,n,f,c,b,e,e,,s,s,w,e,p,w,t,e,w,c,w,0,0,0.010322431404288547
x,f,y,f,f,f,c,b,h,e,b,k,k,b,n,p,w,o,l,h,v,g,1,1,0.999606470629632
x,y,n,f,y,f,c,n,b,t,,s,k,p,w,p,w,o,e,w,v,p,1,1,0.997089952839176
k,y,n,f,m,f,c,b,w,e,c,k,y,c,c,p,w,n,n,w,c,d,1,1,0.9756827376960133
k,y,n,f,y,f,c,n,b,t,,k,s,p,w,p,w,o,e,w,v,l,1,1,0.9996077802734977
f,f,n,t,n,f,c,b,p,t,b,s,s,w,g,p,w,o,p,k,v,d,0,0,0.0007253495288898177
f,s,e,f,f,f,c,n,b,t,,s,s,p,p,p,w,o,e,w,v,p,1,1,0.9998063515099043
f,y,n,t,n,f,c,b,n,t,b,s,s,g,p,p,w,o,p,k,v,d,0,0,0.0017843380762161173
x,s,g,f,n,f,w,b,p,t,e,s,s,w,w,p,w,o,e,k,a,g,0,0,5.764832594043537e-05
f,y,g,f,f,f,c,b,h,e,b,k,k,p,n,p,w,o,l,h,y,d,1,1,0.9986494981430009
x,y,e,t,n,f,c,b,w,t,b,s,s,g,w,p,w,o,p,n,v,d,0,0,0.0019905695749407267
b,s,w,t,l,f,c,b,g,e,c,s,s,w,w,p,w,o,p,n,n,g,0,0,0.004611948737562626
x,s,n,f,n,a,c,b,n,e,,s,s,o,o,p,n,o,p,y,v,l,0,0,0.0027842102520808545
f,f,w,f,n,f,w,b,n,t,e,s,s,w,w,p,w,o,e,n,a,g,0,0,2.5839371117341398e-05
f,f,g,f,f,f,c,b,h,e,b,k,k,n,b,p,w,o,l,h,y,g,1,1,0.9993309610386157
x,y,w,t,p,f,c,n,p,e,e,s,s,w,w,p,w,o,p,n,s,g,1,1,0.9904479442537528
k,s,n,f,s,f,c,n,b,t,,k,k,p,w,p,w,o,e,w,v,p,1,1,0.9996894128856587
f,s,w,t,p,f,c,n,w,e,e,s,s,w,w,p,w,o,p,k,v,g,1,1,0.9968183172944386
f,y,g,f,f,f,c,b,p,e,b,k,k,b,b,p,w,o,l,h,v,d,1,1,0.9997804578081774
x,y,y,f,f,f,c,b,g,e,b,k,k,p,b,p,w,o,l,h,y,d,1,1,0.9987213839653338
f,s,w,t,f,f,c,b,p,t,b,s,f,w,w,p,w,o,p,h,s,u,1,1,0.9758379266547855
f,y,n,f,s,f,c,n,b,t,,s,k,w,p,p,w,o,e,w,v,p,1,1,0.9970619576860185
f,y,g,f,f,f,c,b,p,e,b,k,k,p,p,p,w,o,l,h,y,p,1,1,0.9991269821210849
x,f,g,f,n,f,w,b,n,t,e,f,f,w,w,p,w,o,e,n,s,g,0,0,1.9867152974079233e-05
k,s,w,f,n,f,w,b,p,e,,s,s,w,w,p,w,t,p,w,n,g,0,0,0.0006479188623299572
f,y,g,f,f,f,c,b,h,e,b,k,k,n,p,p,w,o,l,h,v,p,1,1,0.9998477758276118
f,y,e,t,n,f,c,b,n,t,b,s,s,p,g,p,w,o,p,n,y,d,0,0,0.0004337479317160868
x,s,w,t,f,f,c,b,w,t,b,s,s,w,w,p,w,o,p,h,v,u,1,1,0.992733264899284
f,f,e,t,n,f,c,b,n,t,b,s,s,p,g,p,w,o,p,k,v,d,0,0,0.0013307763010819876
x,y,n,f,s,f,c,n,b,t,,s,s,w,p,p,w,o,e,w,v,l,1,1,0.9965970686514966
x,y,n,f,y,f,c,n,b,t,,k,k,p,p,p,w,o,e,w,v,d,1,1,0.9997131443435711
f,f,w,f,n,f,w,b,h,t,e,f,s,w,w,p,w,o,e,n,s,g,0,0,0.00013108482068833238
f,f,e,t,n,f,c,b,p,t,b,s,s,p,w,p,w,o,p,k,v,d,0,0,0.002229337438101361
k,s,n,f,n,a,c,b,o,e,,s,s,o,o,p,n,o,p,n,v,l,0,0,0.0009075756278892031
f,f,e,t,n,f,c,b,w,t,b,s,s,p,w,p,w,o,p,k,v,d,0,0,0.002702273475407531
x,s,e,f,f,f,c,n,b,t,,k,s,w,p,p,w,o,e,w,v,l,1,1,0.99998021294847
f,f,y,f,f,f,c,b,p,e,b,k,k,n,p,p,w,o,l,h,y,p,1,1,0.9969183830289992
x,y,w,t,a,f,c,b,k,e,c,s,s,w,w,p,w,o,p,n,s,g,0,0,0.006818611129730211
f,y,e,t,n,f,c,b,u,t,b,s,s,w,g,p,w,o,p,n,v,d,0,0,0.0017737490860073462
f,y,n,t,n,f,c,b,p,t,b,s,s,w,w,p,w,o,p,n,y,d,0,0,0.00033686202058725206
x,s,e,f,y,f,c,n,b,t,,s,k,w,p,p,w,o,e,w,v,d,1,1,0.9979056911963101
k,y,y,f,n,f,c,n,w,e,,k,y,w,n,p,w,o,e,w,v,d,1,1,0.928876873195739
x,f,y,f,f,f,c,b,p,e,b,k,k,b,b,p,w,o,l,h,v,g,1,1,0.9996910135728346
x,s,e,f,s,f,c,n,b,t,,k,s,w,p,p,w,o,e,w,v,p,1,1,0.9996419201461422
f,f,g,f,f,f,c,b,h,e,b,k,k,n,b,p,w,o,l,h,v,d,1,1,0.9996530087018086
x,y,g,t,n,f,c,b,p,t,b,s,s,w,g,p,w,o,p,k,y,d,0,0,0.00043826427271778255
f,s,n,f,n,a,c,b,y,e,,s,s,o,o,p,o,o,p,b,c,l,0,0,0.009480329232885602
f,f,y,f,f,f,c,b,h,e,b,k,k,n,p,p,w,o,l,h,v,d,1,1,0.9994791295895825
x,y,n,f,s,f,c,n,b,t,,s,s,w,p,p,w,o,e,w,v,d,1,1,0.9929013996991227
f,y,y,f,f,f,c,b,p,e,b,k,k,n,p,p,w,o,l,h,v,d,1,1,0.9995740395998661
f,y,g,f,f,f,c,b,p,e,b,k,k,p,b,p,w,o,l,h,v,g,1,1,0.9999007472213283
f,s,g,f,n,f,w,b,k,t,e,s,s,w,w,p,w,o,e,k,a,g,0,0,5.984844392035755e-05
f,y,y,t,l,f,c,b,w,e,r,s,y,w,w,p,w,o,p,k,y,g,0,0,0.006288560529895803
f,f,g,f,n,f,c,n,n,e,e,s,s,w,w,p,w,o,p,n,y,u,0,0,0.01023632167573049
x,f,g,f,f,f,c,b,p,e,b,k,k,n,n,p,w,o,l,h,v,d,1,1,0.9988172833228623
x,y,g,t,n,f,c,b,w,t,b,s,s,g,w,p,w,o,p,n,v,d,0,0,0.0022550837359378495
f,f,e,t,n,f,c,b,p,t,b,s,s,w,g,p,w,o,p,k,y,d,0,0,0.00023454988487510499
f,s,n,f,s,f,c,n,b,t,,k,k,p,p,p,w,o,e,w,v,d,1,1,0.9997966402801782
x,s,g,f,n,f,w,b,h,t,e,f,f,w,w,p,w,o,e,n,s,g,0,0,8.46934846765593e-05
f,f,y,f,f,f,c,b,g,e,b,k,k,b,b,p,w,o,l,h,v,d,1,1,0.999563483338272
f,f,g,f,f,f,c,b,h,e,b,k,k,p,n,p,w,o,l,h,v,g,1,1,0.9997628235076642
b,y,w,t,l,f,c,b,w,e,c,s,s,w,w,p,w,o,p,k,n,g,0,0,0.003849652810772935
f,f,n,t,n,f,c,b,n,t,b,s,s,w,p,p,w,o,p,n,y,d,0,0,0.00019849016240542307
x,f,n,t,n,f,c,b,w,t,b,s,s,p,w,p,w,o,p,k,v,d,0,0,0.0016197687639703732
f,y,e,f,f,f,c,n,b,t,,s,k,p,w,p,w,o,e,w,v,l,1,1,0.9999019905658157
f,f,g,t,n,f,c,b,w,t,b,s,s,p,p,p,w,o,p,n,v,d,0,0,0.003137076660653716
b,f,w,f,n,f,w,b,p,e,,s,k,w,w,p,w,t,p,w,n,g,0,0,0.0007520135974645491
f,f,g,f,f,f,c,b,h,e,b,k,k,b,b,p,w,o,l,h,y,p,1,1,0.9989629139048547
f,y,e,f,f,f,c,n,b,t,,s,s,w,w,p,w,o,e,w,v,d,1,1,0.999452377739735
x,s,b,t,n,f,c,b,w,e,,s,s,w,w,p,w,t,e,w,c,w,0,0,0.03651044353747094
x,f,n,t,n,f,c,b,p,t,b,s,s,g,w,p,w,o,p,n,v,d,0,0,0.0005967435729338857
f,y,g,t,n,f,c,b,p,t,b,s,s,g,w,p,w,o,p,k,y,d,0,0,0.0005918742983398675
x,f,e,t,n,f,c,b,w,t,b,s,s,g,g,p,w,o,p,k,y,d,0,0,0.0002082196781667784
f,f,g,f,n,f,w,b,k,t,e,f,s,w,w,p,w,o,e,k,a,g,0,0,5.106185451230176e-05
x,f,g,f,f,f,c,b,h,e,b,k,k,n,n,p,w,o,l,h,y,p,1,1,0.9970253316092632
f,f,n,t,n,f,c,b,n,t,b,s,s,g,g,p,w,o,p,k,y,d,0,0,0.00011314594859634835
x,y,w,t,a,f,c,b,k,e,c,s,s,w,w,p,w,o,p,k,s,g,0,0,0.008634275655159928
k,s,e,f,y,f,c,n,b,t,,s,s,w,w,p,w,o,e,w,v,l,1,1,0.9971383374368625
x,y,n,f,f,f,c,n,b,t,,s,k,w,w,p,w,o,e,w,v,l,1,1,0.9997592753714389
x,f,w,f,n,f,w,b,h,t,e,f,f,w,w,p,w,o,e,n,a,g,0,0,3.569327114682211e-05
f,f,g,f,f,f,c,b,h,e,b,k,k,p,p,p,w,o,l,h,v,g,1,1,0.9998826377999084
k,s,e,f,f,f,c,n,b,t,,s,k,w,w,p,w,o,e,w,v,p,1,1,0.9997184232414115
x,y,e,t,n,f,c,b,n,t,b,s,s,p,p,p,w,o,p,k,y,d,0,0,0.0008960630946438736
b,y,y,t,a,f,c,b,k,e,c,s,s,w,w,p,w,o,p,n,s,m,0,0,0.004922145820798852
f,y,e,f,y,f,c,n,b,t,,s,s,p,w,p,w,o,e,w,v,d,1,1,0.9962871448598155
f,f,g,f,f,f,c,b,h,e,b,k,k,b,b,p,w,o,l,h,v,p,1,1,0.9997714828015315
f,s,g,f,n,f,w,b,k,t,e,s,s,w,w,p,w,o,e,n,s,g,0,0,6.580507157664972e-05
f,y,e,f,f,f,c,n,b,t,,k,s,p,p,p,w,o,e,w,v,l,1,1,0.9999851119535067
x,s,n,f,y,f,c,n,b,t,,s,s,w,w,p,w,o,e,w,v,l,1,1,0.9965393923470406
x,y,n,t,n,f,c,b,p,t,b,s,s,g,g,p,w,o,p,k,v,d,0,0,0.0009960010777667206
f,s,e,f,y,f,c,n,b,t,,k,s,p,p,p,w,o,e,w,v,d,1,1,0.9997523751956423
f,f,g,f,f,f,c,b,p,e,b,k,k,p,p,p,w,o,l,h,v,g,1,1,0.9998199414657183
b,y,w,t,a,f,c,b,n,e,c,s,s,w,w,p,w,o,p,n,s,g,0,0,0.007902931461797342
k,y,n,f,s,f,c,n,b,t,,k,s,w,w,p,w,o,e,w,v,p,1,1,0.9989567515459316
f,s,n,f,y,f,c,n,b,t,,k,k,p,p,p,w,o,e,w,v,p,1,1,0.9998295314043516
k,y,e,f,s,f,c,n,b,t,,k,s,w,p,p,w,o,e,w,v,d,1,1,0.9993575675188269
x,y,y,t,l,f,c,b,k,e,c,s,s,w,w,p,w,o,p,n,s,g,0,0,0.003030890432672193
x,y,n,f,y,f,c,n,b,t,,k,s,w,w,p,w,o,e,w,v,p,1,1,0.9991529519362172
x,f,g,t,n,f,c,b,p,t,b,s,s,g,p,p,w,o,p,k,y,d,0,0,0.0003605782613821966
k,y,n,f,s,f,c,n,b,t,,s,s,p,p,p,w,o,e,w,v,d,1,1,0.994137633652692
x,f,y,f,f,f,c,b,h,e,b,k,k,n,b,p,w,o,l,h,y,g,1,1,0.9988187300773095
f,f,w,f,n,f,w,b,k,t,e,s,f,w,w,p,w,o,e,n,a,g,0,0,1.198255856109068e-05
x,y,e,f,f,f,c,n,b,t,,k,s,p,p,p,w,o,e,w,v,l,1,1,0.9999830619928356
f,f,y,t,l,f,w,n,n,t,b,s,s,w,w,p,w,o,p,n,v,d,0,0,0.01294051416221447
x,f,p,f,c,f,c,n,p,e,b,s,s,w,w,p,w,o,p,n,s,d,1,1,0.9954634969815337
f,y,n,t,n,f,c,b,p,t,b,s,s,w,w,p,w,o,p,k,y,d,0,0,0.0004273044500028257
f,f,g,f,f,f,c,b,p,e,b,k,k,n,n,p,w,o,l,h,y,g,1,1,0.9979965846298218
f,s,e,f,s,f,c,n,b,t,,s,k,w,p,p,w,o,e,w,v,p,1,1,0.9984082497648612
f,f,g,t,n,f,c,b,n,t,b,s,s,g,p,p,w,o,p,n,y,d,0,0,0.0002749598884296058
f,y,n,t,n,f,c,b,p,t,b,s,s,p,p,p,w,o,p,n,y,d,0,0,0.0006440139094684701
x,s,w,f,c,f,c,n,g,e,b,s,s,w,w,p,w,o,p,n,s,d,1,1,0.9979511038382707
x,s,n,f,n,f,w,b,p,t,e,f,s,w,w,p,w,o,e,k,a,g,0,0,6.984905555028288e-05
x,y,e,t,n,f,c,b,n,t,b,s,s,g,w,p,w,o,p,n,v,d,0,0,0.0013963948455197326
k,f,g,f,n,f,w,b,w,e,,k,k,w,w,p,w,t,p,w,n,g,0,0,0.003982263414036046
b,s,n,f,n,a,c,b,y,e,,s,s,o,o,p,o,o,p,o,c,l,0,0,0.01047640811025342
f,s,n,t,p,f,c,n,k,e,e,s,s,w,w,p,w,o,p,n,s,u,1,1,0.9800926748377369
x,f,g,t,n,f,c,b,u,t,b,s,s,g,g,p,w,o,p,k,v,d,0,0,0.0009955361581718647
x,f,g,f,f,f,c,b,h,e,b,k,k,n,n,p,w,o,l,h,v,g,1,1,0.9996723839825742
f,y,g,f,f,f,c,b,g,e,b,k,k,p,b,p,w,o,l,h,y,d,1,1,0.9992757962582555
x,y,e,f,f,f,c,n,b,t,,s,k,p,p,p,w,o,e,w,v,p,1,1,0.9998471743591378
x,y,n,t,n,f,c,b,w,t,b,s,s,g,g,p,w,o,p,n,v,d,0,0,0.0009521680259408364
b,f,g,f,n,f,w,b,p,e,,k,s,w,w,p,w,t,p,w,n,g,0,0,0.0027365834815995006
f,y,n,f,y,f,c,n,b,t,,k,k,p,p,p,w,o,e,w,v,d,1,1,0.9997478534618305
f,y,n,t,n,f,c,b,w,t,b,s,s,g,g,p,w,o,p,n,v,d,0,0,0.0010831338887847977
x,f,g,t,n,f,c,b,u,t,b,s,s,g,p,p,w,o,p,n,v,d,0,0,0.001453904838605113
x,y,y,f,f,f,c,b,g,e,b,k,k,p,n,p,w,o,l,h,v,d,1,1,0.9994494503257703
b,f,g,f,n,f,w,b,g,e,,s,s,w,w,p,w,t,p,w,s,g,0,0,0.0015552710935326053
f,y,g,t,n,f,c,b,u,t,b,s,s,w,w,p,w,o,p,k,v,d,0,0,0.0036282996140705624
x,y,w,t,a,f,c,b,g,e,c,s,s,w,w,p,w,o,p,n,s,g,0,0,0.010901778728799858
x,y,y,t,a,f,c,b,p,e,r,s,y,w,w,p,w,o,p,n,y,p,0,0,0.0018856347498621715
f,f,w,t,l,f,w,n,n,t,b,s,s,w,w,p,w,o,p,n,v,d,0,0,0.027492023838730704
f,s,b,t,f,f,c,b,h,t,b,f,f,w,w,p,w,o,p,h,v,g,1,1,0.9970199285980518
x,y,n,f,f,f,c,n,b,t,,s,s,p,p,p,w,o,e,w,v,l,1,1,0.9997715151053946
k,y,n,f,y,f,c,n,b,t,,s,s,p,w,p,w,o,e,w,v,p,1,1,0.9936141485025353
x,y,y,f,f,f,c,b,g,e,b,k,k,p,n,p,w,o,l,h,y,d,1,1,0.9975042691966123
b,y,w,t,a,f,c,b,n,e,c,s,s,w,w,p,w,o,p,k,n,m,0,0,0.0035274974824758593
x,s,b,t,f,f,c,b,h,t,b,f,s,w,w,p,w,o,p,h,s,g,1,1,0.9979895482288481
x,y,n,f,y,f,c,n,b,t,,s,s,p,w,p,w,o,e,w,v,p,1,1,0.9947303790374481
f,s,n,f,n,f,w,b,n,t,e,f,s,w,w,p,w,o,e,k,a,g,0,0,6.75645358483266e-05
f,y,g,f,f,f,c,b,g,e,b,k,k,n,n,p,w,o,l,h,v,p,1,1,0.9996778295395672
x,y,g,t,n,f,c,b,n,t,b,s,s,p,g,p,w,o,p,k,y,d,0,0,0.0005480086025134729
b,s,w,t,l,f,c,b,n,e,c,s,s,w,w,p,w,o,p,k,s,m,0,0,0.01492995132600278
x,s,g,t,f,f,c,b,h,t,b,s,s,w,w,p,w,o,p,h,s,u,1,1,0.9891038430743407
k,y,n,f,s,f,c,n,b,t,,s,s,p,w,p,w,o,e,w,v,p,1,1,0.9935164325044451
f,f,y,f,f,f,c,b,g,e,b,k,k,b,n,p,w,o,l,h,v,p,1,1,0.9992741191205984
f,f,g,t,n,f,c,b,u,t,b,s,s,p,w,p,w,o,p,n,v,d,0,0,0.002245090147060695
f,f,g,f,n,f,w,b,k,t,e,f,f,w,w,p,w,o,e,k,a,g,0,0,2.2062815324872737e-05
f,y,g,f,f,f,c,b,h,e,b,k,k,n,n,p,w,o,l,h,y,p,1,1,0.998604319790469
x,s,n,f,n,f,w,b,p,t,e,s,s,w,w,p,w,o,e,n,a,g,0,0,2.731824804663971e-05
f,s,n,f,n,f,w,b,k,t,e,f,f,w,w,p,w,o,e,n,a,g,0,0,2.4698714923944484e-05
f,f,g,f,f,f,c,b,h,e,b,k,k,b,n,p,w,o,l,h,v,p,1,1,0.9995535103731606
x,f,y,t,a,f,w,n,w,t,b,s,s,w,w,p,w,o,p,n,v,d,0,0,0.01692276983895677
f,f,y,f,f,f,c,b,g,e,b,k,k,b,b,p,w,o,l,h,v,p,1,1,0.9996284372734875
x,s,e,t,n,f,c,b,e,e,,s,s,e,w,p,w,t,e,w,c,w,0,0,0.005996386896300969
f,f,e,t,n,f,c,b,n,t,b,s,s,p,g,p,w,o,p,k,y,d,0,0,0.00029329772609183865
f,s,w,f,n,f,w,b,n,t,e,s,s,w,w,p,w,o,e,k,s,g,0,0,0.0001080105709669463
x,y,n,f,n,f,w,n,w,e,b,s,f,w,n,p,w,o,e,w,v,l,0,0,0.029351717569878526
x,s,w,f,n,f,w,b,h,t,e,s,f,w,w,p,w,o,e,k,a,g,0,0,5.3071768379211956e-05
x,f,n,f,n,f,w,b,p,t,e,f,s,w,w,p,w,o,e,n,s,g,0,0,3.251054450929798e-05
f,s,p,t,n,f,c,b,w,e,b,s,s,w,w,p,w,t,p,r,v,m,1,1,0.9312950971990566
k,y,n,f,f,f,c,n,b,t,,k,k,w,w,p,w,o,e,w,v,p,1,1,0.9999433632244309
x,y,n,t,l,f,c,b,n,e,r,s,y,w,w,p,w,o,p,n,y,p,0,0,0.0014295088250597162
x,y,e,t,n,f,c,b,p,t,b,s,s,w,p,p,w,o,p,n,y,d,0,0,0.0005650134894274709
x,s,e,f,y,f,c,n,b,t,,k,k,w,w,p,w,o,e,w,v,d,1,1,0.999703198140894
k,s,e,f,y,f,c,n,b,t,,s,s,w,w,p,w,o,e,w,v,d,1,1,0.9940269768661507
f,s,e,f,f,f,c,n,b,t,,k,k,w,w,p,w,o,e,w,v,l,1,1,0.9999875416674725
x,s,w,f,n,f,w,b,g,e,,s,k,w,w,p,w,t,p,w,s,g,0,0,0.00739371779600999
f,f,n,t,n,f,c,b,p,t,b,s,s,w,g,p,w,o,p,k,y,d,0,0,0.00015978858922541687
f,s,g,t,f,f,c,b,h,t,b,f,s,w,w,p,w,o,p,h,v,u,1,1,0.996508453286372
f,f,n,t,n,f,c,b,p,t,b,s,s,p,g,p,w,o,p,k,v,d,0,0,0.001066513228040356
k,s,e,f,y,f,c,n,b,t,,k,s,w,p,p,w,o,e,w,v,l,1,1,0.9997599044299761
f,y,g,t,n,f,c,b,p,t,b,s,s,p,g,p,w,o,p,k,v,d,0,0,0.0033214030138118892
x,f,e,t,n,f,c,b,n,t,b,s,s,w,p,p,w,o,p,n,v,d,0,0,0.0011621546868701442
k,s,e,f,f,f,c,n,b,t,,s,s,w,w,p,w,o,e,w,v,l,1,1,0.9997132081960152
f,f,e,t,n,f,c,b,n,t,b,s,s,g,p,p,w,o,p,k,y,d,0,0,0.00030780757309360464
f,y,g,f,f,f,c,b,h,e,b,k,k,b,p,p,w,o,l,h,v,d,1,1,0.999861633074837
x,f,y,f,f,f,c,b,h,e,b,k,k,n,n,p,w,o,l,h,v,p,1,1,0.998981086661149
f,y,e,t,n,f,c,b,n,t,b,s,s,w,w,p,w,o,p,n,y,d,0,0,0.00042040654651656135
f,f,g,t,n,f,c,b,n,t,b,s,s,g,g,p,w,o,p,n,y,d,0,0,0.00014836157014014835
x,s,e,t,n,f,c,b,e,e,,s,s,w,e,p,w,t,e,w,c,w,0,0,0.005064421307550851
f,f,y,f,f,f,c,b,g,e,b,k,k,n,p,p,w,o,l,h,v,d,1,1,0.9994544940914691
x,y,n,t,n,f,c,b,w,t,b,s,s,g,w,p,w,o,p,n,y,d,0,0,0.00029904984754065134
b,s,w,t,l,f,c,b,k,e,c,s,s,w,w,p,w,o,p,n,s,m,0,0,0.012660273282998201
f,f,g,t,n,f,c,b,u,t,b,s,s,p,w,p,w,o,p,n,y,d,0,0,0.0004951622311474579
f,y,y,f,f,f,c,b,h,e,b,k,k,b,n,p,w,o,l,h,y,p,1,1,0.9983238819593077
x,y,g,t,n,f,c,b,p,t,b,s,s,g,g,p,w,o,p,n,v,d,0,0,0.001305638322195113
x,s,w,t,a,f,w,n,w,t,b,s,s,w,w,p,w,o,p,u,v,d,0,0,0.09932031805986541
b,s,w,f,n,f,w,b,p,e,,k,k,w,w,p,w,t,p,w,s,g,0,0,0.05499574273619421
x,f,w,t,l,f,w,n,p,t,b,s,s,w,w,p,w,o,p,u,v,d,0,0,0.035448564600713224
x,s,n,f,n,f,w,b,k,t,e,f,f,w,w,p,w,o,e,k,s,g,0,0,3.841504302895961e-05
f,f,n,f,n,f,w,b,h,t,e,f,f,w,w,p,w,o,e,n,s,g,0,0,2.4519841151959768e-05
f,y,g,t,n,f,c,b,u,t,b,s,s,p,p,p,w,o,p,k,y,d,0,0,0.0015308962092404935
x,y,e,t,n,f,c,b,p,t,b,s,s,g,g,p,w,o,p,k,y,d,0,0,0.0003221271261050988
x,y,n,f,f,f,c,n,b,t,,s,s,p,w,p,w,o,e,w,v,d,1,1,0.9993782309727832
x,y,n,f,s,f,c,n,b,t,,k,k,w,p,p,w,o,e,w,v,p,1,1,0.9996353821919424
x,s,e,t,n,f,c,b,w,e,,s,s,e,e,p,w,t,e,w,c,w,0,0,0.005296963282004717
f,y,n,f,f,f,c,n,b,t,,s,s,w,p,p,w,o,e,w,v,l,1,1,0.9997046274295619
x,s,g,t,n,f,c,b,w,e,b,s,s,w,w,p,w,t,p,w,v,p,0,0,0.03554333574475457
f,y,w,t,p,f,c,n,k,e,e,s,s,w,w,p,w,o,p,k,s,g,1,1,0.9927304960241146
x,s,n,f,n,f,w,b,k,t,e,f,s,w,w,p,w,o,e,k,a,g,0,0,6.373893816762892e-05
x,s,w,t,a,f,c,b,n,e,c,s,s,w,w,p,w,o,p,k,n,m,0,0,0.0035663210995067716
x,y,n,t,n,f,c,b,u,t,b,s,s,w,g,p,w,o,p,n,v,d,0,0,0.0010628059061991793
b,y,w,t,l,f,c,b,n,e,c,s,s,w,w,p,w,o,p,k,n,g,0,0,0.0027020537771204516
f,y,n,f,f,f,c,n,b,t,,s,s,w,w,p,w,o,e,w,v,d,1,1,0.999196304117344
f,f,y,t,l,f,w,n,w,t,b,s,s,w,w,p,w,o,p,u,v,d,0,0,0.022975153066474616
f,y,g,t,n,f,c,b,u,t,b,s,s,w,w,p,w,o,p,n,v,d,0,0,0.0028622808406618353
x,f,g,t,n,f,c,b,u,t,b,s,s,w,w,p,w,o,p,k,y,d,0,0,0.00037543217913219506
b,s,w,t,a,f,c,b,w,e,c,s,s,w,w,p,w,o,p,n,s,m,0,0,0.017534168021249356
x,y,n,t,p,f,c,n,n,e,e,s,s,w,w,p,w,o,p,k,v,u,1,1,0.9823636650428559
x,f,w,f,n,f,w,b,k,t,e,f,s,w,w,p,w,o,e,n,s,g,0,0,6.853036093052558e-05
f,y,e,t,n,f,c,b,p,t,b,s,s,p,p,p,w,o,p,n,v,d,0,0,0.004278407927281127
f,f,g,t,n,f,c,b,u,t,b,s,s,g,p,p,w,o,p,n,y,d,0,0,0.0003645756750404263
f,y,n,f,s,f,c,n,b,t,,s,s,w,p,p,w,o,e,w,v,p,1,1,0.9946798054975703
f,y,n,t,p,f,c,n,k,e,e,s,s,w,w,p,w,o,p,n,v,u,1,1,0.9816895284503723
f,y,y,f,f,f,c,b,g,e,b,k,k,b,b,p,w,o,l,h,v,g,1,1,0.9999011768748225
k,s,n,f,y,f,c,n,b,t,,k,k,p,p,p,w,o,e,w,v,p,1,1,0.9997647287977917
k,s,e,f,y,f,c,n,b,t,,s,k,p,w,p,w,o,e,w,v,p,1,1,0.998087980022024
f,f,e,t,n,f,c,b,u,t,b,s,s,p,w,p,w,o,p,k,v,d,0,0,0.002512705038636037
f,f,g,f,f,f,c,b,h,e,b,k,k,b,p,p,w,o,l,h,v,p,1,1,0.9997790398739931
f,f,g,t,n,f,c,b,p,t,b,s,s,g,w,p,w,o,p,n,y,d,0,0,0.00024873649321892837
x,s,n,f,y,f,c,n,b,t,,s,s,p,p,p,w,o,e,w,v,p,1,1,0.9967743725063863
x,y,n,f,n,f,c,b,w,e,b,y,y,n,n,p,w,t,p,w,y,p,0,0,0.026773406691304222
f,y,n,f,s,f,c,n,b,t,,s,k,w,w,p,w,o,e,w,v,d,1,1,0.9955188268129536
x,y,n,f,s,f,c,n,b,t,,k,s,p,w,p,w,o,e,w,v,l,1,1,0.9996717021141546
x,y,e,f,s,f,c,n,b,t,,k,s,p,w,p,w,o,e,w,v,d,1,1,0.9995318140349002
f,y,n,f,s,f,c,n,b,t,,k,k,w,p,p,w,o,e,w,v,p,1,1,0.9996794974012233
x,s,n,f,y,f,c,n,b,t,,k,k,w,p,p,w,o,e,w,v,l,1,1,0.9998399316437215
f,y,n,f,s,f,c,n,b,t,,k,k,w,w,p,w,o,e,w,v,d,1,1,0.999510486722176
x,y,w,t,p,f,c,n,k,e,e,s,s,w,w,p,w,o,p,n,s,u,1,1,0.9875620145607308
x,y,e,f,y,f,c,n,b,t,,k,k,w,p,p,w,o,e,w,v,p,1,1,0.9997553585025182
x,f,y,f,f,f,c,b,g,e,b,k,k,n,n,p,w,o,l,h,y,g,1,1,0.9975852058013098
k,s,n,f,s,f,c,n,b,t,,k,k,w,p,p,w,o,e,w,v,p,1,1,0.9996486633179344
f,s,n,t,p,f,c,n,w,e,e,s,s,w,w,p,w,o,p,k,s,g,1,1,0.9899914152367393
f,y,g,t,n,f,c,b,p,t,b,s,s,w,w,p,w,o,p,n,y,d,0,0,0.0005602441896780775
x,f,w,f,n,f,w,b,n,t,e,s,s,w,w,p,w,o,e,k,a,g,0,0,2.8812425654380796e-05
x,s,g,t,f,f,c,b,h,t,b,f,s,w,w,p,w,o,p,h,s,g,1,1,0.9954345817318563
k,y,n,f,y,f,c,n,b,t,,s,k,p,p,p,w,o,e,w,v,l,1,1,0.9984742476520994
f,y,g,t,n,f,c,b,u,t,b,s,s,w,p,p,w,o,p,k,v,d,0,0,0.0047123746333096
x,y,g,f,f,f,c,b,g,e,b,k,k,p,n,p,w,o,l,h,y,d,1,1,0.9983912490127518
b,y,w,t,n,f,w,n,w,e,b,s,s,w,w,p,w,o,p,w,c,l,1,0,0.41527662970076373
x,y,p,t,n,f,c,b,e,e,,s,s,e,w,p,w,t,e,w,c,w,0,0,0.011619783157715441
x,f,n,f,n,f,c,n,n,e,e,s,s,w,w,p,w,o,p,n,v,u,0,0,0.024219435741686206
x,s,n,f,n,f,w,b,h,t,e,f,s,w,w,p,w,o,e,k,s,g,0,0,0.00014947632218121997
f,y,e,t,n,f,c,b,w,t,b,s,s,g,p,p,w,o,p,k,y,d,0,0,0.0008233742396190842
f,s,w,t,f,f,c,b,w,t,b,s,s,w,w,p,w,o,p,h,v,g,1,1,0.9946299209113498
f,y,n,f,n,f,w,n,w,e,b,f,s,w,n,p,w,o,e,w,v,l,0,0,0.13829472687280597
x,y,n,f,f,f,c,n,b,t,,k,k,w,w,p,w,o,e,w,v,p,1,1,0.9999533151689706
x,y,e,t,n,f,c,b,w,t,b,s,s,w,p,p,w,o,p,n,y,d,0,0,0.0006851190019745703
x,y,g,f,f,f,c,b,p,e,b,k,k,b,b,p,w,o,l,h,y,p,1,1,0.9990351273590987
f,f,n,f,n,f,w,b,h,t,e,s,f,w,w,p,w,o,e,k,a,g,0,0,1.106401868011195e-05
x,y,e,t,n,f,c,b,w,t,b,s,s,w,g,p,w,o,p,n,v,d,0,0,0.001677177559637934
x,y,y,f,f,f,c,b,p,e,b,k,k,n,n,p,w,o,l,h,y,g,1,1,0.9981136254331474
k,s,e,f,f,f,c,n,b,t,,s,s,p,p,p,w,o,e,w,v,d,1,1,0.9996860132787718
f,y,g,t,n,f,c,b,n,t,b,s,s,p,g,p,w,o,p,k,y,d,0,0,0.0006234190838758518
x,y,n,t,l,f,c,b,p,e,r,s,y,w,w,p,w,o,p,k,s,g,0,0,0.013984345270472215
b,y,y,t,a,f,c,b,w,e,c,s,s,w,w,p,w,o,p,k,n,g,0,0,0.0018734858303588
b,s,w,t,n,f,c,b,g,e,b,s,s,w,w,p,w,t,p,r,v,g,1,1,0.9020967460493577
k,y,n,f,f,f,c,n,b,t,,k,s,p,p,p,w,o,e,w,v,p,1,1,0.9999462434457937
x,s,n,f,y,f,c,n,b,t,,k,k,w,w,p,w,o,e,w,v,l,1,1,0.9997918894661095
k,y,e,f,y,f,c,n,b,t,,s,s,p,p,p,w,o,e,w,v,p,1,1,0.996644094194086
x,f,n,t,n,f,c,b,u,t,b,s,s,p,w,p,w,o,p,k,y,d,0,0,0.0003319672340908731
f,y,n,t,p,f,c,n,w,e,e,s,s,w,w,p,w,o,p,k,v,u,1,1,0.9890578005938777
x,f,w,f,n,f,w,b,k,t,e,s,s,w,w,p,w,o,e,n,s,g,0,0,3.400137731314064e-05
x,y,n,t,n,f,c,b,n,t,b,s,s,w,g,p,w,o,p,n,y,d,0,0,0.00017661780660209372
f,f,y,f,f,f,c,b,p,e,b,k,k,b,n,p,w,o,l,h,y,p,1,1,0.9951897666765503
x,y,y,t,l,f,c,b,p,e,r,s,y,w,w,p,w,o,p,n,s,g,0,0,0.011835601238421279
f,y,u,f,n,f,c,n,p,e,,s,f,w,w,p,w,o,f,h,v,d,0,0,0.06310480311141226
x,f,y,f,f,f,c,b,h,e,b,k,k,n,b,p,w,o,l,h,v,g,1,1,0.9997396832581882
f,y,n,t,n,f,c,b,p,t,b,s,s,g,w,p,w,o,p,k,y,d,0,0,0.0003558849724764081
x,f,g,f,n,f,w,b,p,t,e,f,s,w,w,p,w,o,e,n,s,g,0,0,5.408006992571661e-05
k,s,n,f,y,f,c,n,b,t,,s,k,p,p,p,w,o,e,w,v,p,1,1,0.9978417697762534
x,y,n,f,f,f,c,n,b,t,,k,k,p,w,p,w,o,e,w,v,d,1,1,0.9999627085247658
x,y,n,t,n,f,c,b,u,t,b,s,s,w,w,p,w,o,p,n,y,d,0,0,0.00033382352746860955
f,s,n,f,f,f,c,n,b,t,,s,k,p,p,p,w,o,e,w,v,d,1,1,0.9998159953339801
x,y,y,f,f,f,c,b,p,e,b,k,k,b,p,p,w,o,l,h,v,p,1,1,0.9996808535937259
x,f,e,t,n,f,c,b,p,t,b,s,s,p,g,p,w,o,p,n,v,d,0,0,0.0010847511211990034
k,y,e,f,s,f,c,n,b,t,,s,k,p,p,p,w,o,e,w,v,l,1,1,0.9989441447548228
k,s,n,f,f,f,c,n,b,t,,k,k,w,p,p,w,o,e,w,v,l,1,1,0.9999805856915589
f,f,w,t,l,f,w,n,w,t,b,s,s,w,w,p,w,o,p,n,v,d,0,0,0.038759074823696595
x,y,e,f,f,f,c,n,b,t,,k,k,w,w,p,w,o,e,w,v,d,1,1,0.9999626358757542
f,y,n,t,l,f,c,b,n,e,r,s,y,w,w,p,w,o,p,n,y,p,0,0,0.0016260236242363107
b,s,p,t,n,f,c,b,g,e,b,s,s,w,w,p,w,t,p,r,v,g,1,1,0.9349252858243542
x,f,g,f,n,f,w,b,g,e,,s,s,w,w,p,w,t,p,w,n,g,0,0,0.00035110486557125706
x,f,e,t,n,f,c,b,w,t,b,s,s,p,p,p,w,o,p,n,v,d,0,0,0.0024350336005863555
x,f,y,f,f,f,c,b,p,e,b,k,k,n,p,p,w,o,l,h,y,p,1,1,0.9964955497221835
f,y,g,f,f,f,c,b,g,e,b,k,k,b,n,p,w,o,l,h,y,p,1,1,0.9988688318627552
f,f,e,t,n,f,c,b,p,t,b,s,s,w,g,p,w,o,p,n,v,d,0,0,0.0008392572501008134
f,y,c,f,m,f,c,b,y,e,c,k,y,c,c,p,w,n,n,w,c,d,1,1,0.98630396818875
x,s,p,f,c,f,c,n,n,e,b,s,s,w,w,p,w,o,p,k,s,d,1,1,0.9982147386599517
x,y,e,t,n,f,c,b,w,t,b,s,s,g,w,p,w,o,p,n,y,d,0,0,0.00043893958240500194
k,s,w,f,n,f,w,b,p,e,,k,s,w,w,p,w,t,p,w,n,g,0,0,0.005923617233345063
k,y,e,f,y,f,c,n,b,t,,k,s,p,p,p,w,o,e,w,v,p,1,1,0.9996337771336976
k,y,n,f,y,f,c,n,b,t,,k,k,w,p,p,w,o,e,w,v,d,1,1,0.9994882475031055
x,f,y,f,f,f,c,b,g,e,b,k,k,p,n,p,w,o,l,h,y,g,1,1,0.9980104359750797
f,s,n,f,s,f,c,n,b,t,,s,s,w,w,p,w,o,e,w,v,p,1,1,0.9945069408869834
f,y,n,t,n,f,c,b,n,t,b,s,s,g,g,p,w,o,p,n,y,d,0,0,0.00016734209716169648
b,s,w,t,a,f,c,b,n,e,c,s,s,w,w,p,w,o,p,k,s,m,0,0,0.015625188006183344
x,y,p,t,n,f,c,b,w,e,,s,s,w,e,p,w,t,e,w,c,w,0,0,0.015585417004900319
f,f,g,t,n,f,c,b,w,t,b,s,s,p,w,p,w,o,p,k,v,d,0,0,0.0030610713774865865
f,f,y,f,f,f,c,b,h,e,b,k,k,n,p,p,w,o,l,h,y,g,1,1,0.9989958643004883
x,f,n,f,n,f,w,b,p,t,e,s,f,w,w,p,w,o,e,n,s,g,0,0,6.969242580106414e-06
f,y,p,t,n,f,c,b,e,e,,s,s,w,e,p,w,t,e,w,c,w,0,0,0.011159859722982585
x,s,w,t,a,f,c,b,k,e,c,s,s,w,w,p,w,o,p,k,s,g,0,0,0.010846828155663553
f,y,g,f,f,f,c,b,h,e,b,k,k,p,b,p,w,o,l,h,v,g,1,1,0.9999353088332216
x,y,y,f,f,f,c,b,g,e,b,k,k,p,b,p,w,o,l,h,v,p,1,1,0.9997601457526639
f,f,y,f,f,f,c,b,p,e,b,k,k,p,b,p,w,o,l,h,y,d,1,1,0.9969162751426364
f,s,b,t,f,f,c,b,w,t,b,s,f,w,w,p,w,o,p,h,v,g,1,1,0.9924355049937421
f,f,g,f,f,f,c,b,p,e,b,k,k,b,p,p,w,o,l,h,v,d,1,1,0.9996017585151823
f,y,e,f,y,f,c,n,b,t,,k,s,w,p,p,w,o,e,w,v,p,1,1,0.9996097439091387
x,y,n,t,p,f,c,n,k,e,e,s,s,w,w,p,w,o,p,n,v,g,1,1,0.9825046211062062
f,f,g,f,n,f,w,b,k,t,e,s,f,w,w,p,w,o,e,k,a,g,0,0,1.0946221997067666e-05
x,s,e,f,f,f,c,n,b,t,,k,k,p,p,p,w,o,e,w,v,l,1,1,0.9999925884176469
f,y,n,f,y,f,c,n,b,t,,s,k,p,w,p,w,o,e,w,v,l,1,1,0.9985625942385244
x,s,n,f,f,f,c,n,b,t,,k,s,w,p,p,w,o,e,w,v,d,1,1,0.9999391839485079
f,f,g,f,f,f,c,b,h,e,b,k,k,b,p,p,w,o,l,h,y,p,1,1,0.998997183560699
f,y,n,t,n,f,c,b,n,t,b,s,s,g,p,p,w,o,p,n,v,d,0,0,0.001407072869117839
f,s,w,f,n,f,w,b,n,t,e,f,f,w,w,p,w,o,e,k,a,g,0,0,6.743779960614659e-05
f,s,n,f,s,f,c,n,b,t,,s,k,w,p,p,w,o,e,w,v,p,1,1,0.9976650721441285
x,s,y,t,a,f,c,b,w,e,c,s,s,w,w,p,w,o,p,k,s,g,0,0,0.006713149547073148
f,f,n,t,n,f,c,b,w,t,b,s,s,w,g,p,w,o,p,k,v,d,0,0,0.0008795078491818089
f,f,w,f,n,f,w,b,n,t,e,s,f,w,w,p,w,o,e,k,a,g,0,0,1.4163266328734196e-05
f,s,e,f,y,f,c,n,b,t,,s,k,p,w,p,w,o,e,w,v,l,1,1,0.9992217899309678
x,y,g,f,f,f,c,b,p,e,b,k,k,b,p,p,w,o,l,h,v,d,1,1,0.9997584952502988
f,y,n,t,n,f,c,b,u,t,b,s,s,p,g,p,w,o,p,k,v,d,0,0,0.0022534781709223806
f,f,y,f,f,f,c,b,h,e,b,k,k,n,b,p,w,o,l,h,v,g,1,1,0.9997711819412659
x,s,e,f,f,f,c,n,b,t,,s,k,w,w,p,w,o,e,w,v,d,1,1,0.9997273091793976
f,s,n,f,s,f,c,n,b,t,,s,s,w,p,p,w,o,e,w,v,p,1,1,0.995769847937388
k,y,n,f,f,f,c,n,b,t,,s,k,w,p,p,w,o,e,w,v,d,1,1,0.9995298120897815
x,s,n,t,p,f,c,n,k,e,e,s,s,w,w,p,w,o,p,n,v,g,1,1,0.9860542347115716
k,s,p,t,n,f,c,b,e,e,,s,s,w,e,p,w,t,e,w,c,w,0,0,0.01019011531797375
x,f,y,f,f,f,c,b,h,e,b,k,k,p,p,p,w,o,l,h,v,p,1,1,0.9995845710143813
x,y,g,f,f,f,c,b,p,e,b,k,k,b,p,p,w,o,l,h,y,g,1,1,0.9995343055757514
b,s,w,t,l,f,c,b,w,e,c,s,s,w,w,p,w,o,p,k,n,g,0,0,0.00484212346726439
f,f,g,t,n,f,c,b,p,t,b,s,s,w,w,p,w,o,p,n,v,d,0,0,0.0013550793823921851
b,s,w,t,a,f,c,b,n,e,c,s,s,w,w,p,w,o,p,n,s,m,0,0,0.012357759953871696
f,f,g,f,n,f,w,b,k,t,e,f,s,w,w,p,w,o,e,k,s,g,0,0,7.122321556551133e-05
x,s,e,f,y,f,c,n,b,t,,k,s,p,p,p,w,o,e,w,v,l,1,1,0.9998654338820712
f,f,g,f,n,f,w,b,p,t,e,s,s,w,w,p,w,o,e,n,s,g,0,0,3.052610926457402e-05
x,y,n,t,n,f,c,b,w,t,b,s,s,g,p,p,w,o,p,k,v,d,0,0,0.0022360560849658527
f,s,e,f,f,f,c,n,b,t,,k,s,w,w,p,w,o,e,w,v,l,1,1,0.999977386706601
x,s,w,f,c,f,c,n,n,e,b,s,s,w,w,p,w,o,p,k,s,d,1,1,0.9972191530937874
k,s,n,f,s,f,c,n,b,t,,s,k,w,w,p,w,o,e,w,v,d,1,1,0.995089679846304
k,y,n,f,s,f,c,n,b,t,,s,s,w,w,p,w,o,e,w,v,p,1,1,0.9904926940563514
x,y,n,f,y,f,c,n,b,t,,s,s,w,w,p,w,o,e,w,v,l,1,1,0.9956467822701389
x,y,y,f,f,f,c,b,p,e,b,k,k,b,n,p,w,o,l,h,y,d,1,1,0.9965685678395559
f,s,e,f,f,f,c,n,b,t,,s,k,p,w,p,w,o,e,w,v,p,1,1,0.9998612799900727
f,f,w,f,n,f,w,b,n,t,e,f,f,w,w,p,w,o,e,k,a,g,0,0,2.8546882072226818e-05
f,y,g,t,n,f,c,b,n,t,b,s,s,p,w,p,w,o,p,n,y,d,0,0,0.0007005117071563667
x,y,g,f,f,f,c,b,g,e,b,k,k,b,b,p,w,o,l,h,y,p,1,1,0.9993411739083089
f,f,y,f,f,f,c,b,p,e,b,k,k,p,n,p,w,o,l,h,y,d,1,1,0.9939912150654773
f,f,g,t,n,f,c,b,w,t,b,s,s,p,p,p,w,o,p,k,y,d,0,0,0.0008781839398625131
s,f,n,f,n,f,c,n,k,e,e,s,s,w,w,p,w,o,p,k,y,u,0,0,0.005208097130685596
f,s,n,f,f,f,c,n,b,t,,s,s,w,w,p,w,o,e,w,v,p,1,1,0.9994565485697975
f,y,n,t,n,f,c,b,p,t,b,s,s,p,g,p,w,o,p,n,y,d,0,0,0.00034755308512579987
x,f,w,f,n,f,w,b,h,t,e,s,f,w,w,p,w,o,e,k,a,g,0,0,2.2465456608224286e-05
x,f,y,f,f,f,c,b,p,e,b,k,k,b,n,p,w,o,l,h,v,p,1,1,0.9987907587796107
f,f,n,t,n,f,c,b,w,t,b,s,s,g,g,p,w,o,p,k,v,d,0,0,0.0007325626862785881
f,f,g,f,n,f,w,b,h,t,e,f,f,w,w,p,w,o,e,n,s,g,0,0,4.0788051211108606e-05
x,s,w,t,a,f,c,b,w,e,c,s,s,w,w,p,w,o,p,k,n,m,0,0,0.005079116811026314
k,y,e,f,s,f,c,n,b,t,,s,k,p,p,p,w,o,e,w,v,p,1,1,0.998119895444268
f,y,n,t,n,f,c,b,n,t,b,s,s,g,w,p,w,o,p,k,y,d,0,0,0.00030259697435706213
f,f,g,f,f,f,c,b,g,e,b,k,k,p,n,p,w,o,l,h,v,g,1,1,0.9997516024863643
x,f,n,f,n,f,w,b,h,t,e,f,s,w,w,p,w,o,e,n,a,g,0,0,3.576035184878445e-05
x,f,p,f,c,f,w,n,p,e,b,s,s,w,w,p,w,o,p,n,s,d,1,1,0.9525482805699542
f,y,y,f,f,f,c,b,p,e,b,k,k,p,p,p,w,o,l,h,v,p,1,1,0.9997013789918308
x,s,w,f,c,f,c,n,n,e,b,s,s,w,w,p,w,o,p,k,v,d,1,1,0.9979702783770108
x,s,y,t,a,f,c,b,w,e,c,s,s,w,w,p,w,o,p,k,s,m,0,0,0.008361111863706507
x,f,e,t,n,f,c,b,u,t,b,s,s,g,w,p,w,o,p,k,y,d,0,0,0.00027594052716581346
f,y,n,t,n,f,c,b,w,t,b,s,s,w,p,p,w,o,p,k,v,d,0,0,0.003052190183340355
f,y,g,t,n,f,c,b,p,t,b,s,s,w,p,p,w,o,p,k,y,d,0,0,0.0009237479393910838
x,s,b,t,f,f,c,b,h,t,b,f,f,w,w,p,w,o,p,h,v,u,1,1,0.995963973103543
k,s,e,f,f,f,c,n,b,t,,k,s,w,p,p,w,o,e,w,v,d,1,1,0.9999497393710329
x,f,n,t,n,f,c,b,w,t,b,s,s,p,g,p,w,o,p,k,y,d,0,0,0.00025049985247613434
x,s,w,t,f,f,c,b,p,t,b,s,s,w,w,p,w,o,p,h,s,g,1,1,0.989889829059631
k,s,e,f,y,f,c,n,b,t,,k,k,w,p,p,w,o,e,w,v,p,1,1,0.9997642705474932
x,f,n,t,n,f,c,b,u,t,b,s,s,w,g,p,w,o,p,n,y,d,0,0,0.0001248245076891763
x,s,w,t,a,f,c,b,g,e,c,s,s,w,w,p,w,o,p,n,s,g,0,0,0.013687361630958914
x,s,w,t,f,f,c,b,h,t,b,s,s,w,w,p,w,o,p,h,s,g,1,1,0.9933873193813322
f,y,g,f,f,f,c,b,g,e,b,k,k,b,n,p,w,o,l,h,v,d,1,1,0.9997071527797087
f,y,e,f,m,a,c,b,y,e,c,k,y,c,c,p,w,n,n,w,c,d,1,1,0.9859906613105116
f,f,n,t,n,f,c,b,n,t,b,s,s,w,w,p,w,o,p,n,y,d,0,0,0.00015266850199332135
f,y,b,t,n,f,c,b,e,e,,s,s,e,w,p,w,t,e,w,c,w,0,0,0.01386805671879589
k,s,n,f,f,f,c,n,b,t,,s,k,p,p,p,w,o,e,w,v,d,1,1,0.9997460483790325
k,y,n,f,y,f,c,n,b,t,,s,k,w,p,p,w,o,e,w,v,l,1,1,0.9977574642474533
f,f,g,f,n,f,w,b,p,t,e,f,s,w,w,p,w,o,e,n,a,g,0,0,4.410961946741357e-05
x,y,g,f,f,f,c,b,g,e,b,k,k,p,b,p,w,o,l,h,y,d,1,1,0.9991761598653486
x,y,y,f,f,f,c,b,h,e,b,k,k,p,p,p,w,o,l,h,y,d,1,1,0.9988194237690909
x,y,n,t,n,f,c,b,n,t,b,s,s,g,g,p,w,o,p,k,y,d,0,0,0.0001865932886087843
f,y,g,t,n,f,c,b,u,t,b,s,s,g,p,p,w,o,p,k,v,d,0,0,0.003927564555971593
f,f,w,f,n,f,w,b,n,t,e,f,f,w,w,p,w,o,e,n,a,g,0,0,2.25028044398104e-05
x,y,w,t,l,f,c,b,n,e,c,s,s,w,w,p,w,o,p,n,n,m,0,0,0.002135003004711345
f,y,n,t,n,f,c,b,w,e,,s,s,w,e,p,w,t,e,w,c,w,0,0,0.004975744911331823
f,s,b,t,f,f,c,b,w,t,b,f,f,w,w,p,w,o,p,h,v,g,1,1,0.9962326418518593
x,s,w,t,l,f,c,b,g,e,c,s,s,w,w,p,w,o,p,k,s,m,0,0,0.020540066509870003
f,s,e,f,s,f,c,n,b,t,,s,s,w,p,p,w,o,e,w,v,d,1,1,0.9966115748016099
f,f,y,f,f,f,c,b,g,e,b,k,k,n,b,p,w,o,l,h,y,g,1,1,0.9989124608750699
f,s,n,t,p,f,c,n,p,e,e,s,s,w,w,p,w,o,p,k,s,g,1,1,0.9878882071523613
x,y,e,f,s,f,c,n,b,t,,s,k,p,w,p,w,o,e,w,v,p,1,1,0.997985321100262
x,y,y,f,f,f,c,b,p,e,b,k,k,p,n,p,w,o,l,h,v,g,1,1,0.9996574337597169
x,y,g,t,n,f,c,b,w,t,b,s,s,p,p,p,w,o,p,n,v,d,0,0,0.00516333596571135
f,y,g,t,n,f,c,b,u,t,b,s,s,w,p,p,w,o,p,n,y,d,0,0,0.0008210366186557928
x,y,g,f,f,f,c,b,p,e,b,k,k,p,n,p,w,o,l,h,y,g,1,1,0.9989985930017331
f,f,e,t,n,f,c,b,u,t,b,s,s,w,w,p,w,o,p,k,v,d,0,0,0.0017097151933106387
f,y,n,f,f,f,c,n,b,t,,s,s,p,p,p,w,o,e,w,v,d,1,1,0.9995795816699383
k,y,e,f,s,f,c,n,b,t,,k,k,w,w,p,w,o,e,w,v,d,1,1,0.9995397351752232
x,y,e,t,n,f,c,b,n,t,b,s,s,w,p,p,w,o,p,k,y,d,0,0,0.0006093909120863706
x,y,e,f,f,f,c,n,b,t,,k,k,p,p,p,w,o,e,w,v,l,1,1,0.9999906683743908
x,y,e,f,y,f,c,n,b,t,,s,k,w,w,p,w,o,e,w,v,p,1,1,0.9970842999785452
x,s,n,f,f,f,c,n,b,t,,s,s,p,w,p,w,o,e,w,v,l,1,1,0.9997640518934662
x,y,g,t,n,f,c,b,p,t,b,s,s,p,p,p,w,o,p,n,v,d,0,0,0.004261519719761254
f,s,e,f,y,f,c,n,b,t,,s,k,w,w,p,w,o,e,w,v,d,1,1,0.997607264010743
f,s,n,f,s,f,c,n,b,t,,k,s,p,p,p,w,o,e,w,v,p,1,1,0.9996858564015266
k,y,n,f,f,f,c,n,b,t,,s,k,p,w,p,w,o,e,w,v,d,1,1,0.9995843408118505
b,y,w,t,l,f,c,b,w,e,c,s,s,w,w,p,w,o,p,n,s,g,0,0,0.01073252496713156
x,f,n,t,n,f,c,b,n,t,b,s,s,g,p,p,w,o,p,k,v,d,0,0,0.0008366606972864615
x,y,n,t,l,f,c,b,p,e,r,s,y,w,w,p,w,o,p,k,s,p,0,0,0.007026167472685369
x,f,g,t,n,f,c,b,n,t,b,s,s,w,g,p,w,o,p,k,y,d,0,0,0.00019863581288948103
f,y,g,t,n,f,c,b,p,t,b,s,s,w,g,p,w,o,p,n,v,d,0,0,0.00178278768710025
f,y,n,t,p,f,c,n,n,e,e,s,s,w,w,p,w,o,p,n,v,u,1,1,0.9803742121180891
x,f,g,f,f,f,c,b,p,e,b,k,k,n,n,p,w,o,l,h,y,p,1,1,0.9954431834602187
x,f,y,f,n,f,c,n,w,e,,k,y,w,y,p,w,o,e,w,v,d,1,1,0.9717863124183873
b,y,n,f,n,f,c,b,w,e,b,y,y,n,n,p,w,t,p,w,y,d,0,0,0.02833263263390661
x,y,g,f,f,f,c,b,g,e,b,k,k,n,n,p,w,o,l,h,y,g,1,1,0.9991698432064358
b,s,w,f,n,f,w,b,g,e,,s,s,w,w,p,w,t,p,w,s,g,0,0,0.005084407246011579
f,s,n,f,n,a,c,b,o,e,,s,s,o,o,p,o,o,p,n,c,l,0,0,0.001710771097611615
x,s,w,t,l,f,w,n,n,t,b,s,s,w,w,p,w,o,p,u,v,d,0,0,0.06874413709828184
f,f,w,f,n,f,w,b,h,t,e,s,f,w,w,p,w,o,e,n,s,g,0,0,2.8102656677309338e-05
f,f,n,f,n,f,w,b,k,t,e,s,s,w,w,p,w,o,e,k,a,g,0,0,1.5229592082481126e-05
f,s,w,t,p,f,c,n,k,e,e,s,s,w,w,p,w,o,p,k,v,g,1,1,0.9957760352466016
f,f,y,f,f,f,c,b,h,e,b,k,k,n,n,p,w,o,l,h,v,p,1,1,0.9991042943344085
x,s,n,f,y,f,c,n,b,t,,k,k,w,w,p,w,o,e,w,v,p,1,1,0.9996291831215244
f,f,g,f,n,f,c,n,n,e,e,s,s,w,w,p,w,o,p,k,y,u,0,0,0.012950190051130236
b,y,w,t,l,f,c,b,g,e,c,s,s,w,w,p,w,o,p,k,s,m,0,0,0.020320231823972763
s,f,g,f,n,f,c,n,k,e,e,s,s,w,w,p,w,o,p,n,v,u,0,0,0.03023826615809661
f,s,b,t,n,f,c,b,w,e,,s,s,e,w,p,w,t,e,w,c,w,0,0,0.02748263529399194
x,y,n,f,f,f,c,n,b,t,,k,s,w,p,p,w,o,e,w,v,d,1,1,0.9999234300119659
f,y,y,f,f,f,c,b,h,e,b,k,k,p,b,p,w,o,l,h,y,d,1,1,0.9989266942562609
k,y,n,f,s,f,c,n,b,t,,k,s,w,w,p,w,o,e,w,v,l,1,1,0.9994143333103986
f,f,g,t,n,f,c,b,w,t,b,s,s,w,g,p,w,o,p,n,v,d,0,0,0.0011529714255142684
x,y,n,t,n,f,c,b,u,t,b,s,s,g,p,p,w,o,p,n,y,d,0,0,0.0003614561251556049
f,y,n,t,l,f,c,b,w,e,r,s,y,w,w,p,w,o,p,n,y,p,0,0,0.002317680059728492
x,f,n,t,n,f,c,b,w,t,b,s,s,g,g,p,w,o,p,n,y,d,0,0,0.00011181937156955587
f,y,e,t,n,f,c,b,n,t,b,s,s,g,p,p,w,o,p,n,v,d,0,0,0.0020642041223235675
f,y,w,t,p,f,c,n,k,e,e,s,s,w,w,p,w,o,p,k,v,u,1,1,0.9936756981280419
x,f,g,f,f,f,c,b,g,e,b,k,k,b,n,p,w,o,l,h,y,p,1,1,0.9975883739481013
f,f,w,f,n,f,w,b,p,t,e,s,f,w,w,p,w,o,e,n,s,g,0,0,1.8316349716686513e-05
k,y,n,f,s,f,c,n,b,t,,s,s,p,p,p,w,o,e,w,v,p,1,1,0.9950059233760005
f,y,y,t,l,f,c,b,p,e,r,s,y,w,w,p,w,o,p,n,s,p,0,0,0.006752528737050642
x,y,y,f,f,f,c,b,g,e,b,k,k,b,b,p,w,o,l,h,v,p,1,1,0.9997746763606754
f,f,n,t,n,f,c,b,p,t,b,s,s,g,g,p,w,o,p,k,y,d,0,0,0.0001330756421304141
b,s,n,f,n,a,c,b,y,e,,s,s,o,o,p,n,o,p,b,v,l,0,0,0.007606579913835411
x,f,n,t,n,f,c,b,n,t,b,s,s,g,g,p,w,o,p,k,v,d,0,0,0.0004515582790800283
f,y,g,f,f,f,c,b,p,e,b,k,k,n,b,p,w,o,l,h,v,d,1,1,0.9997162444553509
f,y,n,t,a,f,c,b,n,e,r,s,y,w,w,p,w,o,p,n,y,g,0,0,0.0034072377894434572
s,f,n,f,n,f,c,n,g,e,e,s,s,w,w,p,w,o,p,n,v,u,0,0,0.029213513160900203
x,s,w,t,f,f,c,b,h,t,b,s,f,w,w,p,w,o,p,h,v,g,1,1,0.9888881401644547
f,y,e,f,y,f,c,n,b,t,,s,k,p,p,p,w,o,e,w,v,p,1,1,0.998657774438405
k,y,e,f,m,f,c,b,y,e,c,k,y,c,c,p,w,n,n,w,c,d,1,1,0.9893063441186111
f,f,n,f,n,f,w,b,n,t,e,f,s,w,w,p,w,o,e,n,s,g,0,0,3.144719924973945e-05
x,f,n,f,n,f,w,b,n,t,e,f,s,w,w,p,w,o,e,n,s,g,0,0,2.7641279291257915e-05
f,y,e,t,n,f,c,b,n,t,b,s,s,g,p,p,w,o,p,k,y,d,0,0,0.0005773997165628085
x,f,e,t,n,f,c,b,u,t,b,s,s,w,w,p,w,o,p,k,v,d,0,0,0.001503100989406055
x,y,y,f,f,f,c,b,g,e,b,k,k,p,b,p,w,o,l,h,v,g,1,1,0.9998803198901307
f,s,g,f,n,f,w,b,n,t,e,s,s,w,w,p,w,o,e,n,a,g,0,0,4.3956717521276116e-05
f,y,n,f,y,f,c,n,b,t,,s,s,w,w,p,w,o,e,w,v,p,1,1,0.9931977677404099
x,y,w,f,n,f,c,n,u,e,,s,f,w,w,p,w,o,f,h,v,d,0,0,0.13098558578349512
x,y,e,f,s,f,c,n,b,t,,s,s,p,p,p,w,o,e,w,v,l,1,1,0.9984210870778812
f,s,g,t,f,f,c,b,w,t,b,f,f,w,w,p,w,o,p,h,s,u,1,1,0.9861279925217104
b,s,y,t,a,f,c,b,w,e,c,s,s,w,w,p,w,o,p,k,s,g,0,0,0.008346190068996113
x,f,e,t,n,f,c,b,u,t,b,s,s,g,p,p,w,o,p,k,y,d,0,0,0.00035874756502413374
x,y,e,t,n,f,c,b,u,t,b,s,s,g,p,p,w,o,p,k,v,d,0,0,0.0030491601492303733
x,y,y,f,f,f,c,b,h,e,b,k,k,p,n,p,w,o,l,h,y,d,1,1,0.9976167684496013
f,s,n,f,s,f,c,n,b,t,,k,s,w,p,p,w,o,e,w,v,d,1,1,0.9994572585268783
x,f,e,t,n,f,c,b,p,t,b,s,s,w,p,p,w,o,p,k,y,d,0,0,0.00038207494869184274
f,s,g,f,n,f,w,b,h,t,e,s,f,w,w,p,w,o,e,n,s,g,0,0,4.780683613371167e-05
f,f,n,t,n,f,c,b,u,t,b,s,s,g,g,p,w,o,p,k,y,d,0,0,0.00015003074459309413
b,s,w,t,l,f,c,b,n,e,c,s,s,w,w,p,w,o,p,n,n,g,0,0,0.002681793615159737
x,s,n,f,s,f,c,n,b,t,,s,k,p,w,p,w,o,e,w,v,d,1,1,0.9972422556937477
x,f,n,f,n,f,w,b,h,t,e,s,s,w,w,p,w,o,e,n,s,g,0,0,2.474792605811291e-05
x,s,w,f,n,f,w,b,k,t,e,f,f,w,w,p,w,o,e,n,s,g,0,0,6.99512943231545e-05
k,s,n,f,f,f,c,n,b,t,,s,s,p,p,p,w,o,e,w,v,l,1,1,0.9997798387111041
x,s,w,t,f,f,c,b,w,t,b,f,f,w,w,p,w,o,p,h,s,u,1,1,0.9886068267880593
x,s,n,f,n,a,c,b,y,e,,s,s,o,o,p,n,o,p,o,v,l,0,0,0.006181741684924159
f,y,n,t,n,f,c,b,u,t,b,s,s,g,p,p,w,o,p,n,y,d,0,0,0.00041120601646648595
x,y,n,t,n,f,c,b,w,t,b,s,s,w,w,p,w,o,p,n,y,d,0,0,0.00035906767223298946
f,y,n,t,a,f,c,b,n,e,r,s,y,w,w,p,w,o,p,k,y,p,0,0,0.0021592006276210415
x,y,e,f,f,f,c,n,b,t,,s,k,p,w,p,w,o,e,w,v,d,1,1,0.9997665641458602
x,y,g,f,f,f,c,b,p,e,b,k,k,b,p,p,w,o,l,h,v,p,1,1,0.9997944372662612
f,y,n,f,n,f,c,n,w,e,,k,y,w,y,p,w,o,e,w,v,d,1,1,0.9856386792891276
k,s,e,f,s,f,c,n,b,t,,s,k,p,w,p,w,o,e,w,v,p,1,1,0.998058588622594
x,y,e,f,s,f,c,n,b,t,,s,k,p,w,p,w,o,e,w,v,l,1,1,0.9988685017423463
x,y,g,t,n,f,c,b,u,t,b,s,s,w,g,p,w,o,p,k,v,d,0,0,0.0022402103632301025
x,f,g,t,n,f,c,b,u,t,b,s,s,p,g,p,w,o,p,n,y,d,0,0,0.00030535920778796636
x,s,e,f,y,f,c,n,b,t,,k,k,p,w,p,w,o,e,w,v,l,1,1,0.9999036052369178
x,y,n,t,n,f,c,b,n,t,b,s,s,g,p,p,w,o,p,k,v,d,0,0,0.0015687200806719314
x,y,e,t,n,f,c,b,u,t,b,s,s,g,g,p,w,o,p,k,v,d,0,0,0.0016473563310486063
x,y,g,t,n,f,c,b,n,t,b,s,s,g,p,p,w,o,p,k,y,d,0,0,0.0005751121022645148
x,y,n,t,n,f,c,b,n,t,b,s,s,w,w,p,w,o,p,k,y,d,0,0,0.00031936741597735644
f,f,y,f,f,f,c,b,h,e,b,k,k,p,n,p,w,o,l,h,y,p,1,1,0.9966577375403761
f,y,e,f,y,f,c,n,b,t,,k,s,w,p,p,w,o,e,w,v,l,1,1,0.9997809778865637
f,s,n,f,n,f,w,b,p,t,e,f,s,w,w,p,w,o,e,n,s,g,0,0,8.737506306885416e-05
x,f,e,t,n,f,c,b,u,t,b,s,s,p,p,p,w,o,p,n,y,d,0,0,0.00049937777187036
x,s,n,f,f,f,c,n,b,t,,k,s,p,w,p,w,o,e,w,v,d,1,1,0.9999462394727617
x,s,n,t,p,f,c,n,w,e,e,s,s,w,w,p,w,o,p,k,s,g,1,1,0.9886289633642767
f,f,g,t,n,f,c,b,n,t,b,s,s,p,w,p,w,o,p,k,y,d,0,0,0.0004737227142050627
x,f,g,t,n,f,c,b,u,t,b,s,s,g,g,p,w,o,p,n,y,d,0,0,0.0001729189324577094
f,f,y,f,f,f,c,b,p,e,b,k,k,p,b,p,w,o,l,h,y,p,1,1,0.9973741003998794
x,s,n,t,n,f,c,b,w,e,b,s,s,w,w,p,w,t,p,w,v,p,0,0,0.021673883948195406
x,s,g,f,n,f,w,b,h,t,e,f,f,w,w,p,w,o,e,k,a,g,0,0,7.702722318567227e-05
f,f,n,t,n,f,c,b,n,t,b,s,s,g,g,p,w,o,p,k,v,d,0,0,0.0005137032261343196
x,f,e,t,n,f,c,b,p,t,b,s,s,w,p,p,w,o,p,n,v,d,0,0,0.0013666057782650777
x,f,y,f,f,f,c,b,p,e,b,k,k,p,n,p,w,o,l,h,v,p,1,1,0.9987128592573018
f,f,n,t,n,f,c,b,p,t,b,s,s,g,p,p,w,o,p,n,y,d,0,0,0.00019442413587774906
x,y,g,t,n,f,c,b,u,t,b,s,s,p,g,p,w,o,p,n,y,d,0,0,0.0005728081881117791
f,y,e,f,y,f,c,n,b,t,,k,k,p,w,p,w,o,e,w,v,p,1,1,0.9998099050543986
x,s,n,f,s,f,c,n,b,t,,k,k,w,p,p,w,o,e,w,v,l,1,1,0.9998374667017768
f,f,y,f,f,f,c,b,h,e,b,k,k,p,p,p,w,o,l,h,y,p,1,1,0.9983435471444928
f,s,n,f,n,f,w,b,n,t,e,s,s,w,w,p,w,o,e,n,s,g,0,0,3.685867486586499e-05
x,y,y,f,f,f,c,b,h,e,b,k,k,b,b,p,w,o,l,h,v,d,1,1,0.9997472383010024
f,f,g,f,f,f,c,b,g,e,b,k,k,n,p,p,w,o,l,h,y,d,1,1,0.9984059718450459
x,y,y,t,l,f,c,b,g,e,c,s,s,w,w,p,w,o,p,k,s,m,0,0,0.007665153861876782
b,f,g,f,n,f,w,b,w,e,,s,k,w,w,p,w,t,p,w,n,g,0,0,0.0006567741577693129
f,s,w,f,n,f,w,b,k,t,e,s,f,w,w,p,w,o,e,k,a,g,0,0,3.591082887382891e-05
f,y,e,t,n,f,c,b,p,t,b,s,s,p,w,p,w,o,p,n,y,d,0,0,0.0007270623323963359
s,f,g,f,n,f,c,n,k,e,e,s,s,w,w,p,w,o,p,n,y,u,0,0,0.0068182554896694374
b,f,g,f,n,f,w,b,g,e,,s,k,w,w,p,w,t,p,w,s,g,0,0,0.0028194485940535564
k,s,e,t,n,f,c,b,e,e,,s,s,e,e,p,w,t,e,w,c,w,0,0,0.002742713595742492
x,f,g,f,n,f,w,b,h,t,e,s,s,w,w,p,w,o,e,k,s,g,0,0,5.222445365972178e-05
x,s,n,f,n,a,c,b,o,e,,s,s,o,o,p,n,o,p,o,v,l,0,0,0.003893698882335759
x,f,g,t,n,f,c,b,w,t,b,s,s,w,p,p,w,o,p,k,v,d,0,0,0.0023800538006759704
k,f,w,f,n,f,w,b,p,e,,k,s,w,w,p,w,t,p,w,s,g,0,0,0.008903032155231628
f,y,y,f,f,f,c,b,h,e,b,k,k,p,p,p,w,o,l,h,y,g,1,1,0.9995590234712991
x,s,w,t,f,f,c,b,h,t,b,f,f,w,w,p,w,o,p,h,s,u,1,1,0.9909732849956238
f,s,n,t,n,f,c,b,w,e,b,s,s,w,w,p,w,t,p,w,y,p,0,0,0.005518587758868033
f,y,n,f,s,f,c,n,b,t,,k,s,w,w,p,w,o,e,w,v,p,1,1,0.9992439334120012
f,y,w,t,p,f,c,n,p,e,e,s,s,w,w,p,w,o,p,k,v,g,1,1,0.995150063812917
x,y,y,t,a,f,c,b,n,e,c,s,s,w,w,p,w,o,p,n,s,g,0,0,0.0029577789544225296
x,s,n,f,s,f,c,n,b,t,,k,s,p,p,p,w,o,e,w,v,p,1,1,0.9996426161565727
f,f,g,f,f,f,c,b,p,e,b,k,k,p,n,p,w,o,l,h,v,g,1,1,0.9996361441932129
f,y,y,f,f,f,c,b,h,e,b,k,k,p,p,p,w,o,l,h,v,p,1,1,0.9998053507109506
f,y,y,f,f,f,c,b,p,e,b,k,k,p,n,p,w,o,l,h,y,d,1,1,0.9967886119883231
x,s,w,t,l,f,c,b,n,e,c,s,s,w,w,p,w,o,p,n,s,m,0,0,0.009502620776059931
x,y,y,f,f,f,c,b,h,e,b,k,k,b,p,p,w,o,l,h,v,d,1,1,0.9997555969440214
x,y,n,f,s,f,c,n,b,t,,k,s,w,w,p,w,o,e,w,v,d,1,1,0.998989649861007
x,y,e,f,f,f,c,n,b,t,,s,s,p,p,p,w,o,e,w,v,d,1,1,0.9996741435847857
f,s,n,f,y,f,c,n,b,t,,s,k,p,p,p,w,o,e,w,v,l,1,1,0.99912145153695
x,f,g,t,n,f,c,b,u,t,b,s,s,p,p,p,w,o,p,k,v,d,0,0,0.0032516519624199948
f,y,w,t,p,f,c,n,k,e,e,s,s,w,w,p,w,o,p,k,s,u,1,1,0.991349083297523
f,s,n,f,f,f,c,n,b,t,,k,k,p,w,p,w,o,e,w,v,l,1,1,0.9999875658914592
f,f,g,f,n,f,c,n,g,e,e,s,s,w,w,p,w,o,p,n,y,u,0,0,0.017508211537002796
k,y,e,f,f,f,c,n,b,t,,k,s,p,w,p,w,o,e,w,v,p,1,1,0.9999523874325442
f,y,y,f,f,f,c,b,g,e,b,k,k,n,n,p,w,o,l,h,y,g,1,1,0.9988673439402677
x,y,y,t,a,f,c,b,n,e,c,s,s,w,w,p,w,o,p,k,n,m,0,0,0.0013165802898764186
k,s,w,f,n,f,w,b,g,e,,s,s,w,w,p,w,t,p,w,n,g,0,0,0.0009489034531453476
x,y,y,f,f,f,c,b,g,e,b,k,k,n,b,p,w,o,l,h,v,p,1,1,0.9997087724991389
f,y,e,f,m,f,c,b,y,e,c,k,y,c,c,p,w,n,n,w,c,d,1,1,0.9922293927142406
f,s,b,t,f,f,c,b,p,t,b,f,s,w,w,p,w,o,p,h,v,g,1,1,0.9980224494514541
x,y,y,t,l,f,c,b,n,e,c,s,s,w,w,p,w,o,p,n,s,g,0,0,0.0028245564478611243
b,s,n,f,n,a,c,b,n,e,,s,s,o,o,p,n,o,p,y,v,l,0,0,0.003464831045623621
f,f,g,f,n,f,w,b,k,t,e,f,s,w,w,p,w,o,e,n,a,g,0,0,4.025099487639806e-05
k,y,c,f,n,f,w,n,w,e,b,f,s,w,n,p,w,o,e,w,v,l,0,0,0.08781304261260359
f,y,n,f,y,f,c,n,b,t,,k,k,w,p,p,w,o,e,w,v,p,1,1,0.999684357312277
b,s,w,t,l,f,c,b,n,e,c,s,s,w,w,p,w,o,p,n,s,g,0,0,0.009485681256127695
x,s,n,f,n,f,w,b,k,t,e,f,f,w,w,p,w,o,e,k,a,g,0,0,2.7540530211514173e-05
x,f,e,t,n,f,c,b,w,t,b,s,s,p,w,p,w,o,p,k,v,d,0,0,0.002375996918312914
b,s,g,f,n,f,w,b,g,e,,k,k,w,w,p,w,t,p,w,n,g,0,0,0.016946426585937237
x,f,g,t,n,f,c,b,n,t,b,s,s,w,p,p,w,o,p,n,v,d,0,0,0.0013167312881118612
f,s,n,f,n,f,w,b,n,t,e,f,s,w,w,p,w,o,e,n,s,g,0,0,7.428907773756463e-05
f,y,g,f,f,f,c,b,g,e,b,k,k,p,n,p,w,o,l,h,v,g,1,1,0.9998676014490806
k,s,e,f,y,f,c,n,b,t,,s,s,p,p,p,w,o,e,w,v,l,1,1,0.9985015746761472
f,y,y,f,f,f,c,b,g,e,b,k,k,p,p,p,w,o,l,h,v,d,1,1,0.9997604971313224
f,y,y,f,f,f,c,b,g,e,b,k,k,p,p,p,w,o,l,h,y,d,1,1,0.9989130995840496
x,f,n,f,n,f,w,n,w,e,b,f,s,w,n,p,w,o,e,w,v,l,0,0,0.0699238739170167
k,f,w,f,n,f,w,b,g,e,,s,s,w,w,p,w,t,p,w,n,g,0,0,0.0004018816297340487
f,f,g,f,f,f,c,b,h,e,b,k,k,p,b,p,w,o,l,h,v,d,1,1,0.9997142160154624
x,y,g,t,n,f,c,b,u,t,b,s,s,w,g,p,w,o,p,k,y,d,0,0,0.0004940840948136804
x,f,y,f,f,f,c,b,h,e,b,k,k,n,n,p,w,o,l,h,v,d,1,1,0.9988031030247704
f,y,n,t,n,f,c,b,p,t,b,s,s,g,w,p,w,o,p,k,v,d,0,0,0.0016143951589197905
f,y,n,f,s,f,c,n,b,t,,k,k,w,w,p,w,o,e,w,v,l,1,1,0.9997661472235818
b,s,n,f,n,a,c,b,n,e,,s,s,o,o,p,n,o,p,b,c,l,0,0,0.004649210472231858
f,y,n,t,n,f,c,b,n,t,b,s,s,p,p,p,w,o,p,k,v,d,0,0,0.003147094968507986
x,y,w,t,a,f,c,b,n,e,c,s,s,w,w,p,w,o,p,k,n,g,0,0,0.0022734088281980676
b,y,b,t,n,f,c,b,g,e,b,s,s,w,w,p,w,t,p,r,v,g,1,1,0.9230634016842633
x,y,n,t,n,f,c,b,n,t,b,s,s,g,p,p,w,o,p,n,v,d,0,0,0.0012369868083904796
f,f,g,f,f,f,c,b,p,e,b,k,k,b,b,p,w,o,l,h,v,g,1,1,0.9998250647891784
x,s,g,f,n,f,w,b,p,t,e,f,s,w,w,p,w,o,e,n,a,g,0,0,9.159015721371624e-05
f,s,n,f,n,a,c,b,n,e,,s,s,o,o,p,o,o,p,b,v,l,0,0,0.0031194162179539017
k,s,e,f,s,f,c,n,b,t,,s,s,p,w,p,w,o,e,w,v,p,1,1,0.9964816491199099
f,s,w,t,f,f,c,b,p,t,b,f,f,w,w,p,w,o,p,h,s,g,1,1,0.9897967409609517
x,s,n,f,n,f,w,b,h,t,e,f,f,w,w,p,w,o,e,n,a,g,0,0,3.650184477502206e-05
f,s,b,t,n,f,c,b,w,e,,s,s,w,w,p,w,t,e,w,c,w,0,0,0.04132993752875327
f,y,g,t,n,f,c,b,p,t,b,s,s,w,g,p,w,o,p,k,v,d,0,0,0.002260561729864326
k,s,n,f,f,f,c,n,b,t,,k,k,w,p,p,w,o,e,w,v,d,1,1,0.9999593513879735
x,y,n,f,y,f,c,n,b,t,,k,s,w,p,p,w,o,e,w,v,p,1,1,0.9993483962849835
x,f,g,f,n,f,w,b,k,t,e,s,s,w,w,p,w,o,e,n,a,g,0,0,1.7553328673885027e-05
f,s,n,f,n,a,c,b,y,e,,s,s,o,o,p,n,o,p,o,c,l,0,0,0.009569018441186156
k,y,n,f,y,f,c,n,b,t,,k,s,w,p,p,w,o,e,w,v,p,1,1,0.9992095939089246
x,s,y,t,l,f,c,b,k,e,c,s,s,w,w,p,w,o,p,n,s,m,0,0,0.004752538710803409
f,y,n,f,y,f,c,n,b,t,,s,k,w,w,p,w,o,e,w,v,p,1,1,0.9962410043303391
k,y,e,f,s,f,c,n,b,t,,k,s,p,p,p,w,o,e,w,v,d,1,1,0.9995631326349809
f,y,y,f,f,f,c,b,p,e,b,k,k,b,b,p,w,o,l,h,y,d,1,1,0.9984537364660183
x,s,e,f,s,f,c,n,b,t,,k,k,w,p,p,w,o,e,w,v,l,1,1,0.9998892757071539
x,y,n,f,f,f,c,n,b,t,,s,s,p,w,p,w,o,e,w,v,p,1,1,0.9994707359727216
k,s,n,f,s,f,c,n,b,t,,k,s,w,w,p,w,o,e,w,v,l,1,1,0.99953478291009
x,s,y,t,l,f,c,b,w,e,c,s,s,w,w,p,w,o,p,n,n,m,0,0,0.0017787830201129833
x,y,g,f,f,f,c,b,g,e,b,k,k,b,p,p,w,o,l,h,y,p,1,1,0.9993629522447948
x,f,g,f,f,f,c,b,g,e,b,k,k,b,b,p,w,o,l,h,y,p,1,1,0.9987645234216609
f,y,y,f,f,f,c,b,p,e,b,k,k,n,n,p,w,o,l,h,v,d,1,1,0.9991394505948107
f,s,b,t,f,f,c,b,h,t,b,f,f,w,w,p,w,o,p,h,s,g,1,1,0.995918552154162
f,y,g,f,f,f,c,b,g,e,b,k,k,n,n,p,w,o,l,h,y,p,1,1,0.9985383691050201
f,y,y,t,a,f,c,b,n,e,r,s,y,w,w,p,w,o,p,n,y,g,0,0,0.0036494241752449657
x,f,n,t,n,f,c,b,w,t,b,s,s,w,p,p,w,o,p,n,v,d,0,0,0.0011292339444378405
f,y,y,f,f,f,c,b,p,e,b,k,k,p,b,p,w,o,l,h,y,p,1,1,0.9985988111410912
b,s,w,t,a,f,c,b,g,e,c,s,s,w,w,p,w,o,p,n,s,g,0,0,0.016987933132245933
f,f,n,t,n,f,c,b,w,t,b,s,s,p,p,p,w,o,p,n,y,d,0,0,0.00041633140437917444
f,y,n,t,n,f,c,b,w,t,b,s,s,p,w,p,w,o,p,k,v,d,0,0,0.0034514009603353745
k,s,n,f,n,a,c,b,o,e,,s,s,o,o,p,n,o,p,b,v,l,0,0,0.003178134725004539
k,s,e,f,y,f,c,n,b,t,,s,k,w,w,p,w,o,e,w,v,l,1,1,0.99842141277047
x,y,e,t,n,f,c,b,e,e,,s,s,w,w,p,w,t,e,w,c,w,0,0,0.007256481884517094
x,y,y,t,a,f,c,b,p,e,r,s,y,w,w,p,w,o,p,n,s,g,0,0,0.01238855680021537
b,y,n,f,n,f,c,n,w,e,,k,y,w,n,p,w,o,e,w,v,d,1,1,0.9484992520846952
x,y,e,f,y,f,c,n,b,t,,s,k,p,w,p,w,o,e,w,v,p,1,1,0.9980158195056178
x,s,w,t,a,f,c,b,g,e,c,s,s,w,w,p,w,o,p,n,n,m,0,0,0.004837731153408779
f,y,e,t,n,f,c,b,p,t,b,s,s,g,w,p,w,o,p,k,y,d,0,0,0.0005223471880870556
x,f,y,t,a,f,w,n,p,t,b,s,s,w,w,p,w,o,p,n,v,d,0,0,0.013995973414479916
x,y,y,f,f,f,c,b,p,e,b,k,k,p,b,p,w,o,l,h,v,d,1,1,0.9995872363691136
x,s,w,f,n,f,w,b,g,e,,k,k,w,w,p,w,t,p,w,s,g,0,0,0.06407547140726512
b,s,g,f,n,f,w,b,g,e,,s,s,w,w,p,w,t,p,w,n,g,0,0,0.001032235957009443
x,s,p,f,c,f,c,n,u,e,b,s,s,w,w,p,w,o,p,n,s,d,1,1,0.9982919413857865
f,f,g,t,n,f,c,b,p,t,b,s,s,w,p,p,w,o,p,k,y,d,0,0,0.0004925229750119145
f,f,n,t,n,f,c,b,n,t,b,s,s,p,g,p,w,o,p,k,v,d,0,0,0.0009069167180082092
x,y,y,f,f,f,c,b,h,e,b,k,k,p,n,p,w,o,l,h,v,g,1,1,0.9997767025967242
f,y,n,t,a,f,c,b,w,e,r,s,y,w,w,p,w,o,p,k,y,p,0,0,0.003076953872225683
f,f,e,t,n,f,c,b,u,t,b,s,s,w,g,p,w,o,p,k,v,d,0,0,0.0011999192675124924
x,f,y,f,f,f,c,b,h,e,b,k,k,p,n,p,w,o,l,h,y,g,1,1,0.998100162367097
f,s,e,f,s,f,c,n,b,t,,s,s,p,p,p,w,o,e,w,v,l,1,1,0.9988972106918328
x,y,n,t,n,f,c,b,n,t,b,s,s,p,g,p,w,o,p,n,y,d,0,0,0.0002597559977264047
k,s,n,f,s,f,c,n,b,t,,k,k,w,w,p,w,o,e,w,v,p,1,1,0.99954324097296
x,f,g,f,f,f,c,b,g,e,b,k,k,n,b,p,w,o,l,h,v,p,1,1,0.9996480949434229
f,f,g,f,f,f,c,b,g,e,b,k,k,p,n,p,w,o,l,h,v,p,1,1,0.9995022439545237
k,y,e,f,y,f,c,n,b,t,,s,k,p,p,p,w,o,e,w,v,d,1,1,0.997825232959808
x,f,n,t,n,f,c,b,u,t,b,s,s,p,p,p,w,o,p,n,y,d,0,0,0.0003402329850266591
b,s,n,f,n,a,c,b,y,e,,s,s,o,o,p,o,o,p,y,c,l,0,0,0.010534459295050664
f,y,p,t,n,f,c,b,w,e,b,s,s,w,w,p,w,t,p,w,y,p,0,0,0.015627339918170908
x,f,n,t,n,f,c,b,n,t,b,s,s,w,p,p,w,o,p,n,v,d,0,0,0.0007919594264764403
x,s,n,f,f,f,c,n,b,t,,s,s,w,p,p,w,o,e,w,v,d,1,1,0.9994413149360046
f,f,n,t,n,f,c,b,p,t,b,s,s,p,p,p,w,o,p,n,y,d,0,0,0.0003433297975939625
f,s,e,f,y,f,c,n,b,t,,s,k,w,w,p,w,o,e,w,v,p,1,1,0.9979627112425157
f,s,w,t,a,f,w,n,w,t,b,s,s,w,w,p,w,o,p,u,v,d,0,0,0.11147166863387306
x,y,g,t,n,f,c,b,w,t,b,s,s,w,p,p,w,o,p,n,y,d,0,0,0.000776295054049539
k,s,w,f,n,f,w,b,g,e,,k,k,w,w,p,w,t,p,w,s,g,0,0,0.05341736515819437
f,y,n,t,n,f,c,b,p,t,b,s,s,w,p,p,w,o,p,k,y,d,0,0,0.0005555090724273791
x,s,w,f,n,f,w,b,w,e,,k,s,w,w,p,w,t,p,w,s,g,0,0,0.030277317266523867
x,y,e,t,n,f,c,b,u,t,b,s,s,w,p,p,w,o,p,n,v,d,0,0,0.002886590535625882
f,y,y,f,f,f,c,b,h,e,b,k,k,n,b,p,w,o,l,h,y,d,1,1,0.9986970405963915
x,f,p,f,c,f,w,n,u,e,b,s,s,w,w,p,w,o,p,n,s,d,1,1,0.957684604573974
f,s,w,t,p,f,c,n,p,e,e,s,s,w,w,p,w,o,p,k,v,g,1,1,0.996144129606693
x,s,y,t,l,f,c,b,w,e,c,s,s,w,w,p,w,o,p,k,n,g,0,0,0.0018087383792556476
f,y,w,f,n,f,c,n,h,e,,s,f,w,w,p,w,o,f,h,y,d,0,0,0.04886956080605418
f,f,e,t,n,f,c,b,u,t,b,s,s,w,w,p,w,o,p,n,y,d,0,0,0.0002971432710368073
f,y,g,t,n,f,c,b,w,e,b,s,s,w,w,p,w,t,p,w,v,p,0,0,0.03222752946250476
f,f,g,f,f,f,c,b,p,e,b,k,k,n,n,p,w,o,l,h,v,d,1,1,0.99896027758887
k,s,n,f,f,f,c,n,b,t,,k,k,w,w,p,w,o,e,w,v,l,1,1,0.9999747577048551
x,y,w,t,p,f,c,n,k,e,e,s,s,w,w,p,w,o,p,k,v,u,1,1,0.9928111395944446
x,y,e,t,n,f,c,b,w,t,b,s,s,g,p,p,w,o,p,k,v,d,0,0,0.003279067842095842
x,y,n,t,n,f,c,b,p,t,b,s,s,g,w,p,w,o,p,n,v,d,0,0,0.0011191159664163165
f,f,g,t,n,f,c,b,u,t,b,s,s,g,w,p,w,o,p,n,v,d,0,0,0.0012724213469701385
x,s,e,f,y,f,c,n,b,t,,k,s,w,w,p,w,o,e,w,v,d,1,1,0.9994613956347289
x,s,g,t,f,f,c,b,h,t,b,s,f,w,w,p,w,o,p,h,s,g,1,1,0.979052906850159
x,f,n,f,n,f,w,b,k,t,e,f,f,w,w,p,w,o,e,n,s,g,0,0,1.2818174496907495e-05
f,s,g,f,n,f,w,b,k,t,e,s,f,w,w,p,w,o,e,k,s,g,0,0,3.607021171920975e-05
f,y,e,f,y,f,c,n,b,t,,k,k,w,w,p,w,o,e,w,v,l,1,1,0.9998431024768071
x,s,n,f,n,f,w,b,k,t,e,s,f,w,w,p,w,o,e,n,a,g,0,0,1.0770935225719779e-05
x,y,e,f,s,f,c,n,b,t,,k,s,w,p,p,w,o,e,w,v,l,1,1,0.9997469906205878
x,s,n,f,f,f,c,n,b,t,,k,k,w,p,p,w,o,e,w,v,l,1,1,0.9999839971860746
x,y,e,t,n,f,c,b,p,t,b,s,s,g,w,p,w,o,p,k,v,d,0,0,0.0020821058131599763
f,f,g,t,n,f,c,b,p,t,b,s,s,p,g,p,w,o,p,k,y,d,0,0,0.00039087235622594594
f,f,n,t,n,f,c,b,n,t,b,s,s,w,p,p,w,o,p,k,y,d,0,0,0.000251791168619319
x,f,g,t,n,f,c,b,n,t,b,s,s,p,g,p,w,o,p,n,y,d,0,0,0.0002302959766327511
f,s,w,t,p,f,c,n,k,e,e,s,s,w,w,p,w,o,p,n,v,u,1,1,0.9936280957016397
k,s,e,f,y,f,c,n,b,t,,k,k,w,w,p,w,o,e,w,v,l,1,1,0.9998280053785595
x,f,n,t,n,f,c,b,n,t,b,s,s,p,w,p,w,o,p,n,y,d,0,0,0.00019736573414588307
x,y,w,t,a,f,c,b,w,e,c,s,s,w,w,p,w,o,p,n,s,g,0,0,0.009041501833215292
f,y,e,t,n,f,c,b,n,t,b,s,s,g,p,p,w,o,p,k,v,d,0,0,0.00261719797343352
x,y,n,t,a,f,c,b,n,e,r,s,y,w,w,p,w,o,p,k,y,p,0,0,0.0018983706854642627
x,y,n,f,n,f,w,n,w,e,b,s,s,w,n,p,w,o,e,w,v,l,0,0,0.06540955784983642
c,y,w,t,n,f,w,n,w,e,b,s,s,w,w,p,w,o,p,w,c,l,1,0,0.4928791605823157
f,s,e,f,s,f,c,n,b,t,,s,k,w,p,p,w,o,e,w,v,d,1,1,0.9981303903310149
f,y,y,f,f,f,c,b,p,e,b,k,k,p,n,p,w,o,l,h,y,g,1,1,0.9986337775221159
k,y,e,f,s,f,c,n,b,t,,k,s,p,p,p,w,o,e,w,v,l,1,1,0.9997913032382603
x,s,w,f,c,f,c,n,u,e,b,s,s,w,w,p,w,o,p,n,s,d,1,1,0.9973392946572692
x,f,g,f,f,f,c,b,g,e,b,k,k,p,p,p,w,o,l,h,y,p,1,1,0.9987283795512844
x,s,g,f,n,f,w,b,w,e,,s,s,w,w,p,w,t,p,w,s,g,0,0,0.0024402437523869847
x,y,n,f,s,f,c,n,b,t,,k,s,w,p,p,w,o,e,w,v,d,1,1,0.9992227445401686
x,s,n,f,s,f,c,n,b,t,,s,s,w,w,p,w,o,e,w,v,d,1,1,0.9926711765985615
x,y,e,t,n,f,c,b,w,t,b,s,s,w,w,p,w,o,p,k,y,d,0,0,0.0006684800605194001
x,s,g,t,f,f,c,b,h,t,b,s,f,w,w,p,w,o,p,h,v,u,1,1,0.9817438044159831
x,y,e,t,n,f,c,b,n,t,b,s,s,p,w,p,w,o,p,k,v,d,0,0,0.003123253529115174
x,f,g,f,f,f,c,b,h,e,b,k,k,p,p,p,w,o,l,h,v,d,1,1,0.9996856288460025
f,s,e,f,s,f,c,n,b,t,,k,s,w,w,p,w,o,e,w,v,d,1,1,0.9995192630973989
f,f,n,t,n,f,c,b,p,t,b,s,s,g,w,p,w,o,p,n,y,d,0,0,0.0001495409815240666
x,y,e,t,n,f,c,b,n,t,b,s,s,g,w,p,w,o,p,n,y,d,0,0,0.0003077755541617881
f,s,n,f,f,f,c,n,b,t,,s,k,p,p,p,w,o,e,w,v,l,1,1,0.9999121103842108
x,s,w,t,f,f,c,b,w,t,b,f,s,w,w,p,w,o,p,h,v,g,1,1,0.9969617630288841
f,y,e,t,n,f,c,b,u,t,b,s,s,p,w,p,w,o,p,n,y,d,0,0,0.0008196349506221168
k,y,e,f,f,f,c,n,b,t,,k,s,p,p,p,w,o,e,w,v,d,1,1,0.9999569759735208
k,s,n,f,f,f,c,n,b,t,,k,s,p,w,p,w,o,e,w,v,p,1,1,0.9999444872291983
f,y,n,t,a,f,c,b,n,e,r,s,y,w,w,p,w,o,p,k,s,p,0,0,0.007117204221102626
x,y,y,f,f,f,c,b,p,e,b,k,k,b,p,p,w,o,l,h,y,p,1,1,0.9985520732171885
x,y,g,t,n,f,c,b,p,t,b,s,s,w,w,p,w,o,p,k,y,d,0,0,0.000624666965941772
k,s,e,f,y,f,c,n,b,t,,k,s,p,p,p,w,o,e,w,v,p,1,1,0.9997091085325173
f,f,g,f,f,f,c,b,h,e,b,k,k,p,b,p,w,o,l,h,y,d,1,1,0.9987032812348862
f,f,e,t,n,f,c,b,p,t,b,s,s,w,g,p,w,o,p,n,y,d,0,0,0.00018489796539093638
x,s,w,f,n,f,w,b,p,t,e,s,s,w,w,p,w,o,e,n,a,g,0,0,6.310591795162031e-05
b,f,g,f,n,f,w,b,p,e,,s,s,w,w,p,w,t,p,w,n,g,0,0,0.00029847230494484963
x,f,e,t,n,f,c,b,u,t,b,s,s,g,w,p,w,o,p,k,v,d,0,0,0.0012520985860069716
x,y,e,t,n,f,c,b,n,t,b,s,s,w,w,p,w,o,p,k,y,d,0,0,0.0004687568599261272
x,f,g,t,n,f,c,b,u,t,b,s,s,w,g,p,w,o,p,k,v,d,0,0,0.0011951682269586831
x,s,y,t,a,f,c,b,k,e,c,s,s,w,w,p,w,o,p,k,s,g,0,0,0.0050597710873277555
f,y,e,t,n,f,c,b,w,t,b,s,s,w,w,p,w,o,p,k,v,d,0,0,0.003444713088971751
k,y,n,f,y,f,c,n,b,t,,k,k,w,p,p,w,o,e,w,v,p,1,1,0.9995643916958837
f,s,b,t,f,f,c,b,p,t,b,s,s,w,w,p,w,o,p,h,s,u,1,1,0.9935167363889595
f,y,g,t,n,f,c,b,w,e,b,s,s,w,w,p,w,t,p,w,y,p,0,0,0.0072783667680347075
x,f,g,f,f,f,c,b,h,e,b,k,k,b,n,p,w,o,l,h,y,d,1,1,0.9972954261621556
x,y,y,f,f,f,c,b,p,e,b,k,k,p,b,p,w,o,l,h,y,g,1,1,0.9992041930450442
x,y,n,t,l,f,c,b,w,e,r,s,y,w,w,p,w,o,p,n,s,p,0,0,0.006718737391967848
f,s,b,t,f,f,c,b,w,t,b,f,f,w,w,p,w,o,p,h,s,g,1,1,0.9948418048798264
x,y,g,f,f,f,c,b,h,e,b,k,k,n,p,p,w,o,l,h,v,p,1,1,0.99982681909499
x,s,n,f,f,f,c,n,b,t,,s,k,p,p,p,w,o,e,w,v,p,1,1,0.9998218195926893
x,s,n,f,f,f,c,n,b,t,,k,k,p,w,p,w,o,e,w,v,d,1,1,0.9999703813203175
x,y,g,t,n,f,c,b,u,t,b,s,s,p,w,p,w,o,p,n,y,d,0,0,0.0008163884024801981
x,y,n,f,s,f,c,n,b,t,,s,k,p,w,p,w,o,e,w,v,l,1,1,0.9983398554004281
x,y,n,t,n,f,c,b,p,t,b,s,s,p,g,p,w,o,p,n,y,d,0,0,0.0003055019103951639
x,y,g,f,f,f,c,b,h,e,b,k,k,p,p,p,w,o,l,h,v,p,1,1,0.999857371607117
f,f,y,f,f,f,c,b,p,e,b,k,k,p,n,p,w,o,l,h,y,p,1,1,0.9948810795457795
f,f,g,f,f,f,c,b,g,e,b,k,k,b,p,p,w,o,l,h,v,p,1,1,0.9997685858851725
f,y,n,t,n,f,c,b,w,t,b,s,s,g,w,p,w,o,p,k,v,d,0,0,0.001957132017549545
f,y,e,t,n,f,c,b,n,t,b,s,s,p,p,p,w,o,p,k,v,d,0,0,0.004613097442326528
f,y,e,t,n,f,c,b,w,t,b,s,s,w,g,p,w,o,p,k,y,d,0,0,0.0005335548943680418
k,f,n,f,n,f,c,n,w,e,,k,y,w,n,p,w,o,e,w,v,d,1,1,0.8666113393224439
x,s,n,f,y,f,c,n,b,t,,s,k,p,w,p,w,o,e,w,v,p,1,1,0.9976873338472338
x,s,w,f,n,f,w,b,n,t,e,f,f,w,w,p,w,o,e,n,s,g,0,0,6.517604114909398e-05
f,y,e,t,n,f,c,b,p,t,b,s,s,p,p,p,w,o,p,k,y,d,0,0,0.0011986730369166285
f,y,e,t,n,f,c,b,w,t,b,s,s,w,g,p,w,o,p,k,v,d,0,0,0.002418836034702
k,s,e,f,y,f,c,n,b,t,,k,k,w,p,p,w,o,e,w,v,d,1,1,0.9997230554339799
k,f,g,f,n,f,w,b,p,e,,s,k,w,w,p,w,t,p,w,n,g,0,0,0.00035857717023927055
x,y,g,t,n,f,c,b,n,t,b,s,s,p,p,p,w,o,p,k,v,d,0,0,0.004594894207642996
f,f,e,t,n,f,c,b,p,t,b,s,s,w,p,p,w,o,p,k,v,d,0,0,0.0019711986294009593
k,s,n,f,n,a,c,b,y,e,,s,s,o,o,p,o,o,p,n,v,l,0,0,0.0014450681974056928
x,s,g,f,n,f,w,b,k,t,e,f,s,w,w,p,w,o,e,n,a,g,0,0,8.357837374894411e-05
f,f,w,f,n,f,w,b,n,t,e,s,f,w,w,p,w,o,e,n,s,g,0,0,1.55729862230974e-05
f,y,n,f,s,f,c,n,b,t,,s,s,p,w,p,w,o,e,w,v,l,1,1,0.9973539402979275
x,y,e,f,y,f,c,n,b,t,,s,k,w,w,p,w,o,e,w,v,d,1,1,0.9965761215077836
x,y,e,f,f,f,c,n,b,t,,s,k,w,w,p,w,o,e,w,v,p,1,1,0.999707778388671
k,s,e,f,s,f,c,n,b,t,,s,k,w,w,p,w,o,e,w,v,p,1,1,0.9971470906515684
f,s,g,t,f,f,c,b,h,t,b,f,s,w,w,p,w,o,p,h,s,g,1,1,0.9959849115116056
f,y,n,t,n,f,c,b,p,t,b,s,s,w,g,p,w,o,p,k,v,d,0,0,0.00136014671349208
k,y,e,f,f,f,c,n,b,t,,s,s,p,p,p,w,o,e,w,v,p,1,1,0.9996635257690155
f,y,n,t,a,f,c,b,p,e,r,s,y,w,w,p,w,o,p,k,s,g,0,0,0.016618029939631608
k,y,e,f,f,f,c,n,b,t,,k,k,p,w,p,w,o,e,w,v,p,1,1,0.9999737685331002
k,s,n,f,n,a,c,b,o,e,,s,s,o,o,p,o,o,p,o,c,l,0,0,0.004384570577573332
f,s,n,t,p,f,c,n,k,e,e,s,s,w,w,p,w,o,p,k,v,u,1,1,0.988457194555389
k,y,e,f,s,f,c,n,b,t,,k,k,p,p,p,w,o,e,w,v,d,1,1,0.9997592720569703
x,y,w,t,p,f,c,n,w,e,e,s,s,w,w,p,w,o,p,k,v,u,1,1,0.994581041468585
f,f,e,t,n,f,c,b,n,t,b,s,s,p,p,p,w,o,p,k,v,d,0,0,0.0024638538786166614
f,f,n,t,n,f,c,b,w,t,b,s,s,g,p,p,w,o,p,k,y,d,0,0,0.00029908095897927535
x,f,e,t,n,f,c,b,n,t,b,s,s,w,g,p,w,o,p,k,y,d,0,0,0.00017529408372638725
x,y,g,t,n,f,c,b,p,t,b,s,s,g,g,p,w,o,p,n,y,d,0,0,0.0002877517702167349
f,y,g,f,f,f,c,b,h,e,b,k,k,n,p,p,w,o,l,h,v,g,1,1,0.9999240480173008
x,y,n,t,n,f,c,b,n,t,b,s,s,w,p,p,w,o,p,n,y,d,0,0,0.00032731954301591523
f,s,w,t,p,f,c,n,p,e,e,s,s,w,w,p,w,o,p,n,s,g,1,1,0.9933122765066599
x,s,n,f,s,f,c,n,b,t,,k,k,w,p,p,w,o,e,w,v,p,1,1,0.9997103835287613
f,s,w,t,f,f,c,b,p,t,b,f,s,w,w,p,w,o,p,h,s,u,1,1,0.9947203183166582
k,y,e,f,y,f,c,n,b,t,,k,k,w,p,p,w,o,e,w,v,d,1,1,0.9996513345679032
f,y,y,f,f,f,c,b,h,e,b,k,k,n,n,p,w,o,l,h,v,d,1,1,0.9994389607105639
k,s,e,f,s,f,c,n,b,t,,s,s,p,w,p,w,o,e,w,v,d,1,1,0.9958688695880533
f,y,e,f,f,f,c,n,b,t,,k,k,w,w,p,w,o,e,w,v,l,1,1,0.9999843142344879
f,y,y,f,f,f,c,b,p,e,b,k,k,n,p,p,w,o,l,h,y,d,1,1,0.9980682017116245
f,y,y,f,f,f,c,b,g,e,b,k,k,n,n,p,w,o,l,h,v,g,1,1,0.9997504057780716
f,y,n,t,n,f,c,b,w,t,b,s,s,p,p,p,w,o,p,n,v,d,0,0,0.003537063598778723
f,s,n,t,p,f,c,n,p,e,e,s,s,w,w,p,w,o,p,n,s,u,1,1,0.9818025080358695
x,f,n,f,n,f,w,b,p,t,e,s,f,w,w,p,w,o,e,k,a,g,0,0,6.338358005280564e-06
f,y,e,f,y,f,c,n,b,t,,s,k,p,w,p,w,o,e,w,v,d,1,1,0.9979510827307221
f,f,y,f,f,f,c,b,g,e,b,k,k,p,n,p,w,o,l,h,y,d,1,1,0.9958905518794303
f,f,g,t,n,f,c,b,w,t,b,s,s,g,p,p,w,o,p,k,y,d,0,0,0.0004974219672617182
x,f,y,f,f,f,c,b,g,e,b,k,k,b,p,p,w,o,l,h,v,p,1,1,0.9995912731052784
f,y,y,f,f,f,c,b,g,e,b,k,k,n,p,p,w,o,l,h,y,p,1,1,0.9988767295745522
f,y,g,f,f,f,c,b,g,e,b,k,k,n,b,p,w,o,l,h,y,p,1,1,0.9992515537607034
f,y,e,f,y,f,c,n,b,t,,s,k,w,p,p,w,o,e,w,v,d,1,1,0.9976827898884968
f,s,b,t,f,f,c,b,h,t,b,s,s,w,w,p,w,o,p,h,v,u,1,1,0.996907618198951
f,y,e,t,n,f,c,b,p,t,b,s,s,g,g,p,w,o,p,k,y,d,0,0,0.00036646585959981235
f,y,g,f,f,f,c,b,h,e,b,k,k,n,b,p,w,o,l,h,y,p,1,1,0.9992853476587118
f,s,e,f,s,f,c,n,b,t,,s,s,p,p,p,w,o,e,w,v,p,1,1,0.9980363945070369
f,s,g,t,f,f,c,b,p,t,b,f,s,w,w,p,w,o,p,h,v,g,1,1,0.9955091070565065
f,f,n,f,n,f,c,n,g,e,e,s,s,w,w,p,w,o,p,k,v,u,0,0,0.0581366930654799
x,s,n,f,s,f,c,n,b,t,,k,s,w,p,p,w,o,e,w,v,d,1,1,0.999382572397992
f,y,g,f,f,f,c,b,g,e,b,k,k,b,b,p,w,o,l,h,y,g,1,1,0.99971097969803
x,y,n,f,y,f,c,n,b,t,,k,s,w,p,p,w,o,e,w,v,l,1,1,0.9996342606818052
x,f,y,f,f,f,c,b,g,e,b,k,k,n,b,p,w,o,l,h,v,d,1,1,0.9993582123279491
k,y,p,t,n,f,c,b,w,e,,s,s,e,w,p,w,t,e,w,c,w,0,0,0.015230520123821758
f,f,g,t,n,f,c,b,w,t,b,s,s,p,g,p,w,o,p,k,y,d,0,0,0.0004739780600119679
x,s,e,f,f,f,c,n,b,t,,k,k,w,p,p,w,o,e,w,v,d,1,1,0.9999771753317365
f,y,e,f,f,f,c,n,b,t,,k,k,w,p,p,w,o,e,w,v,d,1,1,0.9999747404777555
x,s,n,f,n,a,c,b,o,e,,s,s,o,o,p,n,o,p,n,v,l,0,0,0.0011008441939591915
f,s,n,f,y,f,c,n,b,t,,k,k,w,p,p,w,o,e,w,v,d,1,1,0.9997054530022076
x,f,p,f,c,f,w,n,p,e,b,s,s,w,w,p,w,o,p,n,v,d,1,1,0.9649411095391114
x,s,n,f,n,f,w,b,n,t,e,s,s,w,w,p,w,o,e,n,s,g,0,0,3.2397848388898706e-05
f,y,e,f,s,f,c,n,b,t,,k,k,w,p,p,w,o,e,w,v,l,1,1,0.9998774651845967
f,f,g,t,n,f,c,b,n,t,b,s,s,w,p,p,w,o,p,n,v,d,0,0,0.001497765795771091
x,y,w,t,p,f,c,n,n,e,e,s,s,w,w,p,w,o,p,n,s,g,1,1,0.9887840806397878
f,s,n,t,p,f,c,n,k,e,e,s,s,w,w,p,w,o,p,k,v,g,1,1,0.9902958752019707
x,y,e,t,n,f,c,b,u,t,b,s,s,p,p,p,w,o,p,n,y,d,0,0,0.0009365987806344644
x,y,n,f,s,f,c,n,b,t,,k,k,p,w,p,w,o,e,w,v,p,1,1,0.9996776716661586
x,y,n,t,n,f,c,b,p,t,b,s,s,w,p,p,w,o,p,k,v,d,0,0,0.0022140716245120863
f,y,g,t,n,f,c,b,n,t,b,s,s,p,w,p,w,o,p,n,v,d,0,0,0.0031738504167564243
f,y,y,f,f,f,c,b,p,e,b,k,k,p,n,p,w,o,l,h,y,p,1,1,0.997265338765925
x,s,g,f,n,f,w,b,w,e,,k,s,w,w,p,w,t,p,w,n,g,0,0,0.006273503216536128
f,f,e,t,n,f,c,b,u,t,b,s,s,p,g,p,w,o,p,k,v,d,0,0,0.0017638999230028757
f,y,n,t,n,f,c,b,e,e,,s,s,e,w,p,w,t,e,w,c,w,0,0,0.003699545388813209
f,y,n,f,s,f,c,n,b,t,,k,k,p,w,p,w,o,e,w,v,p,1,1,0.9997166717104873
x,f,w,f,n,f,w,b,n,t,e,s,f,w,w,p,w,o,e,n,s,g,0,0,1.3688228040891007e-05
f,s,n,f,s,f,c,n,b,t,,k,k,w,w,p,w,o,e,w,v,p,1,1,0.9996690295255362
x,s,w,f,c,f,c,n,u,e,b,s,s,w,w,p,w,o,p,k,v,d,1,1,0.998468574079138
f,f,g,f,f,f,c,b,p,e,b,k,k,b,p,p,w,o,l,h,y,g,1,1,0.9992321813442487
b,y,p,t,n,f,c,b,g,e,b,s,s,w,w,p,w,t,p,r,v,g,1,1,0.9194252457585391
f,f,n,t,n,f,c,b,u,t,b,s,s,w,g,p,w,o,p,n,y,d,0,0,0.0001420096586847795
x,s,w,t,p,f,c,n,k,e,e,s,s,w,w,p,w,o,p,n,s,g,1,1,0.9916757321673371
x,f,e,t,n,f,c,b,u,t,b,s,s,g,w,p,w,o,p,n,y,d,0,0,0.00021752851945407078
x,f,w,f,n,f,w,b,h,t,e,f,f,w,w,p,w,o,e,k,a,g,0,0,4.528004475748517e-05
x,f,e,t,n,f,c,b,u,t,b,s,s,g,g,p,w,o,p,n,y,d,0,0,0.00015259873717412626
x,f,y,f,f,f,c,b,p,e,b,k,k,b,b,p,w,o,l,h,v,d,1,1,0.999272668891848
x,y,y,f,f,f,c,b,g,e,b,k,k,n,p,p,w,o,l,h,y,g,1,1,0.9993621138661644
x,y,n,t,n,f,c,b,p,t,b,s,s,w,w,p,w,o,p,n,y,d,0,0,0.00029610399696332616
x,f,y,f,f,f,c,b,p,e,b,k,k,b,p,p,w,o,l,h,y,d,1,1,0.996813593786132
x,s,p,f,c,f,c,n,p,e,b,s,s,w,w,p,w,o,p,n,v,d,1,1,0.9985950654880281
f,y,g,f,f,f,c,b,p,e,b,k,k,n,n,p,w,o,l,h,v,g,1,1,0.9997645070221693
f,f,g,f,n,f,w,b,h,t,e,s,s,w,w,p,w,o,e,k,a,g,0,0,4.2596098578662855e-05
f,y,e,t,n,f,c,b,u,t,b,s,s,g,p,p,w,o,p,k,v,d,0,0,0.0034675554969555654
x,s,b,t,f,f,c,b,h,t,b,s,f,w,w,p,w,o,p,h,s,g,1,1,0.9906898827849703
x,y,g,f,f,f,c,b,h,e,b,k,k,p,b,p,w,o,l,h,y,g,1,1,0.9996658044194465
x,y,y,t,a,f,c,b,w,e,c,s,s,w,w,p,w,o,p,n,n,m,0,0,0.0014800595885807568
k,f,g,f,n,f,w,b,p,e,,k,s,w,w,p,w,t,p,w,s,g,0,0,0.006427042011891664
x,s,w,f,c,f,c,n,n,e,b,s,s,w,w,p,w,o,p,n,s,d,1,1,0.9964748510547958
b,s,w,t,a,f,c,b,w,e,c,s,s,w,w,p,w,o,p,k,n,m,0,0,0.006317190608299204
x,s,w,t,l,f,c,b,w,e,c,s,s,w,w,p,w,o,p,n,n,m,0,0,0.003827683159291673
x,y,y,f,f,f,c,b,g,e,b,k,k,n,p,p,w,o,l,h,v,g,1,1,0.9998594884731
f,f,g,f,n,f,w,b,n,t,e,s,f,w,w,p,w,o,e,k,a,g,0,0,1.0198932676176768e-05
x,s,n,f,y,f,c,n,b,t,,k,k,p,p,p,w,o,e,w,v,l,1,1,0.9998911670182251
f,s,b,t,f,f,c,b,w,t,b,f,s,w,w,p,w,o,p,h,v,g,1,1,0.9983687561995855
f,y,w,t,p,f,c,n,n,e,e,s,s,w,w,p,w,o,p,k,s,u,1,1,0.9907210938514167
f,f,c,f,n,f,w,n,w,e,b,s,s,w,n,p,w,o,e,w,v,l,0,0,0.03394030658076483
x,f,g,f,n,f,w,b,p,t,e,f,f,w,w,p,w,o,e,k,s,g,0,0,2.9643144362120694e-05
x,s,y,t,a,f,c,b,g,e,c,s,s,w,w,p,w,o,p,n,n,m,0,0,0.0022493886357616046
x,f,w,f,n,f,w,b,h,t,e,f,s,w,w,p,w,o,e,n,a,g,0,0,8.260650052718006e-05
x,y,n,f,y,f,c,n,b,t,,s,k,p,w,p,w,o,e,w,v,d,1,1,0.9965827562310056
x,y,y,t,a,f,c,b,k,e,c,s,s,w,w,p,w,o,p,k,s,g,0,0,0.004022870404641043
x,f,g,f,f,f,c,b,p,e,b,k,k,p,p,p,w,o,l,h,y,d,1,1,0.9978133033932914
b,s,y,t,l,f,c,b,k,e,c,s,s,w,w,p,w,o,p,n,n,g,0,0,0.0013366424132120027
x,f,g,f,f,f,c,b,g,e,b,k,k,b,n,p,w,o,l,h,v,p,1,1,0.9994680385042585
x,s,y,t,a,f,c,b,g,e,c,s,s,w,w,p,w,o,p,n,s,g,0,0,0.006394605405495245
x,y,g,f,f,f,c,b,h,e,b,k,k,b,n,p,w,o,l,h,v,p,1,1,0.9997292310868542
f,f,e,t,n,f,c,b,w,t,b,s,s,p,w,p,w,o,p,k,y,d,0,0,0.0005962084986548704
f,f,e,t,n,f,c,b,n,t,b,s,s,p,w,p,w,o,p,n,v,d,0,0,0.0014952105492165183
x,y,g,f,f,f,c,b,p,e,b,k,k,p,p,p,w,o,l,h,v,g,1,1,0.9998908168594769
b,y,p,t,n,f,c,b,g,e,b,s,s,w,w,p,w,t,p,r,v,m,1,1,0.9343643237236902
f,s,g,f,n,f,w,b,h,t,e,s,s,w,w,p,w,o,e,k,a,g,0,0,0.00010062507600265186
k,s,n,f,n,a,c,b,o,e,,s,s,o,o,p,n,o,p,o,c,l,0,0,0.004379627808647321
f,y,y,f,f,f,c,b,h,e,b,k,k,b,p,p,w,o,l,h,v,g,1,1,0.9999087625504111
f,y,g,t,n,f,c,b,n,t,b,s,s,g,p,p,w,o,p,k,v,d,0,0,0.0029647334446507166
k,s,e,f,y,f,c,n,b,t,,s,k,p,p,p,w,o,e,w,v,d,1,1,0.9982719356107691
f,s,n,f,n,f,w,b,k,t,e,s,f,w,w,p,w,o,e,k,s,g,0,0,2.168365908900188e-05
f,y,y,f,f,f,c,b,p,e,b,k,k,b,b,p,w,o,l,h,v,d,1,1,0.9996591524205324
x,f,g,f,n,f,w,b,n,t,e,s,f,w,w,p,w,o,e,k,a,g,0,0,8.964576443046305e-06
x,y,e,f,y,f,c,n,b,t,,k,s,p,p,p,w,o,e,w,v,d,1,1,0.9996453333674369
f,y,e,f,s,f,c,n,b,t,,s,k,w,w,p,w,o,e,w,v,d,1,1,0.9969430336547075
x,y,y,f,f,f,c,b,p,e,b,k,k,b,n,p,w,o,l,h,v,p,1,1,0.9993551719929982
f,f,y,f,f,f,c,b,h,e,b,k,k,b,b,p,w,o,l,h,v,d,1,1,0.9995831988444692
k,y,e,f,f,f,c,n,b,t,,k,s,p,w,p,w,o,e,w,v,l,1,1,0.9999732825772304
f,f,g,f,f,f,c,b,g,e,b,k,k,p,p,p,w,o,l,h,y,g,1,1,0.9994419609756745
x,f,n,t,n,f,c,b,n,t,b,s,s,g,p,p,w,o,p,n,y,d,0,0,0.00014530407978234736
x,s,e,f,y,f,c,n,b,t,,k,k,p,w,p,w,o,e,w,v,d,1,1,0.9997981909348466
f,s,w,t,f,f,c,b,h,t,b,f,s,w,w,p,w,o,p,h,s,u,1,1,0.9965525794437561
x,s,n,f,n,f,w,b,n,t,e,f,s,w,w,p,w,o,e,n,s,g,0,0,6.529852713325303e-05
k,y,n,f,s,f,c,n,b,t,,s,k,p,w,p,w,o,e,w,v,p,1,1,0.9964176165528889
b,s,w,t,a,f,c,b,w,e,c,s,s,w,w,p,w,o,p,k,s,m,0,0,0.0221395729438269
x,f,e,t,n,f,c,b,p,t,b,s,s,g,g,p,w,o,p,k,y,d,0,0,0.0001717031420722289
f,y,n,t,n,f,c,b,w,t,b,s,s,w,p,p,w,o,p,k,y,d,0,0,0.0006735955827198444
f,y,n,f,f,f,c,n,b,t,,s,s,w,w,p,w,o,e,w,v,l,1,1,0.9996159912665779
f,f,n,f,n,f,w,b,h,t,e,s,s,w,w,p,w,o,e,k,a,g,0,0,2.5606771911134125e-05
k,s,e,f,s,f,c,n,b,t,,s,s,p,p,p,w,o,e,w,v,d,1,1,0.9968196574796596
x,s,g,t,f,f,c,b,p,t,b,s,f,w,w,p,w,o,p,h,v,g,1,1,0.9766176963980774
f,y,g,t,n,f,c,b,n,t,b,s,s,w,g,p,w,o,p,k,v,d,0,0,0.0019226278208364766
x,s,e,f,s,f,c,n,b,t,,s,s,w,w,p,w,o,e,w,v,l,1,1,0.9976037508939434
f,y,g,f,f,f,c,b,p,e,b,k,k,b,n,p,w,o,l,h,y,d,1,1,0.9980546303136602
f,s,w,f,n,f,w,b,p,t,e,f,f,w,w,p,w,o,e,n,s,g,0,0,8.721116986604226e-05
x,f,g,f,n,f,w,b,w,e,,s,s,w,w,p,w,t,p,w,s,g,0,0,0.0010343874112665385
x,f,g,f,n,f,w,b,g,e,,k,k,w,w,p,w,t,p,w,s,g,0,0,0.02044134217894425
x,f,y,f,f,f,c,b,h,e,b,k,k,n,b,p,w,o,l,h,y,d,1,1,0.9972226593808045
x,s,b,t,f,f,c,b,h,t,b,s,f,w,w,p,w,o,p,h,v,g,1,1,0.9931925684338486
f,f,y,f,f,f,c,b,p,e,b,k,k,n,n,p,w,o,l,h,y,g,1,1,0.9968926850745635
f,y,n,f,f,f,c,n,b,t,,k,s,p,p,p,w,o,e,w,v,d,1,1,0.9999542407114761
x,y,e,t,n,f,c,b,w,t,b,s,s,p,p,p,w,o,p,k,y,d,0,0,0.0012776159161930545
x,f,y,f,f,f,c,b,g,e,b,k,k,b,b,p,w,o,l,h,v,g,1,1,0.9997890644534623
x,f,w,t,l,f,w,n,n,t,b,s,s,w,w,p,w,o,p,u,v,d,0,0,0.030299987188637877
x,f,g,f,n,f,w,b,g,e,,k,s,w,w,p,w,t,p,w,s,g,0,0,0.011365962270055568
k,f,g,f,n,f,w,b,g,e,,s,k,w,w,p,w,t,p,w,s,g,0,0,0.0018679909284460706
x,f,w,f,c,f,w,n,u,e,b,s,s,w,w,p,w,o,p,k,v,d,1,1,0.9619002332935622
f,y,n,t,p,f,c,n,k,e,e,s,s,w,w,p,w,o,p,k,v,g,1,1,0.9878125417662569
b,s,y,t,a,f,c,b,g,e,c,s,s,w,w,p,w,o,p,k,s,g,0,0,0.010064860511073056
f,y,r,f,n,f,c,n,p,e,,s,f,w,w,p,w,o,f,h,y,d,0,0,0.013000042493383258
x,f,g,f,c,f,w,n,g,e,b,s,s,w,w,p,w,o,p,n,v,d,1,1,0.949035623644671
f,s,b,t,f,f,c,b,p,t,b,s,s,w,w,p,w,o,p,h,v,u,1,1,0.9952631588244896
b,f,g,f,n,f,w,b,g,e,,s,s,w,w,p,w,t,p,w,n,g,0,0,0.00043719581340567087
x,s,w,f,c,f,w,n,n,e,b,s,s,w,w,p,w,o,p,k,v,d,1,1,0.9782510504625022
x,y,g,f,f,f,c,b,g,e,b,k,k,b,b,p,w,o,l,h,v,d,1,1,0.9998294967901548
k,y,n,f,s,f,c,n,b,t,,s,k,w,w,p,w,o,e,w,v,d,1,1,0.9938254557824029
x,s,n,f,n,a,c,b,o,e,,s,s,o,o,p,o,o,p,y,v,l,0,0,0.003919839654099239
x,y,w,t,l,f,c,b,k,e,c,s,s,w,w,p,w,o,p,k,s,g,0,0,0.00824749073933338
f,y,e,f,f,f,c,n,b,t,,s,k,p,p,p,w,o,e,w,v,d,1,1,0.9998421787516338
f,s,y,t,a,f,w,n,n,t,b,s,s,w,w,p,w,o,p,u,v,d,0,0,0.03919195341999237
b,y,w,t,a,f,c,b,k,e,c,s,s,w,w,p,w,o,p,k,n,g,0,0,0.0030362098259445625
b,s,n,f,n,a,c,b,o,e,,s,s,o,o,p,o,o,p,y,c,l,0,0,0.006646122773515757
k,s,g,f,n,f,w,b,g,e,,k,s,w,w,p,w,t,p,w,n,g,0,0,0.006246942598778003
x,s,e,f,f,f,c,n,b,t,,s,k,w,p,p,w,o,e,w,v,d,1,1,0.9997902565454482
x,s,e,f,f,f,c,n,b,t,,k,s,p,p,p,w,o,e,w,v,d,1,1,0.9999718328276086
f,y,g,t,n,f,c,b,w,t,b,s,s,g,p,p,w,o,p,k,v,d,0,0,0.004223423652989173
x,y,w,t,l,f,c,b,n,e,c,s,s,w,w,p,w,o,p,n,s,g,0,0,0.006070710269377013
f,y,n,f,f,f,c,n,b,t,,k,k,w,w,p,w,o,e,w,v,d,1,1,0.9999517889547954
k,s,e,f,s,f,c,n,b,t,,k,s,w,w,p,w,o,e,w,v,l,1,1,0.9996830446124874
f,f,y,f,f,f,c,b,h,e,b,k,k,n,p,p,w,o,l,h,v,p,1,1,0.9995566298445008
f,y,n,t,n,f,c,b,w,e,b,s,s,w,w,p,w,t,p,w,v,p,0,0,0.019625617740013278
f,y,y,f,f,f,c,b,h,e,b,k,k,p,p,p,w,o,l,h,v,g,1,1,0.9999028780152128
b,s,y,t,a,f,c,b,k,e,c,s,s,w,w,p,w,o,p,n,n,g,0,0,0.0013997847551453027
f,f,g,t,n,f,c,b,n,t,b,s,s,g,p,p,w,o,p,k,y,d,0,0,0.0003487883171586611
x,f,g,f,c,f,w,n,u,e,b,s,s,w,w,p,w,o,p,k,v,d,1,1,0.9478627453654869
b,y,w,t,l,f,c,b,n,e,c,s,s,w,w,p,w,o,p,k,s,g,0,0,0.009556850231846006
f,s,n,f,y,f,c,n,b,t,,s,k,w,p,p,w,o,e,w,v,p,1,1,0.9977004073385264
f,f,n,f,n,f,w,b,n,t,e,s,s,w,w,p,w,o,e,k,s,g,0,0,1.9792934515711478e-05
x,y,y,f,f,f,c,b,p,e,b,k,k,p,n,p,w,o,l,h,y,g,1,1,0.9984459491672971
b,y,w,t,a,f,c,b,k,e,c,s,s,w,w,p,w,o,p,k,s,m,0,0,0.013350280949761345
f,y,g,f,f,f,c,b,h,e,b,k,k,p,n,p,w,o,l,h,v,d,1,1,0.9997023502575973
k,s,n,f,f,f,c,n,b,t,,s,k,p,w,p,w,o,e,w,v,d,1,1,0.9996698378163983
f,s,e,f,y,f,c,n,b,t,,k,k,w,p,p,w,o,e,w,v,l,1,1,0.9999041513597073
x,s,e,f,y,f,c,n,b,t,,s,k,p,p,p,w,o,e,w,v,d,1,1,0.9985751643662237
x,y,n,f,y,f,c,n,b,t,,s,k,p,p,p,w,o,e,w,v,l,1,1,0.998742020829472
x,s,n,f,s,f,c,n,b,t,,k,s,w,w,p,w,o,e,w,v,l,1,1,0.9996165011077058
f,f,n,f,n,f,w,b,n,t,e,f,f,w,w,p,w,o,e,n,s,g,0,0,1.3587560167478625e-05
f,f,w,f,n,f,w,b,n,t,e,f,s,w,w,p,w,o,e,n,s,g,0,0,7.264351790686376e-05
x,y,y,t,l,f,c,b,k,e,c,s,s,w,w,p,w,o,p,n,n,m,0,0,0.001063821984708446
f,f,n,t,n,f,c,b,w,t,b,s,s,g,g,p,w,o,p,k,y,d,0,0,0.00016137849728396997
b,s,g,f,n,f,w,b,w,e,,k,s,w,w,p,w,t,p,w,n,g,0,0,0.007800435269548265
b,f,g,f,n,f,w,b,w,e,,k,k,w,w,p,w,t,p,w,s,g,0,0,0.021059068849892483
x,s,w,t,a,f,c,b,w,e,c,s,s,w,w,p,w,o,p,k,s,m,0,0,0.017856274946495287
x,s,b,t,f,f,c,b,p,t,b,s,f,w,w,p,w,o,p,h,s,u,1,1,0.9831075264021824
f,f,e,t,n,f,c,b,w,t,b,s,s,p,w,p,w,o,p,n,v,d,0,0,0.002131342236597831
x,f,e,t,n,f,c,b,p,t,b,s,s,w,g,p,w,o,p,k,v,d,0,0,0.0009357338472586055
f,y,w,t,p,f,c,n,n,e,e,s,s,w,w,p,w,o,p,k,s,g,1,1,0.9922019976197348
x,s,e,f,f,f,c,n,b,t,,k,k,p,w,p,w,o,e,w,v,p,1,1,0.9999828267592304
x,s,n,f,f,f,c,n,b,t,,s,s,w,p,p,w,o,e,w,v,l,1,1,0.9997330924783583
x,f,e,t,n,f,c,b,p,t,b,s,s,p,g,p,w,o,p,k,v,d,0,0,0.0013757142895073392
f,f,w,f,n,f,w,b,h,t,e,s,f,w,w,p,w,o,e,n,a,g,0,0,2.0147310656705606e-05
f,s,n,t,p,f,c,n,n,e,e,s,s,w,w,p,w,o,p,k,s,u,1,1,0.983106045318708
f,f,y,f,f,f,c,b,p,e,b,k,k,n,n,p,w,o,l,h,v,p,1,1,0.9986263685490575
k,y,e,f,s,f,c,n,b,t,,s,s,p,w,p,w,o,e,w,v,p,1,1,0.9955742112195248
x,f,w,f,n,f,w,b,k,t,e,f,s,w,w,p,w,o,e,n,a,g,0,0,4.913123655147556e-05
x,y,g,t,n,f,c,b,n,t,b,s,s,w,p,p,w,o,p,k,y,d,0,0,0.0006904959876036935
x,f,g,f,n,f,w,b,k,t,e,f,s,w,w,p,w,o,e,n,a,g,0,0,3.5379626903497404e-05
f,y,e,f,s,f,c,n,b,t,,s,s,p,w,p,w,o,e,w,v,d,1,1,0.9962301757411932
x,y,n,t,n,f,c,b,n,t,b,s,s,w,p,p,w,o,p,k,v,d,0,0,0.0018830744567373504
f,y,n,t,a,f,c,b,w,e,r,s,y,w,w,p,w,o,p,k,y,g,0,0,0.006148349511239211
x,s,n,f,f,f,c,n,b,t,,k,s,w,p,p,w,o,e,w,v,l,1,1,0.999970953152825
x,f,g,t,n,f,c,b,p,t,b,s,s,p,p,p,w,o,p,k,y,d,0,0,0.0006366571010190024
f,y,n,t,p,f,c,n,p,e,e,s,s,w,w,p,w,o,p,k,v,g,1,1,0.9888668501411803
x,y,g,t,n,f,c,b,p,t,b,s,s,p,p,p,w,o,p,k,y,d,0,0,0.00119392692487314
x,f,g,f,c,f,w,n,n,e,b,s,s,w,w,p,w,o,p,n,s,d,1,1,0.8874153510933851
f,y,g,t,n,f,c,b,p,t,b,s,s,w,p,p,w,o,p,k,v,d,0,0,0.004181981684869695
f,f,g,f,n,f,c,n,g,e,e,s,s,w,w,p,w,o,p,k,y,u,0,0,0.022106952311701743
f,y,y,t,a,f,c,b,p,e,r,s,y,w,w,p,w,o,p,k,y,p,0,0,0.0027192232246784024
f,f,g,f,f,f,c,b,p,e,b,k,k,b,p,p,w,o,l,h,y,p,1,1,0.9984621941547709
k,s,e,f,y,f,c,n,b,t,,s,k,w,p,p,w,o,e,w,v,p,1,1,0.9978375741770277
x,f,n,t,n,f,c,b,n,t,b,s,s,g,w,p,w,o,p,n,v,d,0,0,0.0005074092149254188
x,y,e,t,n,f,c,b,w,t,b,s,s,w,w,p,w,o,p,k,v,d,0,0,0.003029065529206022
f,y,n,t,n,f,c,b,p,t,b,s,s,w,p,p,w,o,p,k,v,d,0,0,0.0025181684097583716
x,y,n,t,n,f,c,b,p,t,b,s,s,p,p,p,w,o,p,n,v,d,0,0,0.0025661435570441364
f,s,n,f,n,f,w,b,k,t,e,s,s,w,w,p,w,o,e,k,s,g,0,0,5.0184365920262975e-05
x,f,w,f,c,f,w,n,n,e,b,s,s,w,w,p,w,o,p,n,s,d,1,1,0.9162904544075372
x,s,w,f,n,f,w,b,n,t,e,s,f,w,w,p,w,o,e,n,s,g,0,0,3.2337075001786444e-05
x,s,n,f,n,f,w,b,p,t,e,f,s,w,w,p,w,o,e,n,a,g,0,0,5.506077261904587e-05
f,y,e,t,n,f,c,b,w,t,b,s,s,w,p,p,w,o,p,k,v,d,0,0,0.004474181850318821
b,y,y,t,l,f,c,b,w,e,c,s,s,w,w,p,w,o,p,n,s,m,0,0,0.006237696068031148
f,s,e,f,f,f,c,n,b,t,,k,s,w,w,p,w,o,e,w,v,d,1,1,0.999952653694743
x,y,g,t,n,f,c,b,p,t,b,s,s,w,g,p,w,o,p,n,y,d,0,0,0.0003455029103446618
x,y,y,f,f,f,c,b,h,e,b,k,k,n,b,p,w,o,l,h,v,p,1,1,0.9997219277689674
f,s,n,f,y,f,c,n,b,t,,s,s,w,p,p,w,o,e,w,v,p,1,1,0.995833744381048
x,f,e,t,n,f,c,b,n,t,b,s,s,w,w,p,w,o,p,k,v,d,0,0,0.0011339435045171686
k,s,e,f,f,f,c,n,b,t,,s,k,p,w,p,w,o,e,w,v,p,1,1,0.9998085441054486
k,y,n,f,f,f,c,n,b,t,,s,k,p,w,p,w,o,e,w,v,p,1,1,0.9996461922413264
f,y,n,t,n,f,c,b,w,t,b,s,s,p,w,p,w,o,p,k,y,d,0,0,0.0007619361904084274
x,s,p,t,n,f,c,b,w,e,,s,s,w,e,p,w,t,e,w,c,w,0,0,0.019544099024230543
f,f,g,f,f,f,c,b,p,e,b,k,k,n,p,p,w,o,l,h,y,d,1,1,0.9976665073633576
f,s,n,f,f,f,c,n,b,t,,s,s,p,p,p,w,o,e,w,v,p,1,1,0.9997157524725868
f,s,n,f,s,f,c,n,b,t,,s,s,w,p,p,w,o,e,w,v,l,1,1,0.9976219177219029
f,s,w,f,n,f,w,b,p,t,e,f,s,w,w,p,w,o,e,n,s,g,0,0,0.00020182296328080993
k,y,e,f,y,f,c,n,b,t,,s,s,p,w,p,w,o,e,w,v,d,1,1,0.994882617741675
f,s,n,f,n,a,c,b,o,e,,s,s,o,o,p,o,o,p,b,c,l,0,0,0.00597872787434261
f,y,g,t,n,f,c,b,p,t,b,s,s,g,g,p,w,o,p,k,v,d,0,0,0.001883309749493069
x,s,n,t,p,f,c,n,w,e,e,s,s,w,w,p,w,o,p,k,v,g,1,1,0.991681000013821
f,s,n,f,y,f,c,n,b,t,,k,s,w,w,p,w,o,e,w,v,d,1,1,0.9993051382340336
x,f,n,t,n,f,c,b,u,t,b,s,s,w,w,p,w,o,p,k,y,d,0,0,0.000225722142085956
x,y,e,f,s,f,c,n,b,t,,k,s,w,w,p,w,o,e,w,v,p,1,1,0.999413946207115
x,y,e,t,n,f,c,b,n,t,b,s,s,p,w,p,w,o,p,n,v,d,0,0,0.0024635981349277834
x,s,n,f,n,f,w,b,p,t,e,s,f,w,w,p,w,o,e,k,s,g,0,0,2.088650616421493e-05
f,y,e,t,n,f,c,b,n,t,b,s,s,p,g,p,w,o,p,k,y,d,0,0,0.0005501884669996695
x,s,y,t,a,f,c,b,n,e,c,s,s,w,w,p,w,o,p,k,s,m,0,0,0.005876560190805454
f,s,e,f,s,f,c,n,b,t,,s,s,w,w,p,w,o,e,w,v,d,1,1,0.9955988536504068
b,s,y,t,l,f,c,b,n,e,c,s,s,w,w,p,w,o,p,k,s,g,0,0,0.00560256739372274
x,y,g,f,f,f,c,b,p,e,b,k,k,p,n,p,w,o,l,h,v,g,1,1,0.9997793506723123
x,y,n,t,n,f,c,b,n,t,b,s,s,p,w,p,w,o,p,n,v,d,0,0,0.001679535357775618
f,f,e,t,n,f,c,b,w,t,b,s,s,g,g,p,w,o,p,k,y,d,0,0,0.00023688349700962176
b,s,w,f,n,f,w,b,g,e,,k,k,w,w,p,w,t,p,w,n,g,0,0,0.023379604311829578
x,y,n,t,p,f,c,n,p,e,e,s,s,w,w,p,w,o,p,k,s,u,1,1,0.979500647000969
f,f,w,f,n,f,w,b,h,t,e,f,s,w,w,p,w,o,e,n,a,g,0,0,9.397985503986454e-05
f,y,e,f,f,f,c,n,b,t,,s,k,w,p,p,w,o,e,w,v,d,1,1,0.9997678864922452
f,y,y,t,a,f,c,b,n,e,r,s,y,w,w,p,w,o,p,n,y,p,0,0,0.001824070530156679
x,s,n,f,s,f,c,n,b,t,,k,s,w,p,p,w,o,e,w,v,p,1,1,0.9994744318329059
x,s,n,f,s,f,c,n,b,t,,k,k,p,w,p,w,o,e,w,v,d,1,1,0.9996992140506819
k,s,n,f,f,f,c,n,b,t,,s,s,p,p,p,w,o,e,w,v,p,1,1,0.9996077144628123
f,f,g,f,n,f,w,b,n,t,e,s,f,w,w,p,w,o,e,n,s,g,0,0,1.1214072872867366e-05
x,f,p,f,c,f,w,n,g,e,b,s,s,w,w,p,w,o,p,k,v,d,1,1,0.9808251459979773
f,y,n,f,s,f,c,n,b,t,,s,s,w,p,p,w,o,e,w,v,d,1,1,0.9937551715023254
f,s,w,f,n,f,w,b,n,t,e,f,f,w,w,p,w,o,e,k,s,g,0,0,9.406446214013387e-05
x,y,e,f,y,f,c,n,b,t,,s,s,w,p,p,w,o,e,w,v,p,1,1,0.9959342516564751
f,f,w,t,a,f,w,n,p,t,b,s,s,w,w,p,w,o,p,u,v,d,0,0,0.041952631992799784
x,f,y,f,f,f,c,b,h,e,b,k,k,n,p,p,w,o,l,h,v,p,1,1,0.9994956112055126
x,y,e,t,n,f,c,b,w,t,b,s,s,p,p,p,w,o,p,k,v,d,0,0,0.005776791940586729
x,y,n,t,n,f,c,b,w,e,,s,s,e,w,p,w,t,e,w,c,w,0,0,0.005182142414522614
f,s,g,f,n,f,w,b,h,t,e,f,s,w,w,p,w,o,e,k,a,g,0,0,0.0002027978505613011
f,f,n,f,n,f,w,b,h,t,e,s,f,w,w,p,w,o,e,k,s,g,0,0,1.5432800880695882e-05
f,y,g,f,f,f,c,b,g,e,b,k,k,b,n,p,w,o,l,h,y,g,1,1,0.9994353286358858
x,y,n,t,n,f,c,b,w,t,b,s,s,p,p,p,w,o,p,k,v,d,0,0,0.003942442138166416
f,y,g,t,n,f,c,b,w,t,b,s,s,w,p,p,w,o,p,n,v,d,0,0,0.00399849787942888
x,f,g,f,f,f,c,b,p,e,b,k,k,b,b,p,w,o,l,h,v,g,1,1,0.9998009820456502
x,y,w,t,a,f,c,b,g,e,c,s,s,w,w,p,w,o,p,n,n,g,0,0,0.0030853168484689256
f,f,e,t,n,f,c,b,u,t,b,s,s,g,p,p,w,o,p,n,v,d,0,0,0.0014596829075037279
x,s,b,t,f,f,c,b,p,t,b,s,s,w,w,p,w,o,p,h,s,g,1,1,0.9938086600566924
x,f,y,f,f,f,c,b,h,e,b,k,k,b,b,p,w,o,l,h,v,g,1,1,0.9997985935220528
k,s,n,f,s,f,c,n,b,t,,s,k,p,p,p,w,o,e,w,v,p,1,1,0.9978086019647517
f,f,y,f,f,f,c,b,p,e,b,k,k,n,n,p,w,o,l,h,v,d,1,1,0.9983865228799799
f,y,n,t,n,f,c,b,w,t,b,s,s,g,w,p,w,o,p,n,v,d,0,0,0.001543389222003377
k,y,e,f,f,f,c,n,b,t,,k,k,w,p,p,w,o,e,w,v,d,1,1,0.999965136298191
x,y,e,f,m,f,c,b,y,e,c,k,y,c,c,p,w,n,n,w,c,d,1,1,0.9911688753452008
f,f,g,f,n,f,w,b,k,t,e,f,f,w,w,p,w,o,e,n,s,g,0,0,2.425878614219003e-05
x,f,g,t,n,f,c,b,p,t,b,s,s,w,p,p,w,o,p,k,v,d,0,0,0.0019633997369286854
f,s,n,f,n,a,c,b,o,e,,s,s,o,o,p,o,o,p,y,c,l,0,0,0.006075286923292811
x,s,g,f,n,f,w,b,g,e,,s,k,w,w,p,w,t,p,w,s,g,0,0,0.005335218047605006
f,s,b,t,f,f,c,b,p,t,b,f,f,w,w,p,w,o,p,h,v,u,1,1,0.9945646108956039
x,s,y,t,l,f,w,n,w,t,b,s,s,w,w,p,w,o,p,u,v,d,0,0,0.046556863749668276
f,y,g,t,n,f,c,b,u,t,b,s,s,w,g,p,w,o,p,k,y,d,0,0,0.0005620782945069064
x,f,g,t,n,f,c,b,w,t,b,s,s,g,p,p,w,o,p,n,v,d,0,0,0.001563718412323749
f,f,y,f,f,f,c,b,h,e,b,k,k,n,b,p,w,o,l,h,y,p,1,1,0.9979207310816987
x,f,y,f,f,f,c,b,g,e,b,k,k,p,p,p,w,o,l,h,y,g,1,1,0.9990146302137127
x,s,g,t,n,f,c,b,w,e,b,s,s,w,w,p,w,t,p,w,y,p,0,0,0.00804856720949146
b,y,w,t,a,f,c,b,k,e,c,s,s,w,w,p,w,o,p,k,s,g,0,0,0.010729601059715195
f,y,b,t,n,f,c,b,r,e,b,s,s,w,w,p,w,t,p,r,v,g,1,1,0.9587584057180668
k,s,e,f,f,f,c,n,b,t,,k,k,p,p,p,w,o,e,w,v,p,1,1,0.9999839760211605
x,y,e,t,n,f,c,b,w,t,b,s,s,g,g,p,w,o,p,n,v,d,0,0,0.001397146834464869
x,s,g,f,c,f,c,n,n,e,b,s,s,w,w,p,w,o,p,k,s,d,1,1,0.996142390085557
k,s,n,f,f,f,c,n,b,t,,k,k,p,w,p,w,o,e,w,v,l,1,1,0.9999828381090408
x,s,e,f,s,f,c,n,b,t,,s,k,w,p,p,w,o,e,w,v,p,1,1,0.9981894720526083
f,y,e,t,n,f,c,b,n,t,b,s,s,w,g,p,w,o,p,k,y,d,0,0,0.0003741284789362588
b,s,b,t,n,f,c,b,g,e,b,s,s,w,w,p,w,t,p,r,v,g,1,1,0.9379108376204932
f,f,e,t,n,f,c,b,n,t,b,s,s,p,w,p,w,o,p,n,y,d,0,0,0.0003295806772019235
x,f,n,t,n,f,c,b,u,t,b,s,s,g,w,p,w,o,p,k,y,d,0,0,0.00018798870620439693
x,f,g,t,n,f,c,b,n,t,b,s,s,w,w,p,w,o,p,k,v,d,0,0,0.0012847726015808073
x,f,g,f,f,f,c,b,h,e,b,k,k,p,b,p,w,o,l,h,y,p,1,1,0.9987442817499795
b,s,w,t,l,f,c,b,n,e,c,s,s,w,w,p,w,o,p,k,n,g,0,0,0.0033996741260579762
x,s,y,t,a,f,c,b,w,e,c,s,s,w,w,p,w,o,p,n,n,g,0,0,0.0014936939567362338
x,y,y,f,f,f,c,b,g,e,b,k,k,p,p,p,w,o,l,h,y,g,1,1,0.9994746064244784
f,f,w,f,n,f,w,b,h,t,e,f,f,w,w,p,w,o,e,k,a,g,0,0,5.151451624823812e-05
k,y,n,f,s,f,c,n,b,t,,k,s,w,w,p,w,o,e,w,v,d,1,1,0.9987745222697465
f,f,g,f,f,f,c,b,g,e,b,k,k,n,p,p,w,o,l,h,y,g,1,1,0.9993224834049345
f,y,n,f,f,f,c,n,b,t,,s,k,w,w,p,w,o,e,w,v,l,1,1,0.9997884038836766
f,y,n,f,y,f,c,n,b,t,,k,s,w,p,p,w,o,e,w,v,l,1,1,0.9996785115392682
f,s,n,t,p,f,c,n,n,e,e,s,s,w,w,p,w,o,p,k,v,u,1,1,0.9876218976139828
x,s,w,t,f,f,c,b,w,t,b,f,f,w,w,p,w,o,p,h,v,u,1,1,0.9916647548988698
f,s,n,t,p,f,c,n,p,e,e,s,s,w,w,p,w,o,p,n,v,g,1,1,0.9887834605424626
f,f,e,t,n,f,c,b,w,t,b,s,s,g,g,p,w,o,p,k,v,d,0,0,0.00107502327466548
x,f,n,t,n,f,c,b,p,t,b,s,s,w,g,p,w,o,p,k,v,d,0,0,0.0006376171280638962
b,s,y,t,a,f,c,b,k,e,c,s,s,w,w,p,w,o,p,k,n,m,0,0,0.002213557007619038
k,f,g,f,n,f,w,b,g,e,,s,s,w,w,p,w,t,p,w,n,g,0,0,0.0002894253667484979
x,s,n,f,f,f,c,n,b,t,,k,k,w,w,p,w,o,e,w,v,p,1,1,0.9999629205945826
x,y,y,t,l,f,c,b,k,e,c,s,s,w,w,p,w,o,p,k,s,g,0,0,0.0038418595405621415
x,y,g,t,n,f,c,b,w,t,b,s,s,g,w,p,w,o,p,n,y,d,0,0,0.0004973702339683991
f,y,g,f,f,f,c,b,h,e,b,k,k,p,b,p,w,o,l,h,y,d,1,1,0.9993084963147704
x,f,e,t,n,f,c,b,n,t,b,s,s,p,p,p,w,o,p,k,y,d,0,0,0.0004777558178386472
f,y,y,t,l,f,c,b,p,e,r,s,y,w,w,p,w,o,p,n,s,g,0,0,0.013443384513674557
f,f,y,f,f,f,c,b,g,e,b,k,k,n,n,p,w,o,l,h,v,g,1,1,0.9995317757063
x,s,g,f,n,f,w,b,w,e,,k,k,w,w,p,w,t,p,w,n,g,0,0,0.011329303894064167
x,y,e,t,n,f,c,b,w,e,,s,s,e,e,p,w,t,e,w,c,w,0,0,0.004211660479767866
f,s,e,f,f,f,c,n,b,t,,s,k,p,p,p,w,o,e,w,v,d,1,1,0.9998746476801126
f,f,e,t,n,f,c,b,p,t,b,s,s,p,p,p,w,o,p,k,y,d,0,0,0.0006391893653160524
x,y,n,f,y,f,c,n,b,t,,s,k,w,p,p,w,o,e,w,v,p,1,1,0.9967092722712918
x,s,w,t,l,f,c,b,w,e,c,s,s,w,w,p,w,o,p,k,n,g,0,0,0.00389200821898728
x,y,e,f,s,f,c,n,b,t,,s,s,p,p,p,w,o,e,w,v,p,1,1,0.9971896635540418
f,y,g,f,f,f,c,b,h,e,b,k,k,b,p,p,w,o,l,h,y,d,1,1,0.9993718450363562
x,f,y,f,f,f,c,b,g,e,b,k,k,n,b,p,w,o,l,h,y,d,1,1,0.9970916106425208
f,y,e,t,n,f,c,b,n,t,b,s,s,p,w,p,w,o,p,n,y,d,0,0,0.0006182309214924472
f,y,n,t,n,f,c,b,n,t,b,s,s,p,p,p,w,o,p,k,y,d,0,0,0.0006945918894498262
x,y,y,f,f,f,c,b,g,e,b,k,k,n,p,p,w,o,l,h,v,d,1,1,0.9996691708119818
f,f,e,t,n,f,c,b,p,t,b,s,s,g,g,p,w,o,p,n,y,d,0,0,0.00015398795931242758
x,s,w,f,n,f,w,b,p,t,e,f,s,w,w,p,w,o,e,n,a,g,0,0,0.00012718730400229349
k,s,n,f,n,a,c,b,n,e,,s,s,o,o,p,o,o,p,b,c,l,0,0,0.003085668709975536
f,s,b,t,f,f,c,b,w,t,b,f,s,w,w,p,w,o,p,h,v,u,1,1,0.9980566760516795
b,s,y,t,l,f,c,b,g,e,c,s,s,w,w,p,w,o,p,k,s,g,0,0,0.009614611989265465
f,y,e,f,s,f,c,n,b,t,,k,k,p,p,p,w,o,e,w,v,l,1,1,0.9999166876614303
x,y,e,f,y,f,c,n,b,t,,k,s,p,p,p,w,o,e,w,v,p,1,1,0.9996981116487242
f,s,e,f,y,f,c,n,b,t,,s,s,w,p,p,w,o,e,w,v,p,1,1,0.9971581498075979
f,s,g,f,n,f,w,b,n,t,e,f,s,w,w,p,w,o,e,n,a,g,0,0,8.85946246844841e-05
x,f,e,t,n,f,c,b,p,t,b,s,s,g,w,p,w,o,p,k,y,d,0,0,0.0002447597359909531
x,s,y,t,a,f,c,b,w,e,c,s,s,w,w,p,w,o,p,n,s,m,0,0,0.006602507204577132
x,s,n,f,n,f,w,b,p,t,e,s,f,w,w,p,w,o,e,k,a,g,0,0,1.4973889245623164e-05
f,y,n,f,y,f,c,n,b,t,,k,s,w,p,p,w,o,e,w,v,p,1,1,0.9994272141025796
x,y,g,t,n,f,c,b,u,t,b,s,s,w,p,p,w,o,p,k,y,d,0,0,0.000915420586905529
x,s,e,f,s,f,c,n,b,t,,k,s,p,w,p,w,o,e,w,v,d,1,1,0.9996281112609103
f,y,n,t,n,f,c,b,u,t,b,s,s,p,p,p,w,o,p,k,v,d,0,0,0.004168902438238032
b,s,p,t,n,f,c,b,g,e,b,s,s,w,w,p,w,t,p,r,v,m,1,1,0.9471557296315646
k,s,n,f,y,f,c,n,b,t,,s,s,w,w,p,w,o,e,w,v,p,1,1,0.9925480045964723
x,y,g,f,f,f,c,b,p,e,b,k,k,n,n,p,w,o,l,h,v,p,1,1,0.9994631534638108
f,s,e,f,s,f,c,n,b,t,,s,k,p,w,p,w,o,e,w,v,p,1,1,0.998592665388771
f,f,g,f,n,f,w,b,p,t,e,s,f,w,w,p,w,o,e,n,s,g,0,0,1.3189572973979532e-05
x,y,n,t,n,f,c,b,w,t,b,s,s,g,g,p,w,o,p,k,v,d,0,0,0.0012076113774551762
x,f,w,t,a,f,w,n,n,t,b,s,s,w,w,p,w,o,p,n,v,d,0,0,0.02536321675303451
x,s,n,f,n,a,c,b,o,e,,s,s,o,o,p,n,o,p,b,c,l,0,0,0.005253010139650172
x,s,w,f,c,f,w,n,g,e,b,s,s,w,w,p,w,o,p,k,v,d,1,1,0.9872614586071968
f,y,n,f,n,f,c,b,w,e,b,y,y,n,n,p,w,t,p,w,y,d,0,0,0.02594779643471505
f,s,e,f,f,f,c,n,b,t,,k,k,w,p,p,w,o,e,w,v,p,1,1,0.9999829240615808
x,y,y,f,f,f,c,b,h,e,b,k,k,n,b,p,w,o,l,h,v,d,1,1,0.9996733118315584
f,y,y,f,f,f,c,b,g,e,b,k,k,n,b,p,w,o,l,h,y,p,1,1,0.998838348381966
k,s,n,t,n,f,c,b,w,e,,s,s,e,e,p,w,t,e,w,c,w,0,0,0.002981177865294833
x,s,g,f,c,f,w,n,p,e,b,s,s,w,w,p,w,o,p,k,s,d,1,1,0.9652590536909128
f,y,c,f,m,f,c,b,w,e,c,k,y,c,c,p,w,n,n,w,c,d,1,1,0.9786547043337451
s,f,n,f,n,f,c,n,g,e,e,s,s,w,w,p,w,o,p,k,v,u,0,0,0.03677172044096191
x,y,w,t,a,f,c,b,k,e,c,s,s,w,w,p,w,o,p,k,n,g,0,0,0.002439579951821188
f,f,e,t,n,f,c,b,u,t,b,s,s,g,w,p,w,o,p,n,y,d,0,0,0.00024747348951325546
x,y,g,f,f,f,c,b,h,e,b,k,k,p,n,p,w,o,l,h,v,d,1,1,0.9996613795377929
f,f,n,f,n,f,c,n,k,e,e,s,s,w,w,p,w,o,p,k,y,u,0,0,0.008393899113877529
x,s,n,f,n,a,c,b,n,e,,s,s,o,o,p,o,o,p,n,v,l,0,0,0.0007830453370446545
x,s,n,f,n,f,w,b,p,t,e,s,s,w,w,p,w,o,e,k,s,g,0,0,4.833949667386457e-05
f,s,e,f,s,f,c,n,b,t,,k,s,w,p,p,w,o,e,w,v,l,1,1,0.9998233567257645
x,f,w,f,n,f,w,b,p,t,e,s,s,w,w,p,w,o,e,n,s,g,0,0,3.726091039082255e-05
b,s,n,f,n,a,c,b,o,e,,s,s,o,o,p,o,o,p,n,v,l,0,0,0.0013720706833240284
k,y,c,f,n,f,w,n,w,e,b,s,f,w,n,p,w,o,e,w,v,l,0,0,0.02021876067026073
f,y,n,t,n,f,c,b,w,t,b,s,s,g,g,p,w,o,p,k,y,d,0,0,0.0003027601079835811
s,f,g,f,n,f,c,n,g,e,e,s,s,w,w,p,w,o,p,n,v,u,0,0,0.04767258699163938
x,f,w,f,n,f,w,b,p,t,e,f,s,w,w,p,w,o,e,n,s,g,0,0,7.509975732818132e-05
x,y,n,t,a,f,c,b,p,e,r,s,y,w,w,p,w,o,p,n,s,p,0,0,0.005807643306470922
f,f,y,f,f,f,c,b,g,e,b,k,k,n,n,p,w,o,l,h,y,p,1,1,0.9957534709327955
f,f,y,f,f,f,c,b,h,e,b,k,k,p,p,p,w,o,l,h,v,d,1,1,0.9995709950380963
f,y,n,t,n,f,c,b,n,t,b,s,s,w,w,p,w,o,p,k,v,d,0,0,0.0016481083400447557
x,y,u,f,n,f,c,n,p,e,,s,f,w,w,p,w,o,f,h,v,d,0,0,0.05589418037718069
k,s,n,f,f,f,c,n,b,t,,k,s,w,w,p,w,o,e,w,v,d,1,1,0.9999040733080274
x,f,y,f,f,f,c,b,h,e,b,k,k,b,p,p,w,o,l,h,v,d,1,1,0.9995415119473996
x,s,b,t,f,f,c,b,w,t,b,f,f,w,w,p,w,o,p,h,s,g,1,1,0.9941357172345106
x,y,e,f,m,a,c,b,w,e,c,k,y,c,c,p,w,n,n,w,c,d,1,1,0.9752388937462427
x,f,g,f,n,f,w,b,w,e,,k,s,w,w,p,w,t,p,w,s,g,0,0,0.009427232150849701
k,y,n,f,y,f,c,n,b,t,,s,s,w,p,p,w,o,e,w,v,p,1,1,0.9927820688115456
x,s,b,t,f,f,c,b,w,t,b,f,f,w,w,p,w,o,p,h,v,u,1,1,0.9948991471855765
x,y,e,f,s,f,c,n,b,t,,k,k,w,w,p,w,o,e,w,v,l,1,1,0.9998187537909906
f,s,w,t,f,f,c,b,p,t,b,s,s,w,w,p,w,o,p,h,s,g,1,1,0.9911025664902734
x,f,e,t,n,f,c,b,w,t,b,s,s,w,p,p,w,o,p,n,v,d,0,0,0.0016568241332505186
x,f,g,f,n,f,w,b,p,t,e,f,s,w,w,p,w,o,e,k,s,g,0,0,6.860497271925984e-05
x,y,n,t,n,f,c,b,u,t,b,s,s,g,w,p,w,o,p,n,v,d,0,0,0.0012615434742660173
x,y,n,t,l,f,c,b,n,e,r,s,y,w,w,p,w,o,p,k,y,g,0,0,0.0036268735370990064
f,s,n,f,y,f,c,n,b,t,,s,k,w,w,p,w,o,e,w,v,l,1,1,0.9983212176326554
k,s,n,f,y,f,c,n,b,t,,k,k,p,w,p,w,o,e,w,v,p,1,1,0.9996941224901996
x,s,n,f,n,a,c,b,y,e,,s,s,o,o,p,n,o,p,y,v,l,0,0,0.006216145039862559
f,s,n,f,n,a,c,b,o,e,,s,s,o,o,p,o,o,p,b,v,l,0,0,0.004386217888452018
f,y,e,t,n,f,c,b,u,t,b,s,s,g,w,p,w,o,p,n,y,d,0,0,0.00046424678522612156
f,f,n,t,n,f,c,b,w,t,b,s,s,w,g,p,w,o,p,k,y,d,0,0,0.00019377171868859803
x,y,g,t,n,f,c,b,u,t,b,s,s,w,p,p,w,o,p,k,v,d,0,0,0.004144404027320329
x,f,g,f,f,f,c,b,p,e,b,k,k,n,p,p,w,o,l,h,y,d,1,1,0.9973460520502095
x,s,w,f,n,f,w,b,h,t,e,f,f,w,w,p,w,o,e,k,s,g,0,0,0.000149195960328752
f,y,y,f,f,f,c,b,h,e,b,k,k,p,n,p,w,o,l,h,y,g,1,1,0.9991091278128525
f,y,g,t,n,f,c,b,u,t,b,s,s,g,w,p,w,o,p,n,v,d,0,0,0.0023848514857921117
f,y,g,t,n,f,c,b,w,t,b,s,s,g,g,p,w,o,p,k,v,d,0,0,0.002283006754160739
k,s,n,f,n,a,c,b,n,e,,s,s,o,o,p,n,o,p,o,c,l,0,0,0.0031147234918693575
x,y,n,f,s,f,c,n,b,t,,s,k,p,p,p,w,o,e,w,v,d,1,1,0.9973292720876201
x,s,g,f,n,f,w,b,k,t,e,s,f,w,w,p,w,o,e,n,s,g,0,0,2.4992134914303803e-05
x,s,w,f,n,f,w,b,n,t,e,s,f,w,w,p,w,o,e,k,s,g,0,0,4.10224525886789e-05
x,y,n,t,l,f,c,b,n,e,r,s,y,w,w,p,w,o,p,n,s,p,0,0,0.004719903652963207
k,g,w,t,n,f,w,n,w,e,b,s,s,w,w,p,w,o,p,w,c,l,1,1,0.5803520257743441
x,f,g,t,n,f,c,b,p,t,b,s,s,g,p,p,w,o,p,k,v,d,0,0,0.001635658091988843
x,s,e,f,y,f,c,n,b,t,,k,k,w,w,p,w,o,e,w,v,p,1,1,0.9997473676859876
f,f,g,t,n,f,c,b,p,t,b,s,s,p,w,p,w,o,p,n,y,d,0,0,0.0004392206586592545
f,f,g,f,n,f,w,b,n,t,e,s,s,w,w,p,w,o,e,n,a,g,0,0,1.8606927356512773e-05
f,y,g,f,f,f,c,b,h,e,b,k,k,b,p,p,w,o,l,h,y,p,1,1,0.999465299609146
f,y,e,t,n,f,c,b,u,t,b,s,s,p,w,p,w,o,p,k,v,d,0,0,0.0047043609779444965
f,f,e,t,n,f,c,b,u,t,b,s,s,w,p,p,w,o,p,k,y,d,0,0,0.0004900227088973303
f,f,g,f,f,f,c,b,p,e,b,k,k,p,p,p,w,o,l,h,y,p,1,1,0.998363163131745
f,y,w,t,p,f,c,n,p,e,e,s,s,w,w,p,w,o,p,n,s,u,1,1,0.9899991563507045
x,y,y,t,l,f,c,b,g,e,c,s,s,w,w,p,w,o,p,k,n,m,0,0,0.0021642405733999868
f,f,y,f,f,f,c,b,h,e,b,k,k,n,b,p,w,o,l,h,v,p,1,1,0.999541469599985
x,y,g,t,n,f,c,b,w,t,b,s,s,g,w,p,w,o,p,k,v,d,0,0,0.002859067136819043
f,s,w,t,p,f,c,n,k,e,e,s,s,w,w,p,w,o,p,k,s,g,1,1,0.9942176062276424
b,s,n,f,n,a,c,b,y,e,,s,s,o,o,p,n,o,p,n,c,l,0,0,0.002972684579482637
f,s,e,f,s,f,c,n,b,t,,k,k,w,w,p,w,o,e,w,v,d,1,1,0.9997350933135173
f,y,n,t,n,f,c,b,u,t,b,s,s,g,g,p,w,o,p,n,y,d,0,0,0.00022189054171121257
x,s,w,t,f,f,c,b,p,t,b,s,s,w,w,p,w,o,p,h,v,g,1,1,0.9926059748475367
f,f,g,t,n,f,c,b,w,t,b,s,s,w,p,p,w,o,p,n,y,d,0,0,0.0004708370684143967
x,f,e,t,n,f,c,b,w,t,b,s,s,p,w,p,w,o,p,n,v,d,0,0,0.001873871249068736
f,s,b,t,f,f,c,b,w,t,b,s,s,w,w,p,w,o,p,h,s,u,1,1,0.994647847861366
k,y,e,f,s,f,c,n,b,t,,k,s,p,p,p,w,o,e,w,v,p,1,1,0.9996281387356376
x,s,w,t,p,f,c,n,n,e,e,s,s,w,w,p,w,o,p,k,s,g,1,1,0.992948390936332
k,s,n,f,f,f,c,n,b,t,,s,s,w,p,p,w,o,e,w,v,p,1,1,0.9994231149307098
x,s,w,t,l,f,w,n,w,t,b,s,s,w,w,p,w,o,p,u,v,d,0,0,0.09526148216119906
x,f,g,f,f,f,c,b,g,e,b,k,k,n,b,p,w,o,l,h,v,d,1,1,0.99958657600008
f,f,e,t,n,f,c,b,w,t,b,s,s,w,p,p,w,o,p,k,v,d,0,0,0.0023895037376889094
f,y,n,t,l,f,c,b,p,e,r,s,y,w,w,p,w,o,p,n,y,g,0,0,0.0038248565654243707
b,y,y,t,a,f,c,b,g,e,c,s,s,w,w,p,w,o,p,n,n,m,0,0,0.0022248693732094234
x,y,n,f,y,f,c,n,b,t,,s,k,w,p,p,w,o,e,w,v,d,1,1,0.9961359833832146
s,f,g,f,n,f,c,n,g,e,e,s,s,w,w,p,w,o,p,n,y,u,0,0,0.010901212459448013
x,y,y,f,f,f,c,b,g,e,b,k,k,b,p,p,w,o,l,h,v,p,1,1,0.9997821278450294
k,s,n,f,f,f,c,n,b,t,,k,k,p,p,p,w,o,e,w,v,d,1,1,0.9999723634287697
k,y,p,t,n,f,c,b,e,e,,s,s,e,w,p,w,t,e,w,c,w,0,0,0.009597511716823236
f,s,e,f,y,f,c,n,b,t,,k,k,w,w,p,w,o,e,w,v,d,1,1,0.9997391104211831
f,y,e,f,f,f,c,n,b,t,,k,k,p,p,p,w,o,e,w,v,l,1,1,0.9999917977630615
f,f,w,t,l,f,w,n,w,t,b,s,s,w,w,p,w,o,p,u,v,d,0,0,0.04825885185534175
x,f,p,f,c,f,w,n,u,e,b,s,s,w,w,p,w,o,p,k,v,d,1,1,0.9752264017828135
x,f,g,t,n,f,c,b,w,t,b,s,s,p,w,p,w,o,p,k,y,d,0,0,0.000593846409653385
x,f,y,f,f,f,c,b,h,e,b,k,k,p,n,p,w,o,l,h,y,d,1,1,0.995537537912848
x,y,n,f,f,f,c,n,b,t,,s,s,w,p,p,w,o,e,w,v,d,1,1,0.9992966825224263
k,y,w,t,n,f,w,n,w,e,b,s,s,w,w,p,w,o,p,w,c,l,1,0,0.31977075246282266
f,s,w,t,f,f,c,b,h,t,b,s,f,w,w,p,w,o,p,h,s,g,1,1,0.9866389692685252
x,f,g,f,f,f,c,b,p,e,b,k,k,p,n,p,w,o,l,h,y,g,1,1,0.9981226551370613
x,s,e,f,y,f,c,n,b,t,,s,s,p,w,p,w,o,e,w,v,d,1,1,0.9966438469853919
k,y,p,t,n,f,c,b,w,e,,s,s,e,e,p,w,t,e,w,c,w,0,0,0.008481633974847538
x,y,y,f,f,f,c,b,p,e,b,k,k,n,b,p,w,o,l,h,y,d,1,1,0.9977277956852164
f,s,w,t,l,f,w,n,n,t,b,s,s,w,w,p,w,o,p,n,v,d,0,0,0.06260348037757975
x,y,n,t,n,f,c,b,n,t,b,s,s,g,g,p,w,o,p,k,v,d,0,0,0.0008469472891106696
k,y,e,f,f,f,c,n,b,t,,k,k,p,w,p,w,o,e,w,v,l,1,1,0.9999852805540198
f,y,n,t,n,f,c,b,w,t,b,s,s,w,p,p,w,o,p,n,y,d,0,0,0.0005310513461003395
k,y,e,f,s,f,c,n,b,t,,s,s,w,w,p,w,o,e,w,v,p,1,1,0.9935038831906713
x,s,e,f,f,f,c,n,b,t,,k,s,p,p,p,w,o,e,w,v,l,1,1,0.999986547077998
f,f,y,f,f,f,c,b,h,e,b,k,k,b,b,p,w,o,l,h,y,p,1,1,0.9983906116623172
f,f,w,t,l,f,w,n,p,t,b,s,s,w,w,p,w,o,p,u,v,d,0,0,0.04013372599067772
x,y,e,f,s,f,c,n,b,t,,k,k,p,w,p,w,o,e,w,v,d,1,1,0.9997420108737114
f,y,n,t,n,f,c,b,n,t,b,s,s,w,g,p,w,o,p,k,v,d,0,0,0.001156660811422152
f,y,y,f,f,f,c,b,p,e,b,k,k,b,b,p,w,o,l,h,v,g,1,1,0.9998552325741447
x,f,g,f,n,f,w,b,n,t,e,f,s,w,w,p,w,o,e,n,s,g,0,0,4.5980378638451156e-05
x,s,y,t,a,f,c,b,k,e,c,s,s,w,w,p,w,o,p,k,n,g,0,0,0.0014259293186950823
f,y,y,t,a,f,c,b,p,e,r,s,y,w,w,p,w,o,p,n,y,p,0,0,0.0021447185761250803
f,f,e,t,n,f,c,b,u,t,b,s,s,p,g,p,w,o,p,n,y,d,0,0,0.0003065741594121635
f,s,w,f,n,f,w,b,h,t,e,f,s,w,w,p,w,o,e,k,s,g,0,0,0.00039275795741096326
x,f,p,f,c,f,c,n,g,e,b,s,s,w,w,p,w,o,p,k,s,d,1,1,0.9975538935722592
k,y,n,f,s,f,c,n,b,t,,s,k,p,w,p,w,o,e,w,v,d,1,1,0.9957937317560571
k,y,n,f,f,f,c,n,b,t,,s,k,w,w,p,w,o,e,w,v,d,1,1,0.9993887489637368
x,y,e,t,n,f,c,b,u,t,b,s,s,p,p,p,w,o,p,k,v,d,0,0,0.0053727034716690835
k,y,n,f,y,f,c,n,b,t,,k,s,p,p,p,w,o,e,w,v,d,1,1,0.9993685353430097
x,f,y,f,f,f,c,b,g,e,b,k,k,p,b,p,w,o,l,h,y,g,1,1,0.9989809561612933
x,y,n,t,p,f,c,n,p,e,e,s,s,w,w,p,w,o,p,n,s,g,1,1,0.9782064242866655
b,y,w,t,n,f,c,b,w,e,b,s,s,w,w,p,w,t,p,r,v,m,1,1,0.8831473971723015
b,s,w,t,l,f,c,b,k,e,c,s,s,w,w,p,w,o,p,k,s,g,0,0,0.012871114120730843
x,f,y,f,f,f,c,b,g,e,b,k,k,b,n,p,w,o,l,h,v,p,1,1,0.9991742521767414
f,y,n,t,p,f,c,n,p,e,e,s,s,w,w,p,w,o,p,n,s,g,1,1,0.9807934200527275
x,f,n,t,n,f,c,b,w,t,b,s,s,w,w,p,w,o,p,k,y,d,0,0,0.00024279351288354465
f,f,n,f,n,f,w,b,k,t,e,f,f,w,w,p,w,o,e,n,s,g,0,0,1.4583135097079273e-05
x,f,w,f,n,f,w,b,n,t,e,f,f,w,w,p,w,o,e,k,a,g,0,0,2.5091966283017028e-05
x,y,n,t,n,f,c,b,n,t,b,s,s,w,g,p,w,o,p,k,v,d,0,0,0.0010168135767324204
b,y,w,t,a,f,c,b,g,e,c,s,s,w,w,p,w,o,p,n,s,m,0,0,0.016835252661107653
b,y,w,t,l,f,c,b,w,e,c,s,s,w,w,p,w,o,p,k,n,m,0,0,0.004798071661200718
f,y,e,t,n,f,c,b,p,t,b,s,s,p,p,p,w,o,p,k,v,d,0,0,0.005421357593455225
x,s,e,f,f,f,c,n,b,t,,s,k,p,p,p,w,o,e,w,v,d,1,1,0.9998573898732035
f,y,e,t,n,f,c,b,w,t,b,s,s,w,w,p,w,o,p,k,y,d,0,0,0.0007604557896025701
x,s,w,t,l,f,c,b,w,e,c,s,s,w,w,p,w,o,p,k,s,m,0,0,0.017063487721526396
k,y,n,f,f,f,c,n,b,t,,s,k,p,p,p,w,o,e,w,v,l,1,1,0.9998472753480498
k,y,n,f,s,f,c,n,b,t,,s,k,w,p,p,w,o,e,w,v,d,1,1,0.9952442935643872
f,f,y,f,f,f,c,b,h,e,b,k,k,b,n,p,w,o,l,h,y,g,1,1,0.9984307654541814
f,s,e,f,y,f,c,n,b,t,,s,s,p,p,p,w,o,e,w,v,p,1,1,0.9980661212563928
x,y,n,t,n,f,c,b,w,t,b,s,s,w,p,p,w,o,p,k,v,d,0,0,0.0026837778529274024
f,f,e,t,n,f,c,b,w,t,b,s,s,g,p,p,w,o,p,n,v,d,0,0,0.0015699322131832321
x,f,n,t,n,f,c,b,p,t,b,s,s,p,g,p,w,o,p,k,y,d,0,0,0.00020656996078624208
f,y,g,f,f,f,c,b,g,e,b,k,k,b,p,p,w,o,l,h,v,d,1,1,0.9998550861404857
x,s,y,t,l,f,c,b,w,e,c,s,s,w,w,p,w,o,p,n,s,m,0,0,0.0063061593464136525
f,y,n,f,y,f,c,n,b,t,,k,k,w,w,p,w,o,e,w,v,p,1,1,0.9995896409370345
f,f,g,f,f,f,c,b,p,e,b,k,k,n,b,p,w,o,l,h,v,g,1,1,0.9997738954712954
x,s,e,f,y,f,c,n,b,t,,k,s,p,w,p,w,o,e,w,v,d,1,1,0.9996337500754069
k,f,w,f,n,f,w,b,w,e,,k,k,w,w,p,w,t,p,w,n,g,0,0,0.005521647324773015
x,s,e,f,s,f,c,n,b,t,,s,k,p,w,p,w,o,e,w,v,p,1,1,0.9983991939954869
x,f,w,f,n,f,w,b,n,t,e,f,f,w,w,p,w,o,e,k,s,g,0,0,3.4999685518055036e-05
x,f,n,t,n,f,c,b,u,t,b,s,s,p,p,p,w,o,p,k,y,d,0,0,0.00043158007739337403
x,y,e,f,f,f,c,n,b,t,,s,k,p,w,p,w,o,e,w,v,p,1,1,0.9998013055447097
b,s,y,t,a,f,c,b,k,e,c,s,s,w,w,p,w,o,p,n,s,g,0,0,0.004967331084303158
b,y,y,t,a,f,c,b,k,e,c,s,s,w,w,p,w,o,p,k,s,m,0,0,0.006235988986869096
f,y,n,f,y,f,c,n,b,t,,k,s,p,w,p,w,o,e,w,v,p,1,1,0.999493635310182
x,y,n,t,a,f,c,b,p,e,r,s,y,w,w,p,w,o,p,k,s,g,0,0,0.014636202569644093
f,y,y,t,a,f,c,b,n,e,r,s,y,w,w,p,w,o,p,n,s,g,0,0,0.011988200597863265
x,y,n,t,l,f,c,b,n,e,r,s,y,w,w,p,w,o,p,k,y,p,0,0,0.0018127786536793263
x,y,e,t,n,f,c,b,n,t,b,s,s,g,g,p,w,o,p,k,v,d,0,0,0.0012428142270710437
x,y,n,f,y,f,c,n,b,t,,k,k,w,p,p,w,o,e,w,v,d,1,1,0.9995781364766055
x,y,e,t,n,f,c,b,n,t,b,s,s,g,p,p,w,o,p,k,v,d,0,0,0.0023011698581976337
x,y,w,t,p,f,c,n,p,e,e,s,s,w,w,p,w,o,p,n,v,u,1,1,0.9916874452955253
x,y,g,t,n,f,c,b,n,t,b,s,s,w,g,p,w,o,p,n,y,d,0,0,0.0002937690006744115
f,s,n,f,s,f,c,n,b,t,,k,k,w,p,p,w,o,e,w,v,p,1,1,0.9997454266165415
f,f,g,f,n,f,w,b,p,t,e,s,s,w,w,p,w,o,e,n,a,g,0,0,2.18847433355706e-05
x,y,g,f,f,f,c,b,g,e,b,k,k,b,n,p,w,o,l,h,v,g,1,1,0.9998584995580393
f,f,y,f,f,f,c,b,h,e,b,k,k,b,b,p,w,o,l,h,v,p,1,1,0.999645220142067
b,s,g,f,n,f,w,b,p,e,,s,s,w,w,p,w,t,p,w,s,g,0,0,0.0025056585559403485
k,y,y,f,n,f,w,n,w,e,c,y,y,y,y,p,y,o,e,w,c,l,1,1,0.7526807980411101
x,s,n,f,y,f,c,n,b,t,,s,s,p,w,p,w,o,e,w,v,l,1,1,0.9976445898971417
x,y,g,t,n,f,c,b,w,t,b,s,s,w,g,p,w,o,p,k,y,d,0,0,0.0005314408975914469
x,f,w,f,n,f,w,b,n,t,e,s,f,w,w,p,w,o,e,n,a,g,0,0,9.813302012902518e-06
x,s,g,f,c,f,w,n,u,e,b,s,s,w,w,p,w,o,p,n,s,d,1,1,0.9610782713973317
x,s,e,f,s,f,c,n,b,t,,k,k,p,p,p,w,o,e,w,v,p,1,1,0.999865846613357
b,s,w,t,l,f,c,b,n,e,c,s,s,w,w,p,w,o,p,n,s,m,0,0,0.011806162557942845
f,s,w,t,n,f,c,b,r,e,b,s,s,w,w,p,w,t,p,r,v,m,1,1,0.9570328242947107
x,f,y,f,f,f,c,b,h,e,b,k,k,b,b,p,w,o,l,h,v,d,1,1,0.999525835018819
x,y,y,t,l,f,c,b,w,e,c,s,s,w,w,p,w,o,p,n,s,m,0,0,0.005015123367132482
k,s,w,f,n,f,w,b,w,e,,s,k,w,w,p,w,t,p,w,n,g,0,0,0.0014251167351221681
f,y,e,t,n,f,c,b,u,t,b,s,s,w,p,p,w,o,p,n,v,d,0,0,0.0032827520890182514
b,y,y,t,l,f,c,b,k,e,c,s,s,w,w,p,w,o,p,k,n,m,0,0,0.0016795865212201073
f,y,n,t,l,f,c,b,p,e,r,s,y,w,w,p,w,o,p,k,s,g,0,0,0.01587932976466939
x,y,n,t,p,f,c,n,w,e,e,s,s,w,w,p,w,o,p,n,s,u,1,1,0.9785762559836882
x,y,n,t,l,f,c,b,w,e,r,s,y,w,w,p,w,o,p,n,s,g,0,0,0.013376561378992246
b,y,y,t,a,f,c,b,g,e,c,s,s,w,w,p,w,o,p,k,n,m,0,0,0.0028207832818049425
k,y,c,f,n,f,w,n,w,e,b,f,f,w,n,p,w,o,e,w,v,l,0,0,0.03993269298427895
f,s,e,f,s,f,c,n,b,t,,s,k,p,p,p,w,o,e,w,v,l,1,1,0.999392145873792
x,s,y,t,a,f,c,b,k,e,c,s,s,w,w,p,w,o,p,n,s,m,0,0,0.0049762422762478446
f,s,w,t,l,f,w,n,n,t,b,s,s,w,w,p,w,o,p,u,v,d,0,0,0.0774764302040009
x,f,g,f,n,f,c,n,n,e,e,s,s,w,w,p,w,o,p,k,y,u,0,0,0.011400709536635125
x,f,n,t,n,f,c,b,p,t,b,s,s,w,p,p,w,o,p,k,y,d,0,0,0.0002603032129516922
f,y,e,f,y,f,c,n,b,t,,s,s,w,w,p,w,o,e,w,v,d,1,1,0.9945484920056128
k,s,e,t,n,f,c,b,w,e,,s,s,e,w,p,w,t,e,w,c,w,0,0,0.00787362728262836
k,s,n,f,y,f,c,n,b,t,,k,s,p,p,p,w,o,e,w,v,p,1,1,0.9995730335001223
f,f,g,f,f,f,c,b,g,e,b,k,k,p,b,p,w,o,l,h,v,d,1,1,0.9997006960208824
f,y,y,f,f,f,c,b,g,e,b,k,k,p,b,p,w,o,l,h,v,p,1,1,0.9997891689679742
k,y,n,f,s,f,c,n,b,t,,k,k,w,w,p,w,o,e,w,v,l,1,1,0.9996772572815569
f,s,w,f,n,f,w,b,p,t,e,s,f,w,w,p,w,o,e,n,s,g,0,0,4.327027852741331e-05
x,s,n,f,n,a,c,b,n,e,,s,s,o,o,p,o,o,p,b,c,l,0,0,0.003741026244045112
x,y,r,f,n,f,c,n,p,e,,s,f,w,w,p,w,o,f,h,v,d,0,0,0.04995660258501001
x,y,n,t,n,f,c,b,n,t,b,s,s,p,g,p,w,o,p,k,v,d,0,0,0.0014948605252738468
f,s,n,f,f,f,c,n,b,t,,s,k,w,w,p,w,o,e,w,v,l,1,1,0.9998319341798
x,f,g,f,n,f,c,n,n,e,e,s,s,w,w,p,w,o,p,k,v,u,0,0,0.049772176122362045
f,s,n,t,n,f,c,b,e,e,,s,s,w,w,p,w,t,e,w,c,w,0,0,0.007081955762908649
k,s,e,f,s,f,c,n,b,t,,s,s,p,p,p,w,o,e,w,v,p,1,1,0.9972917881120018
f,s,g,t,f,f,c,b,w,t,b,f,s,w,w,p,w,o,p,h,s,u,1,1,0.9939587592404436
x,f,g,f,n,f,w,b,h,t,e,s,f,w,w,p,w,o,e,n,a,g,0,0,1.2752178701391318e-05
f,f,e,t,n,f,c,b,u,t,b,s,s,g,g,p,w,o,p,n,y,d,0,0,0.00017360702725186948
k,y,e,f,s,f,c,n,b,t,,s,k,w,p,p,w,o,e,w,v,l,1,1,0.9984477711916553
x,y,n,t,n,f,c,b,u,t,b,s,s,p,p,p,w,o,p,k,v,d,0,0,0.003666193877587792
f,s,n,f,n,f,w,b,h,t,e,s,f,w,w,p,w,o,e,n,a,g,0,0,2.0603722819331406e-05
x,y,w,t,l,f,c,b,g,e,c,s,s,w,w,p,w,o,p,n,n,m,0,0,0.0036730683907915517
k,s,e,f,f,f,c,n,b,t,,s,k,p,p,p,w,o,e,w,v,p,1,1,0.9998527421369863
x,y,n,f,y,f,c,n,b,t,,k,s,p,w,p,w,o,e,w,v,p,1,1,0.9994239520701116
f,s,n,f,n,f,w,b,p,t,e,f,f,w,w,p,w,o,e,n,a,g,0,0,2.706647486131515e-05
x,f,n,f,n,f,w,b,h,t,e,s,s,w,w,p,w,o,e,n,a,g,0,0,1.7742225819026317e-05
x,y,n,t,n,f,c,b,e,e,,s,s,e,e,p,w,t,e,w,c,w,0,0,0.0018019712689934912
f,f,w,f,n,f,w,b,p,t,e,s,s,w,w,p,w,o,e,n,a,g,0,0,3.0391223308079474e-05
x,s,n,f,s,f,c,n,b,t,,s,s,p,w,p,w,o,e,w,v,d,1,1,0.9950055560981862
k,y,e,f,f,f,c,n,b,t,,s,k,p,w,p,w,o,e,w,v,l,1,1,0.9998647291449848
s,f,n,f,n,f,c,n,p,e,e,s,s,w,w,p,w,o,p,n,v,u,0,0,0.02012784400900261
k,s,n,f,f,f,c,n,b,t,,k,s,p,w,p,w,o,e,w,v,l,1,1,0.9999688493314194
x,y,y,f,f,f,c,b,g,e,b,k,k,p,p,p,w,o,l,h,v,g,1,1,0.9998842781325316
x,y,e,t,n,f,c,b,p,t,b,s,s,p,g,p,w,o,p,k,v,d,0,0,0.0025782164412134884
x,y,g,t,n,f,c,b,p,t,b,s,s,g,w,p,w,o,p,k,y,d,0,0,0.0005202775742252371
x,f,g,f,n,f,w,b,k,t,e,f,s,w,w,p,w,o,e,k,a,g,0,0,4.488216330921128e-05
k,s,w,f,n,f,w,b,p,e,,k,k,w,w,p,w,t,p,w,s,g,0,0,0.037091691527465546
x,s,n,f,y,f,c,n,b,t,,k,k,p,w,p,w,o,e,w,v,l,1,1,0.9998585002131566
f,s,e,f,s,f,c,n,b,t,,k,s,p,p,p,w,o,e,w,v,l,1,1,0.999879896834683
x,s,p,f,c,f,w,n,p,e,b,s,s,w,w,p,w,o,p,k,s,d,1,1,0.9836499431808362
k,s,e,f,f,f,c,n,b,t,,k,k,p,w,p,w,o,e,w,v,p,1,1,0.9999791657572475
k,s,e,f,f,f,c,n,b,t,,k,s,p,w,p,w,o,e,w,v,l,1,1,0.9999787797865257
x,y,g,t,n,f,c,b,p,t,b,s,s,w,g,p,w,o,p,n,v,d,0,0,0.0015673567451793895
f,y,b,t,n,f,c,b,r,e,b,s,s,w,w,p,w,t,p,r,v,m,1,1,0.9666692329195946
x,f,n,t,n,f,c,b,w,t,b,s,s,g,p,p,w,o,p,k,v,d,0,0,0.0011929495727807066
x,y,y,t,l,f,c,b,k,e,c,s,s,w,w,p,w,o,p,k,n,m,0,0,0.0013491789057846102
f,y,e,t,n,f,c,b,n,t,b,s,s,g,g,p,w,o,p,n,v,d,0,0,0.0011147121685569532
x,y,n,t,n,f,c,b,u,t,b,s,s,w,w,p,w,o,p,n,v,d,0,0,0.0015144363796748145
f,s,b,t,f,f,c,b,w,t,b,s,s,w,w,p,w,o,p,h,v,u,1,1,0.9960907771944052
b,y,y,t,l,f,c,b,w,e,c,s,s,w,w,p,w,o,p,n,s,g,0,0,0.005006142899284907
x,y,n,t,n,f,c,b,u,t,b,s,s,p,g,p,w,o,p,n,y,d,0,0,0.0003444181919028244
x,s,n,f,f,f,c,n,b,t,,s,s,p,p,p,w,o,e,w,v,p,1,1,0.9996766259363976
x,s,n,t,p,f,c,n,k,e,e,s,s,w,w,p,w,o,p,n,v,u,1,1,0.9834253241921385
x,y,g,f,f,f,c,b,p,e,b,k,k,b,n,p,w,o,l,h,y,g,1,1,0.9990592158160586
f,f,g,f,f,f,c,b,h,e,b,k,k,n,p,p,w,o,l,h,y,d,1,1,0.9984778873606078
x,y,n,t,n,f,c,b,n,t,b,s,s,p,p,p,w,o,p,k,y,d,0,0,0.0006105774103168053
f,s,w,t,p,f,c,n,k,e,e,s,s,w,w,p,w,o,p,k,v,u,1,1,0.9949704295578266
x,s,w,t,a,f,w,n,n,t,b,s,s,w,w,p,w,o,p,u,v,d,0,0,0.07176275711041465
b,s,n,f,n,a,c,b,y,e,,s,s,o,o,p,o,o,p,n,v,l,0,0,0.0021815817902133753
f,f,g,t,n,f,c,b,w,t,b,s,s,w,g,p,w,o,p,k,v,d,0,0,0.0014622065640206964
x,y,n,t,l,f,c,b,w,e,r,s,y,w,w,p,w,o,p,k,s,p,0,0,0.008508035288798113
k,y,n,f,f,f,c,n,b,t,,s,s,p,w,p,w,o,e,w,v,l,1,1,0.9996396398974798
f,f,e,t,n,f,c,b,w,t,b,s,s,w,g,p,w,o,p,k,y,d,0,0,0.00028442839247804836
f,s,g,f,n,f,w,b,h,t,e,s,f,w,w,p,w,o,e,n,a,g,0,0,3.427378994269851e-05
x,f,n,t,n,f,c,b,u,t,b,s,s,g,w,p,w,o,p,n,y,d,0,0,0.00014819187242040116
k,s,n,f,n,a,c,b,y,e,,s,s,o,o,p,o,o,p,o,v,l,0,0,0.005106758588641608
f,y,n,f,s,f,c,n,b,t,,s,k,p,w,p,w,o,e,w,v,l,1,1,0.9985404878976166
x,f,n,t,n,f,c,b,w,t,b,s,s,p,g,p,w,o,p,n,y,d,0,0,0.00019747214756595105
x,f,n,t,n,f,c,b,u,t,b,s,s,w,p,p,w,o,p,k,y,d,0,0,0.00029346356029426177
f,s,e,f,f,f,c,n,b,t,,k,s,p,p,p,w,o,e,w,v,d,1,1,0.9999752417897805
x,y,n,t,n,f,c,b,u,t,b,s,s,g,w,p,w,o,p,k,y,d,0,0,0.0003526749529968004
f,s,n,f,f,f,c,n,b,t,,k,s,w,p,p,w,o,e,w,v,l,1,1,0.9999744685758606
f,f,y,f,f,f,c,b,p,e,b,k,k,n,p,p,w,o,l,h,v,p,1,1,0.9993198945006946
f,s,n,f,f,f,c,n,b,t,,k,k,w,p,p,w,o,e,w,v,d,1,1,0.9999705491355552
k,s,n,t,n,f,c,b,w,e,,s,s,w,w,p,w,t,e,w,c,w,0,0,0.008180000992135771
x,y,e,t,n,f,c,b,w,t,b,s,s,w,g,p,w,o,p,k,y,d,0,0,0.0004690095302964549
x,f,w,f,n,f,w,b,h,t,e,f,f,w,w,p,w,o,e,n,s,g,0,0,4.9786773251897924e-05
f,y,g,t,n,f,c,b,u,t,b,s,s,w,w,p,w,o,p,n,y,d,0,0,0.0006315902487248683
x,y,g,f,f,f,c,b,h,e,b,k,k,b,n,p,w,o,l,h,v,d,1,1,0.9996818915971712
x,y,g,f,f,f,c,b,p,e,b,k,k,p,b,p,w,o,l,h,y,g,1,1,0.9994873324120351
f,s,g,t,f,f,c,b,w,t,b,s,s,w,w,p,w,o,p,h,v,g,1,1,0.9925580712800515
x,f,g,f,f,f,c,b,p,e,b,k,k,n,p,p,w,o,l,h,v,p,1,1,0.9995015910716456
f,y,e,f,f,f,c,n,b,t,,k,k,p,w,p,w,o,e,w,v,d,1,1,0.9999776710325919
f,y,e,f,y,f,c,n,b,t,,k,k,w,p,p,w,o,e,w,v,p,1,1,0.9997849608674922
x,y,y,f,f,f,c,b,g,e,b,k,k,p,p,p,w,o,l,h,y,d,1,1,0.9987636249011503
x,s,w,t,a,f,c,b,k,e,c,s,s,w,w,p,w,o,p,k,s,m,0,0,0.013495749881558484
f,f,g,f,n,f,w,b,p,t,e,f,f,w,w,p,w,o,e,n,a,g,0,0,1.90588170963648e-05
f,f,n,t,n,f,c,b,w,t,b,s,s,p,g,p,w,o,p,k,v,d,0,0,0.001293085141825742
f,s,e,f,s,f,c,n,b,t,,k,k,p,w,p,w,o,e,w,v,p,1,1,0.9998466876011147
f,s,g,f,n,f,w,b,h,t,e,s,s,w,w,p,w,o,e,n,s,g,0,0,0.00011063969286409792
x,y,y,t,a,f,c,b,w,e,c,s,s,w,w,p,w,o,p,n,s,g,0,0,0.004213529082004889
x,y,e,t,n,f,c,b,u,t,b,s,s,w,g,p,w,o,p,k,v,d,0,0,0.0019774373439865865
x,f,g,f,c,f,c,n,g,e,b,s,s,w,w,p,w,o,p,k,s,d,1,1,0.9947184884237414
f,y,n,t,p,f,c,n,w,e,e,s,s,w,w,p,w,o,p,k,s,g,1,1,0.9874311578629977
f,f,g,t,n,f,c,b,u,t,b,s,s,g,g,p,w,o,p,k,v,d,0,0,0.0011324603251040037
f,y,n,f,y,f,c,n,b,t,,s,s,w,w,p,w,o,e,w,v,d,1,1,0.992017627033831
f,s,w,f,n,f,w,b,k,t,e,f,f,w,w,p,w,o,e,n,s,g,0,0,7.958240469938013e-05
f,f,g,t,n,f,c,b,u,t,b,s,s,w,g,p,w,o,p,n,y,d,0,0,0.00023621057343280085
x,s,b,t,f,f,c,b,h,t,b,s,s,w,w,p,w,o,p,h,s,g,1,1,0.9959560169004882
x,s,w,t,a,f,c,b,n,e,c,s,s,w,w,p,w,o,p,n,s,m,0,0,0.009947677470233987
k,y,n,f,s,f,c,n,b,t,,k,s,p,w,p,w,o,e,w,v,l,1,1,0.9996017417850523
b,s,g,f,n,f,w,b,w,e,,s,s,w,w,p,w,t,p,w,s,g,0,0,0.0030370354730236636
k,y,e,f,f,f,c,n,b,t,,k,s,w,w,p,w,o,e,w,v,l,1,1,0.9999607032792359
x,f,g,t,n,f,c,b,u,t,b,s,s,w,p,p,w,o,p,k,y,d,0,0,0.0004880811066768809
x,s,e,f,f,f,c,n,b,t,,k,k,p,w,p,w,o,e,w,v,d,1,1,0.9999798234058092
x,y,n,t,p,f,c,n,k,e,e,s,s,w,w,p,w,o,p,k,s,u,1,1,0.9775794703836994
b,s,w,t,a,f,c,b,n,e,c,s,s,w,w,p,w,o,p,n,n,m,0,0,0.00350106982152113
x,y,e,t,n,f,c,b,n,t,b,s,s,w,w,p,w,o,p,n,v,d,0,0,0.0016762751022376956
f,f,g,f,f,f,c,b,p,e,b,k,k,p,n,p,w,o,l,h,y,g,1,1,0.9983494934158418
f,y,e,t,n,f,c,b,n,t,b,s,s,g,g,p,w,o,p,n,y,d,0,0,0.00024563663199393573
k,y,e,f,s,f,c,n,b,t,,k,s,w,w,p,w,o,e,w,v,p,1,1,0.9992890971164291
x,f,g,t,n,f,c,b,w,t,b,s,s,p,g,p,w,o,p,n,y,d,0,0,0.00032845155300131965
b,s,n,f,n,a,c,b,n,e,,s,s,o,o,p,n,o,p,y,c,l,0,0,0.0047243992921368605
f,f,g,f,f,f,c,b,g,e,b,k,k,b,p,p,w,o,l,h,v,g,1,1,0.9998845317527224
f,s,e,f,s,f,c,n,b,t,,k,s,p,w,p,w,o,e,w,v,d,1,1,0.9996731058944671
k,s,n,f,s,f,c,n,b,t,,s,s,p,w,p,w,o,e,w,v,l,1,1,0.9971000240676493
x,y,g,f,f,f,c,b,g,e,b,k,k,p,p,p,w,o,l,h,y,p,1,1,0.9993218884955237
f,y,g,f,f,f,c,b,h,e,b,k,k,p,b,p,w,o,l,h,v,d,1,1,0.9998476713971226
k,y,e,f,s,f,c,n,b,t,,s,s,p,w,p,w,o,e,w,v,d,1,1,0.9948042103012614
f,f,g,t,n,f,c,b,n,t,b,s,s,w,w,p,w,o,p,n,v,d,0,0,0.0011523507078974
x,y,e,f,f,f,c,n,b,t,,s,s,p,w,p,w,o,e,w,v,l,1,1,0.9997976252405979
f,f,g,t,n,f,c,b,w,t,b,s,s,g,p,p,w,o,p,k,v,d,0,0,0.002255317882891372
x,y,y,f,f,f,c,b,p,e,b,k,k,n,b,p,w,o,l,h,y,p,1,1,0.9980653723425289
f,f,n,f,n,f,w,b,n,t,e,s,f,w,w,p,w,o,e,k,s,g,0,0,8.551982846342288e-06
x,y,e,t,n,f,c,b,e,e,,s,s,w,e,p,w,t,e,w,c,w,0,0,0.004026571510306383
k,s,w,f,n,f,w,b,p,e,,k,s,w,w,p,w,t,p,w,s,g,0,0,0.020780849366019687
k,s,e,f,s,f,c,n,b,t,,s,s,p,w,p,w,o,e,w,v,l,1,1,0.9980226928054047
x,f,y,f,f,f,c,b,h,e,b,k,k,b,p,p,w,o,l,h,y,p,1,1,0.9982298578704454
f,f,g,f,f,f,c,b,p,e,b,k,k,b,p,p,w,o,l,h,v,g,1,1,0.9998308502030617
x,y,n,t,n,f,c,b,w,t,b,s,s,w,w,p,w,o,p,k,v,d,0,0,0.00206541017018136
f,s,n,f,y,f,c,n,b,t,,s,s,p,p,p,w,o,e,w,v,p,1,1,0.9971636598979643
x,s,e,f,y,f,c,n,b,t,,k,k,p,p,p,w,o,e,w,v,p,1,1,0.9998678812090814
f,f,n,f,n,f,w,b,p,t,e,f,f,w,w,p,w,o,e,k,a,g,0,0,1.4534503410221417e-05
f,f,g,t,n,f,c,b,p,t,b,s,s,g,g,p,w,o,p,k,v,d,0,0,0.0010045915691947636
x,y,y,f,f,f,c,b,g,e,b,k,k,p,p,p,w,o,l,h,v,p,1,1,0.9997680776547923
x,y,g,t,n,f,c,b,u,t,b,s,s,g,g,p,w,o,p,n,y,d,0,0,0.00032440768846942017
f,f,g,f,n,f,w,b,n,t,e,f,f,w,w,p,w,o,e,k,a,g,0,0,2.0556621177398135e-05
k,s,n,f,y,f,c,n,b,t,,s,s,w,p,p,w,o,e,w,v,l,1,1,0.9967702377056219
f,y,n,t,p,f,c,n,n,e,e,s,s,w,w,p,w,o,p,k,v,g,1,1,0.98693121120747
f,f,g,t,n,f,c,b,n,t,b,s,s,g,g,p,w,o,p,k,v,d,0,0,0.0008542532935966999
x,s,e,f,s,f,c,n,b,t,,k,k,w,p,p,w,o,e,w,v,d,1,1,0.9997681947117224
f,f,y,f,f,f,c,b,p,e,b,k,k,b,p,p,w,o,l,h,y,p,1,1,0.9976142362499614
b,s,n,f,n,a,c,b,y,e,,s,s,o,o,p,n,o,p,y,v,l,0,0,0.007729225051905536
k,y,e,f,s,f,c,n,b,t,,s,s,w,w,p,w,o,e,w,v,d,1,1,0.9923764437661521
f,f,g,t,n,f,c,b,u,t,b,s,s,g,p,p,w,o,p,n,v,d,0,0,0.0016537678073151206
x,y,w,t,l,f,c,b,k,e,c,s,s,w,w,p,w,o,p,k,n,g,0,0,0.002329643317956212
f,f,n,t,n,f,c,b,n,t,b,s,s,p,g,p,w,o,p,k,y,d,0,0,0.00019981466929750688
f,y,c,f,n,f,w,n,w,e,b,f,s,w,n,p,w,o,e,w,v,l,0,0,0.11728636803285766
f,f,n,t,n,f,c,b,u,t,b,s,s,w,w,p,w,o,p,n,v,d,0,0,0.0009188002750965447
x,f,e,t,n,f,c,b,u,t,b,s,s,g,p,p,w,o,p,n,y,d,0,0,0.00028281164711609557
f,y,e,f,s,f,c,n,b,t,,s,s,w,p,p,w,o,e,w,v,p,1,1,0.9963696977588025
x,y,w,t,l,f,c,b,n,e,c,s,s,w,w,p,w,o,p,k,s,g,0,0,0.007688764974388031
x,f,w,f,n,f,w,b,h,t,e,f,s,w,w,p,w,o,e,k,a,g,0,0,0.00010479227006412934
x,y,g,t,n,f,c,b,w,t,b,s,s,p,p,p,w,o,p,k,v,d,0,0,0.006541135582396757
x,y,w,t,a,f,c,b,w,e,c,s,s,w,w,p,w,o,p,n,s,m,0,0,0.01125455819185652
f,f,g,f,f,f,c,b,h,e,b,k,k,n,p,p,w,o,l,h,v,p,1,1,0.9997144119115706
f,y,g,t,n,f,c,b,p,t,b,s,s,p,p,p,w,o,p,k,v,d,0,0,0.006138963097725266
f,y,g,f,f,f,c,b,g,e,b,k,k,p,b,p,w,o,l,h,y,g,1,1,0.9996923427014366
x,y,y,f,f,f,c,b,p,e,b,k,k,p,n,p,w,o,l,h,y,p,1,1,0.9968899632633669
f,f,g,f,f,f,c,b,p,e,b,k,k,p,b,p,w,o,l,h,v,g,1,1,0.9998137830108549
x,f,n,t,n,f,c,b,n,t,b,s,s,p,p,p,w,o,p,k,v,d,0,0,0.0014767163386576062
x,y,g,f,f,f,c,b,g,e,b,k,k,p,b,p,w,o,l,h,y,g,1,1,0.999649994949603
k,s,p,t,n,f,c,b,w,e,,s,s,e,w,p,w,t,e,w,c,w,0,0,0.019100807725409206
f,y,g,f,f,f,c,b,p,e,b,k,k,p,n,p,w,o,l,h,y,d,1,1,0.9979294075815827
x,f,y,f,f,f,c,b,g,e,b,k,k,p,b,p,w,o,l,h,y,d,1,1,0.9976035510391701
k,f,w,f,n,f,w,b,w,e,,s,k,w,w,p,w,t,p,w,n,g,0,0,0.0006037344007904276
x,s,n,f,y,f,c,n,b,t,,s,k,w,p,p,w,o,e,w,v,p,1,1,0.9973845952577051
k,y,e,f,s,f,c,n,b,t,,s,s,p,p,p,w,o,e,w,v,d,1,1,0.9959990472139196
b,s,w,t,a,f,c,b,n,e,c,s,s,w,w,p,w,o,p,k,s,g,0,0,0.012563626921624577
x,s,w,f,n,f,w,b,k,t,e,f,f,w,w,p,w,o,e,k,a,g,0,0,6.361937745060621e-05
x,y,n,t,n,f,c,b,u,t,b,s,s,w,p,p,w,o,p,n,y,d,0,0,0.00043399314374678556
f,f,y,f,n,f,c,n,w,e,,k,y,w,y,p,w,o,e,w,v,d,1,1,0.9751160179394245
k,y,n,f,s,f,c,n,b,t,,s,k,p,p,p,w,o,e,w,v,d,1,1,0.9967617565376986
x,f,g,t,n,f,c,b,w,t,b,s,s,p,w,p,w,o,p,k,v,d,0,0,0.002691589943397424
f,s,n,f,f,f,c,n,b,t,,s,s,p,p,p,w,o,e,w,v,l,1,1,0.9998404801388804
f,s,n,f,n,f,w,b,k,t,e,s,f,w,w,p,w,o,e,k,a,g,0,0,1.5545385157132087e-05
x,y,w,t,l,f,c,b,n,e,c,s,s,w,w,p,w,o,p,k,n,g,0,0,0.002170944192751245
k,y,e,f,s,f,c,n,b,t,,k,s,w,p,p,w,o,e,w,v,l,1,1,0.999693069357578
f,y,g,f,f,f,c,b,g,e,b,k,k,p,b,p,w,o,l,h,v,g,1,1,0.9999322476861564
k,y,e,f,y,f,c,n,b,t,,k,k,p,w,p,w,o,e,w,v,p,1,1,0.9997376435672312
f,s,w,t,f,f,c,b,h,t,b,s,f,w,w,p,w,o,p,h,v,u,1,1,0.9883669281370697
f,s,n,t,p,f,c,n,n,e,e,s,s,w,w,p,w,o,p,n,s,g,1,1,0.9820352739124737
f,y,g,t,n,f,c,b,w,t,b,s,s,w,g,p,w,o,p,n,v,d,0,0,0.002161196972079799
x,f,w,f,n,f,w,b,n,t,e,s,f,w,w,p,w,o,e,k,a,g,0,0,1.2449120769557397e-05
k,y,e,f,f,f,c,n,b,t,,s,k,w,w,p,w,o,e,w,v,d,1,1,0.9995835313565891
b,f,w,f,n,f,w,b,w,e,,s,k,w,w,p,w,t,p,w,n,g,0,0,0.0009118336533172745
k,y,n,f,y,f,c,n,b,t,,k,k,p,w,p,w,o,e,w,v,d,1,1,0.9995475943795809
f,f,g,t,n,f,c,b,n,t,b,s,s,p,g,p,w,o,p,n,v,d,0,0,0.001188892336976746
f,y,n,f,s,f,c,n,b,t,,k,s,p,w,p,w,o,e,w,v,l,1,1,0.9997114242345854
k,y,e,f,y,f,c,n,b,t,,k,k,p,p,p,w,o,e,w,v,p,1,1,0.9997982058468129
k,y,c,f,n,f,w,n,w,e,b,s,s,w,n,p,w,o,e,w,v,l,0,0,0.04558389383607526
k,y,e,f,y,f,c,n,b,t,,s,k,w,p,p,w,o,e,w,v,d,1,1,0.9968045246454063
x,s,n,t,p,f,c,n,p,e,e,s,s,w,w,p,w,o,p,k,v,g,1,1,0.9899292301877025
k,s,e,f,s,f,c,n,b,t,,k,s,p,p,p,w,o,e,w,v,d,1,1,0.9996529904384098
x,f,n,f,n,f,w,b,n,t,e,f,f,w,w,p,w,o,e,n,a,g,0,0,8.562181441505524e-06
f,y,g,f,f,f,c,b,p,e,b,k,k,b,p,p,w,o,l,h,y,g,1,1,0.999590645064791
f,s,e,f,y,f,c,n,b,t,,k,k,w,w,p,w,o,e,w,v,p,1,1,0.9997779367492878
x,y,e,f,s,f,c,n,b,t,,s,s,w,w,p,w,o,e,w,v,p,1,1,0.9946392838335277
f,y,e,t,n,f,c,b,p,t,b,s,s,p,g,p,w,o,p,k,y,d,0,0,0.0006470496551298175
f,s,n,f,n,f,w,b,h,t,e,f,s,w,w,p,w,o,e,k,a,g,0,0,0.00012192032425008757
f,f,g,f,n,f,w,b,p,t,e,f,s,w,w,p,w,o,e,n,s,g,0,0,6.152611553552806e-05
x,f,g,f,f,f,c,b,g,e,b,k,k,n,n,p,w,o,l,h,v,d,1,1,0.9991923716458887
k,y,e,f,f,f,c,n,b,t,,s,s,w,w,p,w,o,e,w,v,d,1,1,0.9992443108102276
f,f,g,t,n,f,c,b,n,t,b,s,s,w,p,p,w,o,p,k,y,d,0,0,0.00041878422493012087
f,y,e,t,n,f,c,b,n,t,b,s,s,p,p,p,w,o,p,n,y,d,0,0,0.0008036733651897569
b,s,w,t,l,f,c,b,g,e,c,s,s,w,w,p,w,o,p,k,s,m,0,0,0.025450460288660295
x,f,g,f,f,f,c,b,h,e,b,k,k,n,b,p,w,o,l,h,y,p,1,1,0.9984756571128365
x,y,y,f,f,f,c,b,g,e,b,k,k,b,p,p,w,o,l,h,y,d,1,1,0.9988384555904337
x,f,g,f,f,f,c,b,h,e,b,k,k,n,p,p,w,o,l,h,v,p,1,1,0.9996751009077686
f,y,g,t,n,f,c,b,w,t,b,s,s,p,g,p,w,o,p,n,v,d,0,0,0.003175556560233527
b,s,y,t,l,f,c,b,k,e,c,s,s,w,w,p,w,o,p,k,n,g,0,0,0.0016950558192476426
x,y,y,t,a,f,c,b,k,e,c,s,s,w,w,p,w,o,p,n,n,m,0,0,0.0011140907988997548
f,y,e,f,f,f,c,n,b,t,,k,s,p,w,p,w,o,e,w,v,p,1,1,0.9999655035217621
x,f,g,f,f,f,c,b,g,e,b,k,k,p,b,p,w,o,l,h,y,g,1,1,0.9993434685709929
x,y,y,t,l,f,c,b,n,e,c,s,s,w,w,p,w,o,p,k,n,m,0,0,0.0012571864604247719
b,s,w,t,l,f,c,b,k,e,c,s,s,w,w,p,w,o,p,n,n,m,0,0,0.0035875622438676816
f,s,n,f,s,f,c,n,b,t,,k,k,w,w,p,w,o,e,w,v,l,1,1,0.9998142553873275
x,y,n,t,n,f,c,b,n,t,b,s,s,g,p,p,w,o,p,k,y,d,0,0,0.0003458038075877543
x,s,g,f,n,f,w,b,n,t,e,f,s,w,w,p,w,o,e,k,a,g,0,0,9.878752829427865e-05
x,f,n,t,n,f,c,b,n,t,b,s,s,p,g,p,w,o,p,k,y,d,0,0,0.0001756355339074801
x,y,n,t,a,f,c,b,n,e,r,s,y,w,w,p,w,o,p,k,y,g,0,0,0.003797793860004903
x,f,y,t,l,f,w,n,w,t,b,s,s,w,w,p,w,o,p,u,v,d,0,0,0.02025080236641323
x,f,y,f,f,f,c,b,p,e,b,k,k,b,p,p,w,o,l,h,y,p,1,1,0.9972866221402288
x,f,n,t,n,f,c,b,u,t,b,s,s,p,p,p,w,o,p,n,v,d,0,0,0.001543478766931226
f,f,e,t,n,f,c,b,n,t,b,s,s,p,p,p,w,o,p,k,y,d,0,0,0.0005435041965774961
x,f,y,f,f,f,c,b,p,e,b,k,k,b,n,p,w,o,l,h,y,p,1,1,0.9945310484847159
x,f,g,f,n,f,w,b,p,e,,s,s,w,w,p,w,t,p,w,n,g,0,0,0.00023969171579347678
k,s,p,t,n,f,c,b,e,e,,s,s,e,w,p,w,t,e,w,c,w,0,0,0.012053894425578311
b,y,y,t,a,f,c,b,n,e,c,s,s,w,w,p,w,o,p,n,n,m,0,0,0.0012924380572912084
k,f,g,f,n,f,w,b,p,e,,s,k,w,w,p,w,t,p,w,s,g,0,0,0.0012758514353437562
k,f,w,f,n,f,w,b,w,e,,s,s,w,w,p,w,t,p,w,s,g,0,0,0.0011838634292858947
x,s,n,f,f,f,c,n,b,t,,k,k,w,p,p,w,o,e,w,v,d,1,1,0.9999664940626753
f,f,y,f,f,f,c,b,p,e,b,k,k,n,p,p,w,o,l,h,v,g,1,1,0.99966057276823
f,s,p,t,n,f,c,b,w,e,,s,s,w,w,p,w,t,e,w,c,w,0,0,0.03938787324899511
x,s,w,t,p,f,c,n,w,e,e,s,s,w,w,p,w,o,p,k,s,g,1,1,0.9950457605257377
b,s,w,t,a,f,c,b,w,e,c,s,s,w,w,p,w,o,p,k,n,g,0,0,0.00507002233547828
x,y,y,t,l,f,c,b,p,e,r,s,y,w,w,p,w,o,p,n,y,g,0,0,0.003602583144454596
x,f,g,f,f,f,c,b,h,e,b,k,k,n,p,p,w,o,l,h,y,p,1,1,0.9985260040106093
b,f,g,f,n,f,w,b,w,e,,s,s,w,w,p,w,t,p,w,s,g,0,0,0.00128780347142707
f,s,w,f,n,f,w,b,k,t,e,f,f,w,w,p,w,o,e,k,a,g,0,0,7.237875304805325e-05
f,s,n,f,s,f,c,n,b,t,,s,s,p,w,p,w,o,e,w,v,p,1,1,0.9962587958155263
f,s,e,f,s,f,c,n,b,t,,k,k,w,p,p,w,o,e,w,v,d,1,1,0.9997962441729122
f,y,n,t,l,f,c,b,n,e,r,s,y,w,w,p,w,o,p,n,s,p,0,0,0.005366318710154126
x,y,e,f,f,f,c,n,b,t,,k,s,w,w,p,w,o,e,w,v,p,1,1,0.9999422758735297
f,y,w,t,p,f,c,n,p,e,e,s,s,w,w,p,w,o,p,k,s,u,1,1,0.9920999005339959
x,f,y,f,f,f,c,b,g,e,b,k,k,b,b,p,w,o,l,h,v,d,1,1,0.9995034074400038
f,y,n,f,s,f,c,n,b,t,,k,s,p,w,p,w,o,e,w,v,d,1,1,0.9993959737473201
x,f,g,f,f,f,c,b,g,e,b,k,k,b,b,p,w,o,l,h,y,d,1,1,0.9985487655046523
f,f,y,f,f,f,c,b,g,e,b,k,k,b,p,p,w,o,l,h,y,d,1,1,0.9980857558182761
f,s,w,t,f,f,c,b,w,t,b,s,f,w,w,p,w,o,p,h,v,u,1,1,0.9853273001835217
f,f,g,f,n,f,w,b,p,t,e,s,s,w,w,p,w,o,e,k,s,g,0,0,3.872510049463012e-05
x,s,e,f,y,f,c,n,b,t,,k,s,p,p,p,w,o,e,w,v,d,1,1,0.999718288339224
